{
  "stat": {
    "blockchaincache_size": {
      "max": 6184488.0, 
      "mean": 5929608.0, 
      "variance": 39416170488.0, 
      "pvalue": 9.120491305320949e-07, 
      "min": 5753448.0
    }, 
    "kvdb_bytes_read": {
      "max": 1258831.06, 
      "mean": 529422.6981723078, 
      "variance": 236572474224.8196, 
      "pvalue": 0.12233740303256846, 
      "min": 0.0
    }, 
    "sync_blocks_highest": {
      "max": 8.999999999999968, 
      "mean": 1.7307692307692308, 
      "variance": 35.94674556213018, 
      "pvalue": 0.002843162579130144, 
      "min": 0.0
    }, 
    "import_blocks": {
      "max": 0.0, 
      "mean": 0.0, 
      "variance": 0.0, 
      "pvalue": 0.0005114509415879541, 
      "min": 0.0
    }, 
    "peer_stats": {
      "max": 3.0, 
      "mean": 1.3125, 
      "variance": 1.33984375, 
      "pvalue": 2.2412244923836786e-12, 
      "min": 0.0
    }, 
    "sync_blocks_recieved": {
      "max": 380.69999999999874, 
      "mean": 72.34615384615384, 
      "variance": 59629.899408284036, 
      "pvalue": 0.02430132309373273, 
      "min": 0.0
    }, 
    "kvdb_bytes_write": {
      "max": 0.0, 
      "mean": 0.0, 
      "variance": 0.0, 
      "pvalue": 7.814086195451186e-05, 
      "min": 0.0
    }
  }, 
  "blockchaincache_size": {
    "metric": {
      "__name__": "blockchaincache_size", 
      "job": "openethereum", 
      "instance": "172.17.0.1:3033"
    }, 
    "values": [
      [
        1633994978, 
        "6184488"
      ], 
      [
        1633994993, 
        "6184488"
      ], 
      [
        1633995008, 
        "6184488"
      ], 
      [
        1633995023, 
        "6184488"
      ], 
      [
        1633995038, 
        "6184488"
      ], 
      [
        1633995053, 
        "6184488"
      ], 
      [
        1633995083, 
        "5753448"
      ], 
      [
        1633995098, 
        "5753448"
      ], 
      [
        1633995113, 
        "5753448"
      ], 
      [
        1633995128, 
        "5753448"
      ], 
      [
        1633995143, 
        "5759648"
      ], 
      [
        1633995158, 
        "5759648"
      ], 
      [
        1633995188, 
        "5804000"
      ], 
      [
        1633995203, 
        "5804000"
      ], 
      [
        1633995218, 
        "5804000"
      ], 
      [
        1633995233, 
        "5821712"
      ]
    ]
  }, 
  "kvdb_bytes_read": {
    "metric": {
      "instance": "172.17.0.1:3033", 
      "job": "openethereum"
    }, 
    "values": [
      [
        1633994993, 
        "5708.063999999999"
      ], 
      [
        1633995008, 
        "0"
      ], 
      [
        1633995023, 
        "0"
      ], 
      [
        1633995038, 
        "0"
      ], 
      [
        1633995053, 
        "562848"
      ], 
      [
        1633995083, 
        "758666.5"
      ], 
      [
        1633995098, 
        "1258568.7"
      ], 
      [
        1633995128, 
        "1259224.6"
      ], 
      [
        1633995158, 
        "1250927.9"
      ], 
      [
        1633995188, 
        "583777.7"
      ], 
      [
        1633995203, 
        "0"
      ], 
      [
        1633995218, 
        "482653.9"
      ], 
      [
        1633995233, 
        "720119.7122399999"
      ]
    ]
  }, 
  "sync_blocks_highest": {
    "metric": {
      "instance": "172.17.0.1:3033", 
      "job": "openethereum"
    }, 
    "values": [
      [
        1633994993, 
        "0"
      ], 
      [
        1633995008, 
        "0"
      ], 
      [
        1633995023, 
        "0"
      ], 
      [
        1633995038, 
        "0"
      ], 
      [
        1633995053, 
        "22.5"
      ], 
      [
        1633995083, 
        "0"
      ], 
      [
        1633995098, 
        "0"
      ], 
      [
        1633995128, 
        "0"
      ], 
      [
        1633995158, 
        "0"
      ], 
      [
        1633995188, 
        "0"
      ], 
      [
        1633995203, 
        "0"
      ], 
      [
        1633995218, 
        "0"
      ], 
      [
        1633995233, 
        "0"
      ]
    ]
  }, 
  "import_blocks": {
    "metric": {
      "instance": "172.17.0.1:3033", 
      "job": "openethereum"
    }, 
    "values": [
      [
        1633994993, 
        "0"
      ], 
      [
        1633995008, 
        "0"
      ], 
      [
        1633995023, 
        "0"
      ], 
      [
        1633995038, 
        "0"
      ], 
      [
        1633995053, 
        "0"
      ], 
      [
        1633995083, 
        "0"
      ], 
      [
        1633995098, 
        "0"
      ], 
      [
        1633995128, 
        "0"
      ], 
      [
        1633995158, 
        "0"
      ], 
      [
        1633995188, 
        "0"
      ], 
      [
        1633995203, 
        "0"
      ], 
      [
        1633995218, 
        "0"
      ], 
      [
        1633995233, 
        "0"
      ]
    ]
  }, 
  "peer_stats": {
    "metric": {
      "__name__": "net_peers", 
      "job": "openethereum", 
      "instance": "172.17.0.1:3033"
    }, 
    "values": [
      [
        1633994978, 
        "2"
      ], 
      [
        1633994993, 
        "0"
      ], 
      [
        1633995008, 
        "0"
      ], 
      [
        1633995023, 
        "0"
      ], 
      [
        1633995038, 
        "0"
      ], 
      [
        1633995053, 
        "3"
      ], 
      [
        1633995083, 
        "3"
      ], 
      [
        1633995098, 
        "3"
      ], 
      [
        1633995113, 
        "2"
      ], 
      [
        1633995128, 
        "2"
      ], 
      [
        1633995143, 
        "2"
      ], 
      [
        1633995158, 
        "1"
      ], 
      [
        1633995188, 
        "0"
      ], 
      [
        1633995203, 
        "0"
      ], 
      [
        1633995218, 
        "1"
      ], 
      [
        1633995233, 
        "2"
      ]
    ]
  }, 
  "sync_blocks_recieved": {
    "metric": {
      "instance": "172.17.0.1:3033", 
      "job": "openethereum"
    }, 
    "values": [
      [
        1633994993, 
        "0"
      ], 
      [
        1633995008, 
        "0"
      ], 
      [
        1633995023, 
        "0"
      ], 
      [
        1633995038, 
        "0"
      ], 
      [
        1633995053, 
        "22.5"
      ], 
      [
        1633995083, 
        "0"
      ], 
      [
        1633995098, 
        "0"
      ], 
      [
        1633995128, 
        "0"
      ], 
      [
        1633995158, 
        "0"
      ], 
      [
        1633995188, 
        "0"
      ], 
      [
        1633995203, 
        "0"
      ], 
      [
        1633995218, 
        "918"
      ], 
      [
        1633995233, 
        "0"
      ]
    ]
  }, 
  "kvdb_bytes_write": {
    "metric": {
      "instance": "172.17.0.1:3033", 
      "job": "openethereum"
    }, 
    "values": [
      [
        1633994993, 
        "0"
      ], 
      [
        1633995008, 
        "0"
      ], 
      [
        1633995023, 
        "0"
      ], 
      [
        1633995038, 
        "0"
      ], 
      [
        1633995053, 
        "0"
      ], 
      [
        1633995083, 
        "0"
      ], 
      [
        1633995098, 
        "0"
      ], 
      [
        1633995128, 
        "0"
      ], 
      [
        1633995158, 
        "0"
      ], 
      [
        1633995188, 
        "0"
      ], 
      [
        1633995203, 
        "0"
      ], 
      [
        1633995218, 
        "0"
      ], 
      [
        1633995233, 
        "0"
      ]
    ]
  }
}