{
  "stat": {
    "blockchaincache_size": {
      "max": 6184488.0, 
      "mean": 6067215.05882353, 
      "variance": 5968655005.231834, 
      "pvalue": 7.532921501588367e-08, 
      "min": 6005760.0
    }, 
    "kvdb_bytes_read": {
      "max": 1168348.035, 
      "mean": 659448.8198304762, 
      "variance": 166877035379.97314, 
      "pvalue": 0.0004712792276089809, 
      "min": 0.0
    }, 
    "sync_blocks_highest": {
      "max": 1.5749999999999984, 
      "mean": 0.32142857142857145, 
      "variance": 1.3431122448979596, 
      "pvalue": 0.0015912299791182838, 
      "min": 0.0
    }, 
    "import_blocks": {
      "max": 9.224999999999994, 
      "mean": 1.6071428571428572, 
      "variance": 22.006377551020403, 
      "pvalue": 0.025719290104262365, 
      "min": 0.0
    }, 
    "peer_stats": {
      "max": 3.0, 
      "mean": 1.0588235294117647, 
      "variance": 1.1141868512110726, 
      "pvalue": 4.983956467050869e-13, 
      "min": 0.0
    }, 
    "sync_blocks_recieved": {
      "max": 1.5749999999999984, 
      "mean": 0.32142857142857145, 
      "variance": 1.3431122448979596, 
      "pvalue": 0.0016195646676813115, 
      "min": 0.0
    }, 
    "kvdb_bytes_write": {
      "max": 1307038.6149999993, 
      "mean": 230804.13571428572, 
      "variance": 470778841766.4538, 
      "pvalue": 0.0036696011884957734, 
      "min": 0.0
    }
  }, 
  "blockchaincache_size": {
    "metric": {
      "__name__": "blockchaincache_size", 
      "job": "openethereum", 
      "instance": "172.17.0.1:3033"
    }, 
    "values": [
      [
        1633994633, 
        "6005760"
      ], 
      [
        1633994648, 
        "6005760"
      ], 
      [
        1633994663, 
        "6005760"
      ], 
      [
        1633994693, 
        "6005760"
      ], 
      [
        1633994708, 
        "6005760"
      ], 
      [
        1633994723, 
        "6005760"
      ], 
      [
        1633994738, 
        "6005760"
      ], 
      [
        1633994753, 
        "6005760"
      ], 
      [
        1633994768, 
        "6030264"
      ], 
      [
        1633994783, 
        "6046624"
      ], 
      [
        1633994798, 
        "6046624"
      ], 
      [
        1633994813, 
        "6050624"
      ], 
      [
        1633994843, 
        "6184488"
      ], 
      [
        1633994873, 
        "6184488"
      ], 
      [
        1633994888, 
        "6184488"
      ], 
      [
        1633994903, 
        "6184488"
      ], 
      [
        1633994933, 
        "6184488"
      ]
    ]
  }, 
  "kvdb_bytes_read": {
    "metric": {
      "instance": "172.17.0.1:3033", 
      "job": "openethereum"
    }, 
    "values": [
      [
        1633994633, 
        "770867.6152"
      ], 
      [
        1633994648, 
        "1167606.7"
      ], 
      [
        1633994663, 
        "1169724.8"
      ], 
      [
        1633994678, 
        "846714.1575733334"
      ], 
      [
        1633994693, 
        "857556"
      ], 
      [
        1633994708, 
        "0"
      ], 
      [
        1633994723, 
        "0"
      ], 
      [
        1633994738, 
        "0"
      ], 
      [
        1633994753, 
        "517327.7"
      ], 
      [
        1633994768, 
        "338608.4"
      ], 
      [
        1633994798, 
        "734346.6"
      ], 
      [
        1633994813, 
        "886342.8"
      ], 
      [
        1633994843, 
        "1131638.3"
      ], 
      [
        1633994858, 
        "811550.4048533334"
      ]
    ]
  }, 
  "sync_blocks_highest": {
    "metric": {
      "instance": "172.17.0.1:3033", 
      "job": "openethereum"
    }, 
    "values": [
      [
        1633994633, 
        "0"
      ], 
      [
        1633994648, 
        "0"
      ], 
      [
        1633994663, 
        "0"
      ], 
      [
        1633994678, 
        "0"
      ], 
      [
        1633994693, 
        "0"
      ], 
      [
        1633994708, 
        "0"
      ], 
      [
        1633994723, 
        "0"
      ], 
      [
        1633994738, 
        "0"
      ], 
      [
        1633994753, 
        "0"
      ], 
      [
        1633994768, 
        "0"
      ], 
      [
        1633994798, 
        "0"
      ], 
      [
        1633994813, 
        "4.5"
      ], 
      [
        1633994843, 
        "0"
      ], 
      [
        1633994858, 
        "0"
      ]
    ]
  }, 
  "import_blocks": {
    "metric": {
      "instance": "172.17.0.1:3033", 
      "job": "openethereum"
    }, 
    "values": [
      [
        1633994633, 
        "0"
      ], 
      [
        1633994648, 
        "0"
      ], 
      [
        1633994663, 
        "0"
      ], 
      [
        1633994678, 
        "0"
      ], 
      [
        1633994693, 
        "0"
      ], 
      [
        1633994708, 
        "0"
      ], 
      [
        1633994723, 
        "0"
      ], 
      [
        1633994738, 
        "0"
      ], 
      [
        1633994753, 
        "0"
      ], 
      [
        1633994768, 
        "18"
      ], 
      [
        1633994798, 
        "0"
      ], 
      [
        1633994813, 
        "4.5"
      ], 
      [
        1633994843, 
        "0"
      ], 
      [
        1633994858, 
        "0"
      ]
    ]
  }, 
  "peer_stats": {
    "metric": {
      "__name__": "net_peers", 
      "job": "openethereum", 
      "instance": "172.17.0.1:3033"
    }, 
    "values": [
      [
        1633994633, 
        "1"
      ], 
      [
        1633994648, 
        "1"
      ], 
      [
        1633994663, 
        "1"
      ], 
      [
        1633994693, 
        "0"
      ], 
      [
        1633994708, 
        "0"
      ], 
      [
        1633994723, 
        "0"
      ], 
      [
        1633994738, 
        "0"
      ], 
      [
        1633994753, 
        "0"
      ], 
      [
        1633994768, 
        "1"
      ], 
      [
        1633994783, 
        "0"
      ], 
      [
        1633994798, 
        "0"
      ], 
      [
        1633994813, 
        "3"
      ], 
      [
        1633994843, 
        "3"
      ], 
      [
        1633994873, 
        "2"
      ], 
      [
        1633994888, 
        "2"
      ], 
      [
        1633994903, 
        "2"
      ], 
      [
        1633994933, 
        "2"
      ]
    ]
  }, 
  "sync_blocks_recieved": {
    "metric": {
      "instance": "172.17.0.1:3033", 
      "job": "openethereum"
    }, 
    "values": [
      [
        1633994633, 
        "0"
      ], 
      [
        1633994648, 
        "0"
      ], 
      [
        1633994663, 
        "0"
      ], 
      [
        1633994678, 
        "0"
      ], 
      [
        1633994693, 
        "0"
      ], 
      [
        1633994708, 
        "0"
      ], 
      [
        1633994723, 
        "0"
      ], 
      [
        1633994738, 
        "0"
      ], 
      [
        1633994753, 
        "0"
      ], 
      [
        1633994768, 
        "0"
      ], 
      [
        1633994798, 
        "0"
      ], 
      [
        1633994813, 
        "4.5"
      ], 
      [
        1633994843, 
        "0"
      ], 
      [
        1633994858, 
        "0"
      ]
    ]
  }, 
  "kvdb_bytes_write": {
    "metric": {
      "instance": "172.17.0.1:3033", 
      "job": "openethereum"
    }, 
    "values": [
      [
        1633994633, 
        "0"
      ], 
      [
        1633994648, 
        "0"
      ], 
      [
        1633994663, 
        "0"
      ], 
      [
        1633994678, 
        "0"
      ], 
      [
        1633994693, 
        "0"
      ], 
      [
        1633994708, 
        "0"
      ], 
      [
        1633994723, 
        "0"
      ], 
      [
        1633994738, 
        "0"
      ], 
      [
        1633994753, 
        "0"
      ], 
      [
        1633994768, 
        "2644263.4"
      ], 
      [
        1633994798, 
        "0"
      ], 
      [
        1633994813, 
        "586994.5"
      ], 
      [
        1633994843, 
        "0"
      ], 
      [
        1633994858, 
        "0"
      ]
    ]
  }
}