{
  "known_broadcasts": {
    "values": [
      [
        1633919430, 
        0.9505967197319869
      ], 
      [
        1633919445, 
        1.1404762095509342
      ], 
      [
        1633919460, 
        0.9688372756027455
      ], 
      [
        1633919475, 
        0.9532067633146133
      ], 
      [
        1633919490, 
        0.9491779378778867
      ], 
      [
        1633919505, 
        0.9356927344622717
      ], 
      [
        1633919520, 
        1.4048186540921077
      ], 
      [
        1633919535, 
        1.1577325780422334
      ], 
      [
        1633919550, 
        1.2805348043049052
      ], 
      [
        1633919565, 
        1.2866196507456065
      ], 
      [
        1633919580, 
        1.2532160796384924
      ], 
      [
        1633919595, 
        1.008796271436389
      ], 
      [
        1633919610, 
        0.80314451391047
      ], 
      [
        1633919625, 
        0.8222584721836319
      ], 
      [
        1633919640, 
        0.6653595665280869
      ], 
      [
        1633919655, 
        0.6356571175452987
      ], 
      [
        1633919670, 
        0.5845553759300537
      ], 
      [
        1633919685, 
        0.5217087638128931
      ], 
      [
        1633919700, 
        0.7437251546826305
      ], 
      [
        1633919715, 
        0.7352282638501224
      ], 
      [
        1633919730, 
        0.6370698269199251
      ]
    ], 
    "name": "geth.eth/fetcher/block/broadcasts/drop.meter", 
    "columns": [
      "time", 
      "mean"
    ]
  }, 
  "memory_used": {
    "values": [
      [
        1633919430, 
        2294521392
      ], 
      [
        1633919445, 
        1882214680
      ], 
      [
        1633919460, 
        2069534056
      ], 
      [
        1633919475, 
        1643376744
      ], 
      [
        1633919490, 
        2079666132
      ], 
      [
        1633919505, 
        1758993752
      ], 
      [
        1633919520, 
        1948515728
      ], 
      [
        1633919535, 
        1977554248
      ], 
      [
        1633919550, 
        1789988472
      ], 
      [
        1633919565, 
        2077903232
      ], 
      [
        1633919580, 
        1824379176
      ], 
      [
        1633919595, 
        2107515632
      ], 
      [
        1633919610, 
        1833639196
      ], 
      [
        1633919625, 
        2122323488
      ], 
      [
        1633919640, 
        1856535208
      ], 
      [
        1633919655, 
        2173339728
      ], 
      [
        1633919670, 
        1870529832
      ], 
      [
        1633919685, 
        2187128864
      ], 
      [
        1633919700, 
        1913066964
      ], 
      [
        1633919715, 
        2217630160
      ], 
      [
        1633919730, 
        1794354432
      ]
    ], 
    "name": "geth.system/memory/used.gauge", 
    "columns": [
      "time", 
      "mean"
    ]
  }, 
  "stat": {
    "known_broadcasts": {
      "max": 1.2866196507456065, 
      "mean": 0.9256387016268229, 
      "variance": 0.06255550946906403, 
      "pvalue": 1.9858769405613754e-06, 
      "min": 0.5845553759300537
    }, 
    "memory_used": {
      "max": 2217630160.0, 
      "mean": 1972510053.142857, 
      "variance": 2.9484797391518136e+16, 
      "pvalue": 6.182061386199058e-05, 
      "min": 1758993752.0
    }, 
    "disk_write": {
      "max": 109069.33206519591, 
      "mean": 29580.04721562962, 
      "variance": 1361366492.63033, 
      "pvalue": 0.1393206949579382, 
      "min": 1389.9322893768642
    }, 
    "disk_read": {
      "max": 48628685.14864598, 
      "mean": 34061520.35077088, 
      "variance": 100054391080678.36, 
      "pvalue": 2.8320199211582447e-09, 
      "min": 22919929.580721743
    }, 
    "traffic_egress": {
      "max": 117290.49618422678, 
      "mean": 80136.75321703384, 
      "variance": 314521112.64150125, 
      "pvalue": 1.0982524410074808e-14, 
      "min": 64341.67981665763
    }, 
    "peer_stats": {
      "max": 52.0, 
      "mean": 50.523809523809526, 
      "variance": 0.6065759637188206, 
      "pvalue": 0.30671619650676674, 
      "min": 50.0
    }, 
    "traffic_ingress": {
      "max": 175780.1527964192, 
      "mean": 137276.0975926217, 
      "variance": 452413027.96175295, 
      "pvalue": 4.834290125027754e-10, 
      "min": 115532.7115368573
    }, 
    "known_announcements": {
      "max": 2.7901850513962447, 
      "mean": 2.06704474539759, 
      "variance": 0.2699931440518611, 
      "pvalue": 0.49713609290341043, 
      "min": 1.3540800795004624
    }
  }, 
  "disk_write": {
    "values": [
      [
        1633919430, 
        128850.19115952007
      ], 
      [
        1633919445, 
        109069.33206519591
      ], 
      [
        1633919460, 
        85270.99361258514
      ], 
      [
        1633919475, 
        66191.06773587756
      ], 
      [
        1633919490, 
        51745.85841064832
      ], 
      [
        1633919505, 
        40189.59278353638
      ], 
      [
        1633919520, 
        31467.402836214394
      ], 
      [
        1633919535, 
        24433.48996023462
      ], 
      [
        1633919550, 
        19135.041146547326
      ], 
      [
        1633919565, 
        14868.652220071392
      ], 
      [
        1633919580, 
        11648.37222762185
      ], 
      [
        1633919595, 
        9046.188444429676
      ], 
      [
        1633919610, 
        7069.655229955518
      ], 
      [
        1633919625, 
        5499.855387734301
      ], 
      [
        1633919640, 
        4313.684865026311
      ], 
      [
        1633919655, 
        3347.869873905984
      ], 
      [
        1633919670, 
        2634.011985956303
      ], 
      [
        1633919685, 
        2050.257598323215
      ], 
      [
        1633919700, 
        1699.2560268584643
      ], 
      [
        1633919715, 
        1389.9322893768642
      ], 
      [
        1633919730, 
        1260.28566860242
      ]
    ], 
    "name": "geth.eth/db/chaindata/disk/write.meter", 
    "columns": [
      "time", 
      "mean"
    ]
  }, 
  "disk_read": {
    "values": [
      [
        1633919430, 
        50288075.52597299
      ], 
      [
        1633919445, 
        45330330.01913911
      ], 
      [
        1633919460, 
        43806438.81142007
      ], 
      [
        1633919475, 
        43145534.81481833
      ], 
      [
        1633919490, 
        48628685.14864598
      ], 
      [
        1633919505, 
        48021442.1298578
      ], 
      [
        1633919520, 
        45945215.52934812
      ], 
      [
        1633919535, 
        40798129.365340896
      ], 
      [
        1633919550, 
        37617402.956974074
      ], 
      [
        1633919565, 
        33613937.15705464
      ], 
      [
        1633919580, 
        31165937.484791063
      ], 
      [
        1633919595, 
        28800838.06788905
      ], 
      [
        1633919610, 
        27585693.007532477
      ], 
      [
        1633919625, 
        25812249.935297333
      ], 
      [
        1633919640, 
        25177903.233041152
      ], 
      [
        1633919655, 
        23963738.82527663
      ], 
      [
        1633919670, 
        23927811.359077893
      ], 
      [
        1633919685, 
        23094729.72080324
      ], 
      [
        1633919700, 
        23176478.657468744
      ], 
      [
        1633919715, 
        22471426.03571713
      ], 
      [
        1633919730, 
        22919929.580721743
      ]
    ], 
    "name": "geth.eth/db/chaindata/disk/read.meter", 
    "columns": [
      "time", 
      "mean"
    ]
  },