{
  "known_broadcasts": {
    "values": [
      [
        1634254575, 
        0.4861376057473845
      ], 
      [
        1634254590, 
        0.5374926273084663
      ], 
      [
        1634254605, 
        0.5814618463272525
      ], 
      [
        1634254620, 
        0.7331667348488783
      ], 
      [
        1634254635, 
        0.7015094260652712
      ], 
      [
        1634254650, 
        0.9035227517616822
      ], 
      [
        1634254665, 
        1.0945551358337071
      ], 
      [
        1634254680, 
        0.9289555986933118
      ], 
      [
        1634254695, 
        0.9041290953464283
      ], 
      [
        1634254710, 
        0.9545855465215372
      ], 
      [
        1634254725, 
        0.9039157954974747
      ], 
      [
        1634254740, 
        0.8816781964993963
      ], 
      [
        1634254755, 
        0.8532162882855969
      ], 
      [
        1634254770, 
        0.678176046399011
      ], 
      [
        1634254785, 
        0.8725059530870236
      ], 
      [
        1634254800, 
        0.819184493141308
      ], 
      [
        1634254815, 
        0.8303630477459369
      ], 
      [
        1634254830, 
        0.791573807894644
      ], 
      [
        1634254845, 
        0.7883765390185076
      ], 
      [
        1634254860, 
        0.6186071752344632
      ]
    ], 
    "name": "geth.eth/fetcher/block/broadcasts/drop.meter", 
    "columns": [
      "time", 
      "mean"
    ]
  }, 
  "memory_used": {
    "values": [
      [
        1634254575, 
        1914239472
      ], 
      [
        1634254590, 
        2182520664
      ], 
      [
        1634254605, 
        1818548988
      ], 
      [
        1634254620, 
        2097119416
      ], 
      [
        1634254635, 
        1755045320
      ], 
      [
        1634254650, 
        2035334176
      ], 
      [
        1634254665, 
        1974095020
      ], 
      [
        1634254680, 
        1975340696
      ], 
      [
        1634254695, 
        1905999832
      ], 
      [
        1634254710, 
        1933489336
      ], 
      [
        1634254725, 
        1883032220
      ], 
      [
        1634254740, 
        1981191936
      ], 
      [
        1634254755, 
        1910653900
      ], 
      [
        1634254770, 
        1891970008
      ], 
      [
        1634254785, 
        2141790680
      ], 
      [
        1634254800, 
        1828410504
      ], 
      [
        1634254815, 
        2081006192
      ], 
      [
        1634254830, 
        1776609512
      ], 
      [
        1634254845, 
        1987303228
      ], 
      [
        1634254860, 
        2215946944
      ]
    ], 
    "name": "geth.system/memory/used.gauge", 
    "columns": [
      "time", 
      "mean"
    ]
  }, 
  "stat": {
    "known_broadcasts": {
      "max": 0.9615840259871458, 
      "mean": 0.7931556855628641, 
      "variance": 0.022602851615048485, 
      "pvalue": 0.00040081349009897255, 
      "min": 0.5349248762304122
    }, 
    "memory_used": {
      "max": 2184191978.0, 
      "mean": 1964482402.2, 
      "variance": 1.60040515346035e+16, 
      "pvalue": 1.4112711496842572e-05, 
      "min": 1775531302.4
    }, 
    "disk_write": {
      "max": 5034.713592114409, 
      "mean": 1674.5963892045008, 
      "variance": 2264741.240324513, 
      "pvalue": 1.3860062703899955e-13, 
      "min": 471.6944057064235
    }, 
    "disk_read": {
      "max": 24933106.186119027, 
      "mean": 23039062.617372394, 
      "variance": 1535622442183.1763, 
      "pvalue": 0.00044356037409352787, 
      "min": 21967071.44682103
    }, 
    "traffic_egress": {
      "max": 67121.6333614183, 
      "mean": 25339.94102219973, 
      "variance": 680042055.8303506, 
      "pvalue": 0.015784783248895692, 
      "min": 2633.9994997195267
    }, 
    "peer_stats": {
      "max": 47.5, 
      "mean": 46.425, 
      "variance": 0.2818749999999999, 
      "pvalue": 1.2320675997094652e-16, 
      "min": 46.0
    }, 
    "traffic_ingress": {
      "max": 192942.27706058547, 
      "mean": 169569.94092235816, 
      "variance": 238166348.41036767, 
      "pvalue": 0.23079522301286293, 
      "min": 146675.5533456594
    }, 
    "known_announcements": {
      "max": 2.3408623901295686, 
      "mean": 2.008763947125568, 
      "variance": 0.09436806013596469, 
      "pvalue": 0.3649577184088242, 
      "min": 1.4588384185987584
    }
  }, 
  "disk_write": {
    "values": [
      [
        1634254575, 
        2803.5571567959723
      ], 
      [
        1634254590, 
        2190.5067782959923
      ], 
      [
        1634254605, 
        1728.867051619009
      ], 
      [
        1634254620, 
        1347.2917423877068
      ], 
      [
        1634254635, 
        1101.5107338403532
      ], 
      [
        1634254650, 
        866.9538419618888
      ], 
      [
        1634254665, 
        722.4492620111454
      ], 
      [
        1634254680, 
        572.1282683589965
      ], 
      [
        1634254695, 
        476.735557218199
      ], 
      [
        1634254710, 
        375.91252698268846
      ], 
      [
        1634254725, 
        502.73490744238165
      ], 
      [
        1634254740, 
        795.2160442355706
      ], 
      [
        1634254755, 
        871.418495990313
      ], 
      [
        1634254770, 
        904.830222992409
      ], 
      [
        1634254785, 
        955.2251090169839
      ], 
      [
        1634254800, 
        835.0719467502953
      ], 
      [
        1634254815, 
        1961.7427677267121
      ], 
      [
        1634254830, 
        3545.0575091087403
      ], 
      [
        1634254845, 
        4986.641887829639
      ], 
      [
        1634254860, 
        5948.075973525022
      ]
    ], 
    "name": "geth.eth/db/chaindata/disk/write.meter", 
    "columns": [
      "time", 
      "mean"
    ]
  }, 
  "disk_read": {
    "values": [
      [
        1634254575, 
        27353136.261988662
      ], 
      [
        1634254590, 
        24805736.18212589
      ], 
      [
        1634254605, 
        24384800.146360468
      ], 
      [
        1634254620, 
        23258660.154643327
      ], 
      [
        1634254635, 
        23298512.709313132
      ], 
      [
        1634254650, 
        22446937.16076515
      ], 
      [
        1634254665, 
        22636978.47208878
      ], 
      [
        1634254680, 
        21980207.876843404
      ], 
      [
        1634254695, 
        22524373.779541753
      ], 
      [
        1634254710, 
        21717479.276395887
      ], 
      [
        1634254725, 
        22279549.594095893
      ], 
      [
        1634254740, 
        22264387.280836705
      ], 
      [
        1634254755, 
        22641974.619090073
      ], 
      [
        1634254770, 
        22094101.162447196
      ], 
      [
        1634254785, 
        22876705.82799023
      ], 
      [
        1634254800, 
        22333907.552408252
      ], 
      [
        1634254815, 
        23212609.413345657
      ], 
      [
        1634254830, 
        23013094.531783283
      ], 
      [
        1634254845, 
        23347880.92554526
      ], 
      [
        1634254860, 
        22310219.419838857
      ]
    ], 
    "name": "geth.eth/db/chaindata/disk/read.meter", 
    "columns": [
      "time", 
      "mean"
    ]
  },