{
  "known_broadcasts": {
    "values": [
      [
        1634279220, 
        0.7811569115788333
      ], 
      [
        1634279235, 
        1.1324506801340595
      ], 
      [
        1634279250, 
        1.1786382494040357
      ], 
      [
        1634279265, 
        0.9907469817993495
      ], 
      [
        1634279280, 
        0.9192833809684473
      ], 
      [
        1634279295, 
        0.901176884547712
      ], 
      [
        1634279310, 
        0.9317528878532403
      ], 
      [
        1634279325, 
        0.8010538177399608
      ], 
      [
        1634279340, 
        1.0091098735745838
      ], 
      [
        1634279355, 
        1.080820764131835
      ], 
      [
        1634279370, 
        1.0789182750464055
      ], 
      [
        1634279385, 
        1.1145398688383372
      ], 
      [
        1634279400, 
        1.1053292637407908
      ], 
      [
        1634279415, 
        1.0857214055466744
      ], 
      [
        1634279430, 
        1.422075010739352
      ], 
      [
        1634279445, 
        1.2941433120582322
      ], 
      [
        1634279460, 
        1.011381433253047
      ], 
      [
        1634279475, 
        0.7849375968253721
      ], 
      [
        1634279490, 
        0.8203130974370823
      ], 
      [
        1634279505, 
        0.8379364927255641
      ]
    ], 
    "name": "geth.eth/fetcher/block/broadcasts/drop.meter", 
    "columns": [
      "time", 
      "mean"
    ]
  }, 
  "memory_used": {
    "values": [
      [
        1634279220, 
        2427114388
      ], 
      [
        1634279235, 
        1674947440
      ], 
      [
        1634279250, 
        1720539872
      ], 
      [
        1634279265, 
        1997689104
      ], 
      [
        1634279280, 
        1673262792
      ], 
      [
        1634279295, 
        1974704232
      ], 
      [
        1634279310, 
        1632724860
      ], 
      [
        1634279325, 
        1963834152
      ], 
      [
        1634279340, 
        1612394140
      ], 
      [
        1634279355, 
        1757828536
      ], 
      [
        1634279370, 
        1960007036
      ], 
      [
        1634279385, 
        1558939376
      ], 
      [
        1634279400, 
        1757271468
      ], 
      [
        1634279415, 
        1930082600
      ], 
      [
        1634279430, 
        1933424268
      ], 
      [
        1634279445, 
        2083682008
      ], 
      [
        1634279460, 
        1717930268
      ], 
      [
        1634279475, 
        1954992608
      ], 
      [
        1634279490, 
        1909943068
      ], 
      [
        1634279505, 
        1708169424
      ]
    ], 
    "name": "geth.system/memory/used.gauge", 
    "columns": [
      "time", 
      "mean"
    ]
  }, 
  "stat": {
    "known_broadcasts": {
      "max": 1.3005398969922883, 
      "mean": 1.0140743093971456, 
      "variance": 0.028399762310784487, 
      "pvalue": 5.007195311124338e-11, 
      "min": 0.7847485625630453
    }, 
    "memory_used": {
      "max": 2100853627.0000002, 
      "mean": 1847474082.0, 
      "variance": 3.998131449970875e+16, 
      "pvalue": 0.34872953557063024, 
      "min": 1609721401.8
    }, 
    "disk_write": {
      "max": 22605224.050195508, 
      "mean": 11360995.599273229, 
      "variance": 56883191008672.375, 
      "pvalue": 2.5564305205343938e-14, 
      "min": 1649939.913377224
    }, 
    "disk_read": {
      "max": 35518683.99624868, 
      "mean": 28941950.717663813, 
      "variance": 37227589157141.2, 
      "pvalue": 2.2165610370800996e-05, 
      "min": 18180156.13661808
    }, 
    "traffic_egress": {
      "max": 5552.0287510316, 
      "mean": 4452.917262936942, 
      "variance": 453797.2236528594, 
      "pvalue": 0.002505088086172263, 
      "min": 3446.325094224894
    }, 
    "peer_stats": {
      "max": 52.0, 
      "mean": 50.6, 
      "variance": 0.515, 
      "pvalue": 0.3936611900015047, 
      "min": 50.0
    }, 
    "traffic_ingress": {
      "max": 253668.13825908923, 
      "mean": 202939.53786743278, 
      "variance": 759961081.3868258, 
      "pvalue": 5.275928748449998e-06, 
      "min": 166827.4638075223
    }, 
    "known_announcements": {
      "max": 3.0475034304012656, 
      "mean": 2.231090153805763, 
      "variance": 0.17355470071620518, 
      "pvalue": 0.07573112885893997, 
      "min": 1.6369374918644581
    }
  }, 
  "disk_write": {
    "values": [
      [
        1634279220, 
        9011541.90264225
      ], 
      [
        1634279235, 
        11779963.071798146
      ], 
      [
        1634279250, 
        15064876.662574288
      ], 
      [
        1634279265, 
        18505977.706808347
      ], 
      [
        1634279280, 
        19754564.188507795
      ], 
      [
        1634279295, 
        21935989.48323566
      ], 
      [
        1634279310, 
        22535356.25107288
      ], 
      [
        1634279325, 
        23932712.233525425
      ], 
      [
        1634279340, 
        19632200.959544487
      ], 
      [
        1634279355, 
        15239169.9549349
      ], 
      [
        1634279370, 
        11911963.953379033
      ], 
      [
        1634279385, 
        9247015.564501133
      ], 
      [
        1634279400, 
        7228856.401027253
      ], 
      [
        1634279415, 
        5613657.004388635
      ], 
      [
        1634279430, 
        4455983.562525854
      ], 
      [
        1634279445, 
        3520223.35073184
      ], 
      [
        1634279460, 
        2751077.492470023
      ], 
      [
        1634279475, 
        2135123.3912552004
      ], 
      [
        1634279490, 
        1668618.8565001725
      ], 
      [
        1634279505, 
        1295039.9940412014
      ]
    ], 
    "name": "geth.eth/db/chaindata/disk/write.meter", 
    "columns": [
      "time", 
      "mean"
    ]
  }, 
  "disk_read": {
    "values": [
      [
        1634279220, 
        27841075.544465892
      ], 
      [
        1634279235, 
        29325405.682842385
      ], 
      [
        1634279250, 
        31401298.763738297
      ], 
      [
        1634279265, 
        33876372.06467708
      ], 
      [
        1634279280, 
        33847702.00854358
      ], 
      [
        1634279295, 
        35467482.00440141
      ], 
      [
        1634279310, 
        35187892.7753617
      ], 
      [
        1634279325, 
        36292744.04875074
      ], 
      [
        1634279340, 
        31549075.528964583
      ], 
      [
        1634279355, 
        27467237.997802973
      ], 
      [
        1634279370, 
        23901201.120045446
      ], 
      [
        1634279385, 
        21542729.736270204
      ], 
      [
        1634279400, 
        19302666.64217717
      ], 
      [
        1634279415, 
        18201597.134296883
      ], 
      [
        1634279430, 
        17772777.18072086
      ], 
      [
        1634279445, 
        23730325.922518145
      ], 
      [
        1634279460, 
        27831966.76329955
      ], 
      [
        1634279475, 
        35477943.993485406
      ], 
      [
        1634279490, 
        34305833.68431314
      ], 
      [
        1634279505, 
        34515685.756600894
      ]
    ], 
    "name": "geth.eth/db/chaindata/disk/read.meter", 
    "columns": [
      "time", 
      "mean"
    ]
  },