{
  "known_broadcasts": {
    "values": [
      [
        1634262675, 
        0.7614051378848249
      ], 
      [
        1634262690, 
        0.6618402090224018
      ], 
      [
        1634262705, 
        0.5621820303714768
      ], 
      [
        1634262720, 
        0.4363119564879217
      ], 
      [
        1634262735, 
        0.34098063775979964
      ], 
      [
        1634262750, 
        0.26463657880912905
      ], 
      [
        1634262765, 
        0.22152774911742765
      ], 
      [
        1634262780, 
        0.1854179877282416
      ], 
      [
        1634262795, 
        0.14490536591441022
      ], 
      [
        1634262810, 
        0.11246169441939938
      ], 
      [
        1634262825, 
        0.10324137469490638
      ], 
      [
        1634262840, 
        0.09420154857196386
      ], 
      [
        1634262855, 
        0.11613738414765987
      ], 
      [
        1634262870, 
        0.11892273640753583
      ], 
      [
        1634262885, 
        0.12246619904701503
      ], 
      [
        1634262900, 
        0.12702879206570322
      ], 
      [
        1634262915, 
        0.15042693699746362
      ], 
      [
        1634262930, 
        0.17072164448903024
      ], 
      [
        1634262945, 
        0.19977984296471546
      ], 
      [
        1634262960, 
        0.17528400338173386
      ], 
      [
        1634262975, 
        0.24432140797311439
      ]
    ], 
    "name": "geth.eth/fetcher/block/broadcasts/drop.meter", 
    "columns": [
      "time", 
      "mean"
    ]
  }, 
  "memory_used": {
    "values": [
      [
        1634262675, 
        1755770736
      ], 
      [
        1634262690, 
        1901246392
      ], 
      [
        1634262705, 
        1901246392
      ], 
      [
        1634262720, 
        1901246392
      ], 
      [
        1634262735, 
        1901246392
      ], 
      [
        1634262750, 
        1901246392
      ], 
      [
        1634262765, 
        1901246392
      ], 
      [
        1634262780, 
        1901246392
      ], 
      [
        1634262795, 
        1901246392
      ], 
      [
        1634262810, 
        1901246392
      ], 
      [
        1634262825, 
        1901246392
      ], 
      [
        1634262840, 
        1901246392
      ], 
      [
        1634262855, 
        1901246392
      ], 
      [
        1634262870, 
        1901246392
      ], 
      [
        1634262885, 
        1901246392
      ], 
      [
        1634262900, 
        1901246392
      ], 
      [
        1634262915, 
        1901246392
      ], 
      [
        1634262930, 
        1901246392
      ], 
      [
        1634262945, 
        1901246392
      ], 
      [
        1634262960, 
        1901246392
      ], 
      [
        1634262975, 
        1901246392
      ]
    ], 
    "name": "geth.system/memory/used.gauge", 
    "columns": [
      "time", 
      "mean"
    ]
  }, 
  "stat": {
    "known_broadcasts": {
      "max": 0.6618402090224018, 
      "mean": 0.25305720086932737, 
      "variance": 0.035390051097559695, 
      "pvalue": 2.6148855235398674e-11, 
      "min": 0.10324137469490638
    }, 
    "memory_used": {
      "max": 1901246392.0, 
      "mean": 1894318979.8095238, 
      "variance": 959780793135160.8, 
      "pvalue": 0.0013562705444355291, 
      "min": 1901246392.0
    }, 
    "disk_write": {
      "max": 5340753.6425319025, 
      "mean": 1440212.6533990302, 
      "variance": 2945086831356.385, 
      "pvalue": 2.1199695635678285e-08, 
      "min": 4165.117886995339
    }, 
    "disk_read": {
      "max": 53317175.46770877, 
      "mean": 33214310.034632944, 
      "variance": 114793041237832.69, 
      "pvalue": 2.2328396852067527e-07, 
      "min": 19117182.081108943
    }, 
    "traffic_egress": {
      "max": 6787.672636712537, 
      "mean": 4286.443868984365, 
      "variance": 1925098.1082900323, 
      "pvalue": 0.09520741664264465, 
      "min": 2172.4474417876268
    }, 
    "peer_stats": {
      "max": 29.0, 
      "mean": 12.714285714285714, 
      "variance": 93.48979591836734, 
      "pvalue": 1.1609784103436672e-16, 
      "min": 6.5
    }, 
    "traffic_ingress": {
      "max": 1403886.1276628168, 
      "mean": 481000.38048875023, 
      "variance": 174858552846.58334, 
      "pvalue": 7.518606616439632e-07, 
      "min": 142801.34128318186
    }, 
    "known_announcements": {
      "max": 2.2221517558305437, 
      "mean": 0.7469187738148649, 
      "variance": 0.4436309125951839, 
      "pvalue": 6.783918881293012e-11, 
      "min": 0.2334300964285676
    }
  }, 
  "disk_write": {
    "values": [
      [
        1634262675, 
        5339.513903082463
      ], 
      [
        1634262690, 
        4165.117886995339
      ], 
      [
        1634262705, 
        3537.9452600897184
      ], 
      [
        1634262720, 
        53778.91151228629
      ], 
      [
        1634262735, 
        51848.8218800036
      ], 
      [
        1634262750, 
        950396.0552963839
      ], 
      [
        1634262765, 
        5639850.825224768
      ], 
      [
        1634262780, 
        5340753.6425319025
      ], 
      [
        1634262795, 
        4173856.940632606
      ], 
      [
        1634262810, 
        3239360.82441738
      ], 
      [
        1634262825, 
        2531599.227427521
      ], 
      [
        1634262840, 
        1964803.2027743289
      ], 
      [
        1634262855, 
        1536045.6686066927
      ], 
      [
        1634262870, 
        1193013.3486619138
      ], 
      [
        1634262885, 
        936609.3645146961
      ], 
      [
        1634262900, 
        728752.334313082
      ], 
      [
        1634262915, 
        574587.826318322
      ], 
      [
        1634262930, 
        449219.70226487407
      ], 
      [
        1634262945, 
        354694.2795194387
      ], 
      [
        1634262960, 
        276716.03644321836
      ], 
      [
        1634262975, 
        235536.13199004423
      ]
    ], 
    "name": "geth.eth/db/chaindata/disk/write.meter", 
    "columns": [
      "time", 
      "mean"
    ]
  }, 
  "disk_read": {
    "values": [
      [
        1634262675, 
        24117642.647142358
      ], 
      [
        1634262690, 
        22506090.733849976
      ], 
      [
        1634262705, 
        19117182.081108943
      ], 
      [
        1634262720, 
        17742994.29078455
      ], 
      [
        1634262735, 
        32836979.673373416
      ], 
      [
        1634262750, 
        40656169.77175212
      ], 
      [
        1634262765, 
        45039182.914854765
      ], 
      [
        1634262780, 
        57153803.5692042
      ], 
      [
        1634262795, 
        53317175.46770877
      ], 
      [
        1634262810, 
        46149237.90175938
      ], 
      [
        1634262825, 
        42488572.74518494
      ], 
      [
        1634262840, 
        38245426.303681485
      ], 
      [
        1634262855, 
        36119266.49805571
      ], 
      [
        1634262870, 
        32806342.960806653
      ], 
      [
        1634262885, 
        31698207.72224026
      ], 
      [
        1634262900, 
        29208685.57776667
      ], 
      [
        1634262915, 
        28241687.57386984
      ], 
      [
        1634262930, 
        26159246.28870454
      ], 
      [
        1634262945, 
        25641569.01361245
      ], 
      [
        1634262960, 
        24118243.613769248
      ], 
      [
        1634262975, 
        24136803.378061492
      ]
    ], 
    "name": "geth.eth/db/chaindata/disk/read.meter", 
    "columns": [
      "time", 
      "mean"
    ]
  },