{
  "known_broadcasts": {
    "values": [
      [
        1634262375, 
        0.7606513296111037
      ], 
      [
        1634262390, 
        0.7558152690484935
      ], 
      [
        1634262405, 
        0.83607342774471
      ], 
      [
        1634262420, 
        0.796290597333245
      ], 
      [
        1634262435, 
        0.6223062918247992
      ], 
      [
        1634262450, 
        0.5789213637683123
      ], 
      [
        1634262465, 
        0.6350885969682949
      ], 
      [
        1634262480, 
        0.6379054644284256
      ], 
      [
        1634262495, 
        0.557377429938769
      ], 
      [
        1634262510, 
        0.6464515489116053
      ], 
      [
        1634262525, 
        0.6619777463063249
      ], 
      [
        1634262540, 
        0.7443841530442104
      ], 
      [
        1634262555, 
        0.7027870761008177
      ], 
      [
        1634262570, 
        0.8825525625522883
      ], 
      [
        1634262585, 
        0.9559526174012184
      ], 
      [
        1634262600, 
        1.1610148662659854
      ], 
      [
        1634262615, 
        1.1838575992215288
      ], 
      [
        1634262630, 
        1.051698641964289
      ], 
      [
        1634262645, 
        0.9662782110907489
      ], 
      [
        1634262660, 
        0.7566774485817318
      ], 
      [
        1634262675, 
        0.8458409955722657
      ]
    ], 
    "name": "geth.eth/fetcher/block/broadcasts/drop.meter", 
    "columns": [
      "time", 
      "mean"
    ]
  }, 
  "memory_used": {
    "values": [
      [
        1634262375, 
        2209904296
      ], 
      [
        1634262390, 
        1798574728
      ], 
      [
        1634262405, 
        2001164660
      ], 
      [
        1634262420, 
        2176983656
      ], 
      [
        1634262435, 
        1795533008
      ], 
      [
        1634262450, 
        1961708552
      ], 
      [
        1634262465, 
        1903080780
      ], 
      [
        1634262480, 
        1898245320
      ], 
      [
        1634262495, 
        1947917896
      ], 
      [
        1634262510, 
        2206269584
      ], 
      [
        1634262525, 
        1904389656
      ], 
      [
        1634262540, 
        1617007752
      ], 
      [
        1634262555, 
        1723075300
      ], 
      [
        1634262570, 
        1821667168
      ], 
      [
        1634262585, 
        1695136612
      ], 
      [
        1634262600, 
        1965725392
      ], 
      [
        1634262615, 
        1701424992
      ], 
      [
        1634262630, 
        1966223848
      ], 
      [
        1634262645, 
        1725746172
      ], 
      [
        1634262660, 
        1958733344
      ], 
      [
        1634262675, 
        1612212824
      ]
    ], 
    "name": "geth.system/memory/used.gauge", 
    "columns": [
      "time", 
      "mean"
    ]
  }, 
  "stat": {
    "known_broadcasts": {
      "max": 1.1610148662659854, 
      "mean": 0.7971382494132937, 
      "variance": 0.03125689454778572, 
      "pvalue": 0.0011239343171248926, 
      "min": 0.5789213637683123
    }, 
    "memory_used": {
      "max": 2206269584.0, 
      "mean": 1885272644.7619047, 
      "variance": 2.9706782845249012e+16, 
      "pvalue": 0.04850209443137661, 
      "min": 1617007752.0
    }, 
    "disk_write": {
      "max": 115462.08241145324, 
      "mean": 36274.2310079464, 
      "variance": 1417279227.112376, 
      "pvalue": 0.08633695476510694, 
      "min": 7419.682315666799
    }, 
    "disk_read": {
      "max": 37011230.66323383, 
      "mean": 25603180.883992214, 
      "variance": 53708499632981.82, 
      "pvalue": 0.12710510814065296, 
      "min": 17051341.72781072
    }, 
    "traffic_egress": {
      "max": 6003.835271266801, 
      "mean": 4127.087821765542, 
      "variance": 1644562.9806459812, 
      "pvalue": 0.2545824459972932, 
      "min": 2663.5166875223113
    }, 
    "peer_stats": {
      "max": 51.5, 
      "mean": 50.42857142857143, 
      "variance": 0.34013605442176875, 
      "pvalue": 0.23219717102515142, 
      "min": 50.0
    }, 
    "traffic_ingress": {
      "max": 218844.5773376635, 
      "mean": 176142.27172616363, 
      "variance": 884177581.0351598, 
      "pvalue": 0.35946956814797504, 
      "min": 133173.4531426366
    }, 
    "known_announcements": {
      "max": 3.968002490009362, 
      "mean": 2.7267287409645564, 
      "variance": 0.37175613539407903, 
      "pvalue": 5.967733986499823e-06, 
      "min": 2.075912376734196
    }
  }, 
  "disk_write": {
    "values": [
      [
        1634262375, 
        14243.6866698404
      ], 
      [
        1634262390, 
        15915.635960046648
      ], 
      [
        1634262405, 
        15930.130941215279
      ], 
      [
        1634262420, 
        16570.533971023247
      ], 
      [
        1634262435, 
        16560.049065331637
      ], 
      [
        1634262450, 
        16144.061456321067
      ], 
      [
        1634262465, 
        16490.779632473394
      ], 
      [
        1634262480, 
        147734.6987850419
      ], 
      [
        1634262495, 
        115462.08241145324
      ], 
      [
        1634262510, 
        89616.54802054829
      ], 
      [
        1634262525, 
        70058.11135002875
      ], 
      [
        1634262540, 
        54372.40961042748
      ], 
      [
        1634262555, 
        42520.42709796088
      ], 
      [
        1634262570, 
        33018.15353185165
      ], 
      [
        1634262585, 
        25832.41374751118
      ], 
      [
        1634262600, 
        20077.856294162346
      ], 
      [
        1634262615, 
        15719.997383128968
      ], 
      [
        1634262630, 
        12217.742798633644
      ], 
      [
        1634262645, 
        9560.159896852087
      ], 
      [
        1634262660, 
        7419.682315666799
      ], 
      [
        1634262675, 
        6293.690227355586
      ]
    ], 
    "name": "geth.eth/db/chaindata/disk/write.meter", 
    "columns": [
      "time", 
      "mean"
    ]
  }, 
  "disk_read": {
    "values": [
      [
        1634262375, 
        18113947.44652237
      ], 
      [
        1634262390, 
        17588396.730806403
      ], 
      [
        1634262405, 
        17614996.742899545
      ], 
      [
        1634262420, 
        17051341.72781072
      ], 
      [
        1634262435, 
        17416124.58287893
      ], 
      [
        1634262450, 
        17002971.572842184
      ], 
      [
        1634262465, 
        17739939.12993668
      ], 
      [
        1634262480, 
        17735140.314026915
      ], 
      [
        1634262495, 
        35617285.08981655
      ], 
      [
        1634262510, 
        39796194.58591741
      ], 
      [
        1634262525, 
        37011230.66323383
      ], 
      [
        1634262540, 
        32823721.935329042
      ], 
      [
        1634262555, 
        31834502.813510492
      ], 
      [
        1634262570, 
        31221924.36767422
      ], 
      [
        1634262585, 
        31284818.520975508
      ], 
      [
        1634262600, 
        28949842.5055003
      ], 
      [
        1634262615, 
        27933945.396406382
      ], 
      [
        1634262630, 
        26143750.43717113
      ], 
      [
        1634262645, 
        25668105.38389023
      ], 
      [
        1634262660, 
        24350525.18459512
      ], 
      [
        1634262675, 
        24768093.43209254
      ]
    ], 
    "name": "geth.eth/db/chaindata/disk/read.meter", 
    "columns": [
      "time", 
      "mean"
    ]
  },