{
  "known_broadcasts": {
    "values": [
      [
        1633902900, 
        0.7134481981589965
      ], 
      [
        1633902915, 
        0.6311271066642603
      ], 
      [
        1633902930, 
        0.8687876064507625
      ], 
      [
        1633902945, 
        0.8091340660276094
      ], 
      [
        1633902960, 
        0.8221621463622861
      ], 
      [
        1633902975, 
        0.7915683241818317
      ], 
      [
        1633902990, 
        1.1897925447983257
      ], 
      [
        1633903005, 
        1.0464919168352018
      ], 
      [
        1633903020, 
        0.9851914530663807
      ], 
      [
        1633903035, 
        0.7920534634782945
      ], 
      [
        1633903050, 
        0.7391611561277269
      ], 
      [
        1633903065, 
        0.5776592611682881
      ], 
      [
        1633903080, 
        0.6082350744014566
      ], 
      [
        1633903095, 
        0.5466604122284813
      ], 
      [
        1633903110, 
        0.5043691602950778
      ], 
      [
        1633903125, 
        0.4157465608744211
      ], 
      [
        1633903140, 
        0.3299935419938845
      ], 
      [
        1633903155, 
        0.5059313053892086
      ], 
      [
        1633903170, 
        0.3926555204138976
      ], 
      [
        1633903185, 
        0.6262507202686945
      ]
    ], 
    "name": "geth.eth/fetcher/block/broadcasts/drop.meter", 
    "columns": [
      "time", 
      "mean"
    ]
  }, 
  "memory_used": {
    "values": [
      [
        1633902900, 
        1875112344
      ], 
      [
        1633902915, 
        2080129164
      ], 
      [
        1633902930, 
        1689366896
      ], 
      [
        1633902945, 
        1887224668
      ], 
      [
        1633902960, 
        2089813064
      ], 
      [
        1633902975, 
        1988107336
      ], 
      [
        1633902990, 
        1893768400
      ], 
      [
        1633903005, 
        2087486728
      ], 
      [
        1633903020, 
        1693294312
      ], 
      [
        1633903035, 
        1930136656
      ], 
      [
        1633903050, 
        1893383120
      ], 
      [
        1633903065, 
        2087115704
      ], 
      [
        1633903080, 
        1773640704
      ], 
      [
        1633903095, 
        1996981660
      ], 
      [
        1633903110, 
        2013237048
      ], 
      [
        1633903125, 
        1983380368
      ], 
      [
        1633903140, 
        2110913376
      ], 
      [
        1633903155, 
        1949009464
      ], 
      [
        1633903170, 
        1927731016
      ], 
      [
        1633903185, 
        2024631008
      ]
    ], 
    "name": "geth.system/memory/used.gauge", 
    "columns": [
      "time", 
      "mean"
    ]
  }, 
  "stat": {
    "known_broadcasts": {
      "max": 1.0536569482333582, 
      "mean": 0.6948209769592544, 
      "variance": 0.047991513585336154, 
      "pvalue": 0.2787735807544, 
      "min": 0.38952242149289695
    }, 
    "memory_used": {
      "max": 2090868079.6, 
      "mean": 1948723151.8, 
      "variance": 1.4806267877212598e+16, 
      "pvalue": 2.767213620262927e-05, 
      "min": 1693097941.2
    }, 
    "disk_write": {
      "max": 107311.79441865838, 
      "mean": 38250.24488479538, 
      "variance": 1082381743.815791, 
      "pvalue": 0.0036148603058861117, 
      "min": 14186.12803336342
    }, 
    "disk_read": {
      "max": 38430950.58818856, 
      "mean": 24709393.704576064, 
      "variance": 77304009701160.84, 
      "pvalue": 0.41375604361905655, 
      "min": 15356475.644380115
    }, 
    "traffic_egress": {
      "max": 358948.1028144769, 
      "mean": 63754.10106562109, 
      "variance": 17097251856.448261, 
      "pvalue": 0.02766683184613535, 
      "min": 2923.739510274963
    }, 
    "peer_stats": {
      "max": 51.05, 
      "mean": 49.375, 
      "variance": 1.421875, 
      "pvalue": 4.93104556528452e-06, 
      "min": 48.0
    }, 
    "traffic_ingress": {
      "max": 201188.60200385965, 
      "mean": 164379.6693931203, 
      "variance": 361689693.4908489, 
      "pvalue": 0.011217469483790841, 
      "min": 144494.7933089775
    }, 
    "known_announcements": {
      "max": 2.560370767303345, 
      "mean": 1.6483640780375541, 
      "variance": 0.26268750705799826, 
      "pvalue": 0.000996934096253668, 
      "min": 0.9764512281862753
    }
  }, 
  "disk_write": {
    "values": [
      [
        1633902900, 
        19342.855359847807
      ], 
      [
        1633902915, 
        20087.54473542817
      ], 
      [
        1633902930, 
        19338.08230792585
      ], 
      [
        1633902945, 
        20097.25292914992
      ], 
      [
        1633902960, 
        19179.016896380388
      ], 
      [
        1633902975, 
        20619.075254785173
      ], 
      [
        1633902990, 
        20990.48759131198
      ], 
      [
        1633903005, 
        24199.964681785656
      ], 
      [
        1633903020, 
        25032.76420549559
      ], 
      [
        1633903035, 
        136289.19718031414
      ], 
      [
        1633903050, 
        105786.66795751858
      ], 
      [
        1633903065, 
        82672.97049797303
      ], 
      [
        1633903080, 
        64175.92224772463
      ], 
      [
        1633903095, 
        50160.35393381123
      ], 
      [
        1633903110, 
        38935.58816258872
      ], 
      [
        1633903125, 
        30428.415920799845
      ], 
      [
        1633903140, 
        23615.627974554347
      ], 
      [
        1633903155, 
        18478.926574379257
      ], 
      [
        1633903170, 
        14341.576521285286
      ], 
      [
        1633903185, 
        11232.60676284797
      ]
    ], 
    "name": "geth.eth/db/chaindata/disk/write.meter", 
    "columns": [
      "time", 
      "mean"
    ]
  }, 
  "disk_read": {
    "values": [
      [
        1633902900, 
        16649414.162471278
      ], 
      [
        1633902915, 
        16629248.360835312
      ], 
      [
        1633902930, 
        15972461.896592887
      ], 
      [
        1633902945, 
        16216491.967680093
      ], 
      [
        1633902960, 
        15666016.207972502
      ], 
      [
        1633902975, 
        15936115.569013972
      ], 
      [
        1633902990, 
        15343147.595334608
      ], 
      [
        1633903005, 
        15722540.044390608
      ], 
      [
        1633903020, 
        15357177.120645668
      ], 
      [
        1633903035, 
        30163883.758390754
      ], 
      [
        1633903050, 
        33607951.94602608
      ], 
      [
        1633903065, 
        36499430.19891511
      ], 
      [
        1633903080, 
        38347542.39774223
      ], 
      [
        1633903095, 
        40015706.206668735
      ], 
      [
        1633903110, 
        35420435.436533846
      ], 
      [
        1633903125, 
        31871263.874456562
      ], 
      [
        1633903140, 
        28527441.724577997
      ], 
      [
        1633903155, 
        26662215.529785726
      ], 
      [
        1633903170, 
        24866860.60807172
      ], 
      [
        1633903185, 
        24712529.485415436
      ]
    ], 
    "name": "geth.eth/db/chaindata/disk/read.meter", 
    "columns": [
      "time", 
      "mean"
    ]
  },