{
  "known_broadcasts": {
    "values": [
      [
        1633902600, 
        1.1167122161499803
      ], 
      [
        1633902615, 
        1.1007322143226874
      ], 
      [
        1633902630, 
        0.9290605492992614
      ], 
      [
        1633902645, 
        0.7782000470255256
      ], 
      [
        1633902660, 
        0.7771350415807391
      ], 
      [
        1633902675, 
        0.8912396200578536
      ], 
      [
        1633902690, 
        0.762229553814045
      ], 
      [
        1633902705, 
        0.8674130038061162
      ], 
      [
        1633902720, 
        0.9871965075461402
      ], 
      [
        1633902735, 
        0.9276103620832732
      ], 
      [
        1633902750, 
        1.0158722472571644
      ], 
      [
        1633902765, 
        0.7939107824147329
      ], 
      [
        1633902780, 
        0.7645616229164554
      ], 
      [
        1633902795, 
        0.90839207576374
      ], 
      [
        1633902810, 
        0.8972810707242134
      ], 
      [
        1633902825, 
        0.9684857044701123
      ], 
      [
        1633902840, 
        1.2124931981680296
      ], 
      [
        1633902855, 
        1.1546973056183274
      ], 
      [
        1633902870, 
        0.966700227063266
      ], 
      [
        1633902885, 
        0.9018875040664247
      ]
    ], 
    "name": "geth.eth/fetcher/block/broadcasts/drop.meter", 
    "columns": [
      "time", 
      "mean"
    ]
  }, 
  "memory_used": {
    "values": [
      [
        1633902600, 
        2194954304
      ], 
      [
        1633902615, 
        1829310204
      ], 
      [
        1633902630, 
        2062355712
      ], 
      [
        1633902645, 
        1992341228
      ], 
      [
        1633902660, 
        1916046888
      ], 
      [
        1633902675, 
        1869615708
      ], 
      [
        1633902690, 
        1809259504
      ], 
      [
        1633902705, 
        2053614844
      ], 
      [
        1633902720, 
        1687364680
      ], 
      [
        1633902735, 
        1884027172
      ], 
      [
        1633902750, 
        2088885016
      ], 
      [
        1633902765, 
        1984909264
      ], 
      [
        1633902780, 
        1877235344
      ], 
      [
        1633902795, 
        2080681276
      ], 
      [
        1633902810, 
        1681614096
      ], 
      [
        1633902825, 
        1889967720
      ], 
      [
        1633902840, 
        2124744648
      ], 
      [
        1633902855, 
        1793235948
      ], 
      [
        1633902870, 
        2028148328
      ], 
      [
        1633902885, 
        1958334800
      ]
    ], 
    "name": "geth.system/memory/used.gauge", 
    "columns": [
      "time", 
      "mean"
    ]
  }, 
  "stat": {
    "known_broadcasts": {
      "max": 1.1575871002458127, 
      "mean": 0.9360905427074044, 
      "variance": 0.01676178414489133, 
      "pvalue": 1.199173975365286e-09, 
      "min": 0.7644450194613348
    }, 
    "memory_used": {
      "max": 2128255130.8, 
      "mean": 1940332334.2, 
      "variance": 1.8920309928014476e+16, 
      "pvalue": 0.0001830364110274499, 
      "min": 1687077150.8
    }, 
    "disk_write": {
      "max": 19591.950996280226, 
      "mean": 14373.378481295329, 
      "variance": 11700935.152203534, 
      "pvalue": 0.0991232252517561, 
      "min": 10764.663300109101
    }, 
    "disk_read": {
      "max": 23591145.75808689, 
      "mean": 19425503.470924728, 
      "variance": 6370348671615.91, 
      "pvalue": 0.010449638319314444, 
      "min": 16735906.329968086
    }, 
    "traffic_egress": {
      "max": 5086.417246098391, 
      "mean": 3996.16658985929, 
      "variance": 485942.9771820763, 
      "pvalue": 0.14646582442120343, 
      "min": 3183.8932801521246
    }, 
    "peer_stats": {
      "max": 49.050000000000004, 
      "mean": 46.675, 
      "variance": 2.406875000000001, 
      "pvalue": 6.205779002645825e-16, 
      "min": 44.949999999999996
    }, 
    "traffic_ingress": {
      "max": 167179.45145599934, 
      "mean": 152691.25894407224, 
      "variance": 83593707.63988559, 
      "pvalue": 5.968228400962712e-07, 
      "min": 139856.26240758892
    }, 
    "known_announcements": {
      "max": 2.940828382684498, 
      "mean": 2.44243788369949, 
      "variance": 0.096886888911016, 
      "pvalue": 0.0003862409901090547, 
      "min": 2.040978206915754
    }
  }, 
  "disk_write": {
    "values": [
      [
        1633902600, 
        15612.991241487629
      ], 
      [
        1633902615, 
        13045.525115880806
      ], 
      [
        1633902630, 
        11815.63775349695
      ], 
      [
        1633902645, 
        11299.342225150853
      ], 
      [
        1633902660, 
        11945.723527691678
      ], 
      [
        1633902675, 
        12305.839817830776
      ], 
      [
        1633902690, 
        11983.898075907635
      ], 
      [
        1633902705, 
        13203.466885968928
      ], 
      [
        1633902720, 
        12434.841835884501
      ], 
      [
        1633902735, 
        11375.743817988194
      ], 
      [
        1633902750, 
        10227.399303022607
      ], 
      [
        1633902765, 
        11013.002795687484
      ], 
      [
        1633902780, 
        10792.940352587339
      ], 
      [
        1633902795, 
        15883.70596888067
      ], 
      [
        1633902810, 
        16695.073486349716
      ], 
      [
        1633902825, 
        19473.468917132064
      ], 
      [
        1633902840, 
        19132.077174688882
      ], 
      [
        1633902855, 
        20375.511048832166
      ], 
      [
        1633902870, 
        19550.71099351433
      ], 
      [
        1633902885, 
        19300.66928792336
      ]
    ], 
    "name": "geth.eth/db/chaindata/disk/write.meter", 
    "columns": [
      "time", 
      "mean"
    ]
  }, 
  "disk_read": {
    "values": [
      [
        1633902600, 
        24963629.652053334
      ], 
      [
        1633902615, 
        23518909.763667602
      ], 
      [
        1633902630, 
        22262103.086167336
      ], 
      [
        1633902645, 
        22208055.034799024
      ], 
      [
        1633902660, 
        21240314.068024933
      ], 
      [
        1633902675, 
        21239245.984123208
      ], 
      [
        1633902690, 
        20650893.9384597
      ], 
      [
        1633902705, 
        21106177.825164933
      ], 
      [
        1633902720, 
        20059537.880432833
      ], 
      [
        1633902735, 
        19375083.655703273
      ], 
      [
        1633902750, 
        18117390.254249137
      ], 
      [
        1633902765, 
        18030597.379199557
      ], 
      [
        1633902780, 
        16927042.6916418
      ], 
      [
        1633902795, 
        16980674.7417776
      ], 
      [
        1633902810, 
        16376111.793235837
      ], 
      [
        1633902825, 
        16799420.44083263
      ], 
      [
        1633902840, 
        16754842.884532942
      ], 
      [
        1633902855, 
        17582679.218887515
      ], 
      [
        1633902870, 
        17145492.77463642
      ], 
      [
        1633902885, 
        17171866.350904882
      ]
    ], 
    "name": "geth.eth/db/chaindata/disk/read.meter", 
    "columns": [
      "time", 
      "mean"
    ]
  },