{
  "stat": {
    "blockchaincache_size": {
      "max": 5296952.0, 
      "mean": 5296952.0, 
      "variance": 0.0, 
      "pvalue": 3.121930337759992e-07, 
      "min": 5296952.0
    }, 
    "kvdb_bytes_read": {
      "max": 6784.4, 
      "mean": 1233.5272727272727, 
      "variance": 15215895.325619835, 
      "pvalue": 2.364192933858469e-08, 
      "min": 0.0
    }, 
    "sync_blocks_highest": {
      "max": 0.0, 
      "mean": 0.0, 
      "variance": 0.0, 
      "pvalue": 0.0004887248521468869, 
      "min": 0.0
    }, 
    "import_blocks": {
      "max": 0.0, 
      "mean": 0.0, 
      "variance": 0.0, 
      "pvalue": 0.0005586094061756684, 
      "min": 0.0
    }, 
    "peer_stats": {
      "max": 0.4499999999999993, 
      "mean": 0.08333333333333333, 
      "variance": 0.07638888888888885, 
      "pvalue": 2.7545300955463936e-11, 
      "min": 0.0
    }, 
    "sync_blocks_recieved": {
      "max": 0.0, 
      "mean": 0.0, 
      "variance": 0.0, 
      "pvalue": 0.00048766757158921656, 
      "min": 0.0
    }, 
    "kvdb_bytes_write": {
      "max": 0.0, 
      "mean": 0.0, 
      "variance": 0.0, 
      "pvalue": 0.0006511385502632361, 
      "min": 0.0
    }
  }, 
  "blockchaincache_size": {
    "metric": {
      "__name__": "blockchaincache_size", 
      "job": "openethereum", 
      "instance": "172.17.0.1:3033"
    }, 
    "values": [
      [
        1634271164, 
        "5296952"
      ], 
      [
        1634271179, 
        "5296952"
      ], 
      [
        1634271194, 
        "5296952"
      ], 
      [
        1634271209, 
        "5296952"
      ], 
      [
        1634271224, 
        "5296952"
      ], 
      [
        1634271239, 
        "5296952"
      ], 
      [
        1634271254, 
        "5296952"
      ], 
      [
        1634271269, 
        "5296952"
      ], 
      [
        1634271284, 
        "5296952"
      ], 
      [
        1634271299, 
        "5296952"
      ], 
      [
        1634271314, 
        "5296952"
      ], 
      [
        1634271329, 
        "5296952"
      ]
    ]
  }, 
  "kvdb_bytes_read": {
    "metric": {
      "instance": "172.17.0.1:3033", 
      "job": "openethereum"
    }, 
    "values": [
      [
        1634271179, 
        "13568.8"
      ], 
      [
        1634271194, 
        "0"
      ], 
      [
        1634271209, 
        "0"
      ], 
      [
        1634271224, 
        "0"
      ], 
      [
        1634271239, 
        "0"
      ], 
      [
        1634271254, 
        "0"
      ], 
      [
        1634271269, 
        "0"
      ], 
      [
        1634271284, 
        "0"
      ], 
      [
        1634271299, 
        "0"
      ], 
      [
        1634271314, 
        "0"
      ], 
      [
        1634271329, 
        "0"
      ]
    ]
  }, 
  "sync_blocks_highest": {
    "metric": {
      "instance": "172.17.0.1:3033", 
      "job": "openethereum"
    }, 
    "values": [
      [
        1634271179, 
        "0"
      ], 
      [
        1634271194, 
        "0"
      ], 
      [
        1634271209, 
        "0"
      ], 
      [
        1634271224, 
        "0"
      ], 
      [
        1634271239, 
        "0"
      ], 
      [
        1634271254, 
        "0"
      ], 
      [
        1634271269, 
        "0"
      ], 
      [
        1634271284, 
        "0"
      ], 
      [
        1634271299, 
        "0"
      ], 
      [
        1634271314, 
        "0"
      ], 
      [
        1634271329, 
        "0"
      ]
    ]
  }, 
  "import_blocks": {
    "metric": {
      "instance": "172.17.0.1:3033", 
      "job": "openethereum"
    }, 
    "values": [
      [
        1634271179, 
        "0"
      ], 
      [
        1634271194, 
        "0"
      ], 
      [
        1634271209, 
        "0"
      ], 
      [
        1634271224, 
        "0"
      ], 
      [
        1634271239, 
        "0"
      ], 
      [
        1634271254, 
        "0"
      ], 
      [
        1634271269, 
        "0"
      ], 
      [
        1634271284, 
        "0"
      ], 
      [
        1634271299, 
        "0"
      ], 
      [
        1634271314, 
        "0"
      ], 
      [
        1634271329, 
        "0"
      ]
    ]
  }, 
  "peer_stats": {
    "metric": {
      "__name__": "net_peers", 
      "job": "openethereum", 
      "instance": "172.17.0.1:3033"
    }, 
    "values": [
      [
        1634271164, 
        "1"
      ], 
      [
        1634271179, 
        "0"
      ], 
      [
        1634271194, 
        "0"
      ], 
      [
        1634271209, 
        "0"
      ], 
      [
        1634271224, 
        "0"
      ], 
      [
        1634271239, 
        "0"
      ], 
      [
        1634271254, 
        "0"
      ], 
      [
        1634271269, 
        "0"
      ], 
      [
        1634271284, 
        "0"
      ], 
      [
        1634271299, 
        "0"
      ], 
      [
        1634271314, 
        "0"
      ], 
      [
        1634271329, 
        "0"
      ]
    ]
  }, 
  "sync_blocks_recieved": {
    "metric": {
      "instance": "172.17.0.1:3033", 
      "job": "openethereum"
    }, 
    "values": [
      [
        1634271179, 
        "0"
      ], 
      [
        1634271194, 
        "0"
      ], 
      [
        1634271209, 
        "0"
      ], 
      [
        1634271224, 
        "0"
      ], 
      [
        1634271239, 
        "0"
      ], 
      [
        1634271254, 
        "0"
      ], 
      [
        1634271269, 
        "0"
      ], 
      [
        1634271284, 
        "0"
      ], 
      [
        1634271299, 
        "0"
      ], 
      [
        1634271314, 
        "0"
      ], 
      [
        1634271329, 
        "0"
      ]
    ]
  }, 
  "kvdb_bytes_write": {
    "metric": {
      "instance": "172.17.0.1:3033", 
      "job": "openethereum"
    }, 
    "values": [
      [
        1634271179, 
        "0"
      ], 
      [
        1634271194, 
        "0"
      ], 
      [
        1634271209, 
        "0"
      ], 
      [
        1634271224, 
        "0"
      ], 
      [
        1634271239, 
        "0"
      ], 
      [
        1634271254, 
        "0"
      ], 
      [
        1634271269, 
        "0"
      ], 
      [
        1634271284, 
        "0"
      ], 
      [
        1634271299, 
        "0"
      ], 
      [
        1634271314, 
        "0"
      ], 
      [
        1634271329, 
        "0"
      ]
    ]
  }
}