{
  "stat": {
    "blockchaincache_size": {
      "max": 5928512.0, 
      "mean": 5389666.181818182, 
      "variance": 106745336216.33057, 
      "pvalue": 0.000134669767275495, 
      "min": 5028092.0
    }, 
    "kvdb_bytes_read": {
      "max": 1122780.37004, 
      "mean": 355488.70961454546, 
      "variance": 200396688524.29626, 
      "pvalue": 0.2877798904587121, 
      "min": 0.0
    }, 
    "sync_blocks_highest": {
      "max": 0.0, 
      "mean": 0.0, 
      "variance": 0.0, 
      "pvalue": 0.0004887248521468869, 
      "min": 0.0
    }, 
    "import_blocks": {
      "max": 4.5, 
      "mean": 1.1688, 
      "variance": 3.6679889454545456, 
      "pvalue": 0.20698531880374743, 
      "min": 0.0
    }, 
    "peer_stats": {
      "max": 2.5, 
      "mean": 0.8181818181818182, 
      "variance": 0.87603305785124, 
      "pvalue": 1.676454160104019e-10, 
      "min": 0.0
    }, 
    "sync_blocks_recieved": {
      "max": 0.0, 
      "mean": 0.0, 
      "variance": 0.0, 
      "pvalue": 0.00048766757158921656, 
      "min": 0.0
    }, 
    "kvdb_bytes_write": {
      "max": 1112747.8, 
      "mean": 261585.82996363632, 
      "variance": 199985228005.17825, 
      "pvalue": 0.2953419715515624, 
      "min": 0.0
    }
  }, 
  "blockchaincache_size": {
    "metric": {
      "__name__": "blockchaincache_size", 
      "job": "openethereum", 
      "instance": "172.17.0.1:3033"
    }, 
    "values": [
      [
        1634270803, 
        "5282056"
      ], 
      [
        1634270818, 
        "5282056"
      ], 
      [
        1634270833, 
        "5282056"
      ], 
      [
        1634270848, 
        "5282056"
      ], 
      [
        1634270863, 
        "5282056"
      ], 
      [
        1634270878, 
        "5139128"
      ], 
      [
        1634270908, 
        "5140376"
      ], 
      [
        1634270953, 
        "5822464"
      ], 
      [
        1634270968, 
        "5928512"
      ], 
      [
        1634270983, 
        "5928512"
      ], 
      [
        1634270998, 
        "4917056"
      ]
    ]
  }, 
  "kvdb_bytes_read": {
    "metric": {
      "instance": "172.17.0.1:3033", 
      "job": "openethereum"
    }, 
    "values": [
      [
        1634270803, 
        "5083.6"
      ], 
      [
        1634270818, 
        "0"
      ], 
      [
        1634270833, 
        "0"
      ], 
      [
        1634270848, 
        "575986.8"
      ], 
      [
        1634270863, 
        "0"
      ], 
      [
        1634270878, 
        "331346.2"
      ], 
      [
        1634270908, 
        "612492.3656799999"
      ], 
      [
        1634270953, 
        "778622.74008"
      ], 
      [
        1634270968, 
        "139906.1"
      ], 
      [
        1634270983, 
        "0"
      ], 
      [
        1634270998, 
        "1466938"
      ]
    ]
  }, 
  "sync_blocks_highest": {
    "metric": {
      "instance": "172.17.0.1:3033", 
      "job": "openethereum"
    }, 
    "values": [
      [
        1634270803, 
        "0"
      ], 
      [
        1634270818, 
        "0"
      ], 
      [
        1634270833, 
        "0"
      ], 
      [
        1634270848, 
        "0"
      ], 
      [
        1634270863, 
        "0"
      ], 
      [
        1634270878, 
        "0"
      ], 
      [
        1634270908, 
        "0"
      ], 
      [
        1634270953, 
        "0"
      ], 
      [
        1634270968, 
        "0"
      ], 
      [
        1634270983, 
        "0"
      ], 
      [
        1634270998, 
        "0"
      ]
    ]
  }, 
  "import_blocks": {
    "metric": {
      "instance": "172.17.0.1:3033", 
      "job": "openethereum"
    }, 
    "values": [
      [
        1634270803, 
        "0"
      ], 
      [
        1634270818, 
        "0"
      ], 
      [
        1634270833, 
        "0"
      ], 
      [
        1634270848, 
        "0"
      ], 
      [
        1634270863, 
        "0"
      ], 
      [
        1634270878, 
        "4.5"
      ], 
      [
        1634270908, 
        "3.8568"
      ], 
      [
        1634270953, 
        "0"
      ], 
      [
        1634270968, 
        "0"
      ], 
      [
        1634270983, 
        "0"
      ], 
      [
        1634270998, 
        "4.5"
      ]
    ]
  }, 
  "peer_stats": {
    "metric": {
      "__name__": "net_peers", 
      "job": "openethereum", 
      "instance": "172.17.0.1:3033"
    }, 
    "values": [
      [
        1634270803, 
        "0"
      ], 
      [
        1634270818, 
        "0"
      ], 
      [
        1634270833, 
        "0"
      ], 
      [
        1634270848, 
        "0"
      ], 
      [
        1634270863, 
        "0"
      ], 
      [
        1634270878, 
        "3"
      ], 
      [
        1634270908, 
        "1"
      ], 
      [
        1634270953, 
        "1"
      ], 
      [
        1634270968, 
        "1"
      ], 
      [
        1634270983, 
        "1"
      ], 
      [
        1634270998, 
        "2"
      ]
    ]
  }, 
  "sync_blocks_recieved": {
    "metric": {
      "instance": "172.17.0.1:3033", 
      "job": "openethereum"
    }, 
    "values": [
      [
        1634270803, 
        "0"
      ], 
      [
        1634270818, 
        "0"
      ], 
      [
        1634270833, 
        "0"
      ], 
      [
        1634270848, 
        "0"
      ], 
      [
        1634270863, 
        "0"
      ], 
      [
        1634270878, 
        "0"
      ], 
      [
        1634270908, 
        "0"
      ], 
      [
        1634270953, 
        "0"
      ], 
      [
        1634270968, 
        "0"
      ], 
      [
        1634270983, 
        "0"
      ], 
      [
        1634270998, 
        "0"
      ]
    ]
  }, 
  "kvdb_bytes_write": {
    "metric": {
      "instance": "172.17.0.1:3033", 
      "job": "openethereum"
    }, 
    "values": [
      [
        1634270803, 
        "0.2"
      ], 
      [
        1634270818, 
        "0"
      ], 
      [
        1634270833, 
        "0"
      ], 
      [
        1634270848, 
        "0"
      ], 
      [
        1634270863, 
        "0"
      ], 
      [
        1634270878, 
        "952928.9"
      ], 
      [
        1634270908, 
        "651948.3296"
      ], 
      [
        1634270953, 
        "0"
      ], 
      [
        1634270968, 
        "0"
      ], 
      [
        1634270983, 
        "0"
      ], 
      [
        1634270998, 
        "1272566.7"
      ]
    ]
  }
}