{
  "stat": {
    "blockchaincache_size": {
      "max": 6229200.0, 
      "mean": 5803848.0, 
      "variance": 499641622254.93335, 
      "pvalue": 6.533555888572996e-05, 
      "min": 4441242.4
    }, 
    "kvdb_bytes_read": {
      "max": 1148325.925, 
      "mean": 855475.5661355527, 
      "variance": 111401252655.23747, 
      "pvalue": 7.707711719661904e-09, 
      "min": 280853.76694
    }, 
    "sync_blocks_highest": {
      "max": 3.375, 
      "mean": 0.65625, 
      "variance": 1.9599609375, 
      "pvalue": 0.022230863379681307, 
      "min": 0.0
    }, 
    "import_blocks": {
      "max": 4.875675135027006, 
      "mean": 0.9375562612522504, 
      "variance": 3.902744658902214, 
      "pvalue": 0.054811242148978555, 
      "min": 0.0
    }, 
    "peer_stats": {
      "max": 5.0, 
      "mean": 2.066666666666667, 
      "variance": 2.728888888888889, 
      "pvalue": 1.0123149535194109e-11, 
      "min": 0.7000000000000001
    }, 
    "sync_blocks_recieved": {
      "max": 1.125, 
      "mean": 0.28125, 
      "variance": 1.1865234375, 
      "pvalue": 0.0005891118966770552, 
      "min": 0.0
    }, 
    "kvdb_bytes_write": {
      "max": 1028757.325, 
      "mean": 197516.53052735544, 
      "variance": 183150860381.40845, 
      "pvalue": 0.00805745679342918, 
      "min": 0.0
    }
  }, 
  "blockchaincache_size": {
    "metric": {
      "__name__": "blockchaincache_size", 
      "job": "openethereum", 
      "instance": "172.17.0.1:3033"
    }, 
    "values": [
      [
        1633911329, 
        "5664768"
      ], 
      [
        1633911344, 
        "6020704"
      ], 
      [
        1633911359, 
        "6021400"
      ], 
      [
        1633911374, 
        "6229200"
      ], 
      [
        1633911389, 
        "6229200"
      ], 
      [
        1633911419, 
        "6229200"
      ], 
      [
        1633911479, 
        "6229200"
      ], 
      [
        1633911494, 
        "6229200"
      ], 
      [
        1633911509, 
        "6229200"
      ], 
      [
        1633911524, 
        "6229200"
      ], 
      [
        1633911539, 
        "6229200"
      ], 
      [
        1633911554, 
        "6229200"
      ], 
      [
        1633911599, 
        "4191488"
      ], 
      [
        1633911614, 
        "4548280"
      ], 
      [
        1633911629, 
        "4548280"
      ]
    ]
  }, 
  "kvdb_bytes_read": {
    "metric": {
      "instance": "172.17.0.1:3033", 
      "job": "openethereum"
    }, 
    "values": [
      [
        1633911329, 
        "1158110.8"
      ], 
      [
        1633911344, 
        "946091.1"
      ], 
      [
        1633911359, 
        "448608.3"
      ], 
      [
        1633911374, 
        "1084452.6"
      ], 
      [
        1633911389, 
        "374471.6892533333"
      ], 
      [
        1633911404, 
        "679232.0883200001"
      ], 
      [
        1633911419, 
        "656253.6869066667"
      ], 
      [
        1633911449, 
        "695111.6161333334"
      ], 
      [
        1633911494, 
        "1121833.1"
      ], 
      [
        1633911509, 
        "1065718.7"
      ], 
      [
        1633911524, 
        "1106174.7"
      ], 
      [
        1633911539, 
        "1003231"
      ], 
      [
        1633911554, 
        "0"
      ], 
      [
        1633911599, 
        "1094387.777555511"
      ], 
      [
        1633911614, 
        "1145064.3"
      ], 
      [
        1633911629, 
        "1108867.6"
      ]
    ]
  }, 
  "sync_blocks_highest": {
    "metric": {
      "instance": "172.17.0.1:3033", 
      "job": "openethereum"
    }, 
    "values": [
      [
        1633911329, 
        "0"
      ], 
      [
        1633911344, 
        "0"
      ], 
      [
        1633911359, 
        "4.5"
      ], 
      [
        1633911374, 
        "3"
      ], 
      [
        1633911389, 
        "0"
      ], 
      [
        1633911404, 
        "0"
      ], 
      [
        1633911419, 
        "0"
      ], 
      [
        1633911449, 
        "0"
      ], 
      [
        1633911494, 
        "0"
      ], 
      [
        1633911509, 
        "0"
      ], 
      [
        1633911524, 
        "0"
      ], 
      [
        1633911539, 
        "0"
      ], 
      [
        1633911554, 
        "0"
      ], 
      [
        1633911599, 
        "0"
      ], 
      [
        1633911614, 
        "0"
      ], 
      [
        1633911629, 
        "3"
      ]
    ]
  }, 
  "import_blocks": {
    "metric": {
      "instance": "172.17.0.1:3033", 
      "job": "openethereum"
    }, 
    "values": [
      [
        1633911329, 
        "6"
      ], 
      [
        1633911344, 
        "0"
      ], 
      [
        1633911359, 
        "4.5"
      ], 
      [
        1633911374, 
        "0"
      ], 
      [
        1633911389, 
        "0"
      ], 
      [
        1633911404, 
        "0"
      ], 
      [
        1633911419, 
        "0"
      ], 
      [
        1633911449, 
        "0"
      ], 
      [
        1633911494, 
        "0"
      ], 
      [
        1633911509, 
        "0"
      ], 
      [
        1633911524, 
        "0"
      ], 
      [
        1633911539, 
        "0"
      ], 
      [
        1633911554, 
        "0"
      ], 
      [
        1633911599, 
        "4.500900180036007"
      ], 
      [
        1633911614, 
        "0"
      ], 
      [
        1633911629, 
        "0"
      ]
    ]
  }, 
  "peer_stats": {
    "metric": {
      "__name__": "net_peers", 
      "job": "openethereum", 
      "instance": "172.17.0.1:3033"
    }, 
    "values": [
      [
        1633911329, 
        "3"
      ], 
      [
        1633911344, 
        "2"
      ], 
      [
        1633911359, 
        "5"
      ], 
      [
        1633911374, 
        "5"
      ], 
      [
        1633911389, 
        "5"
      ], 
      [
        1633911419, 
        "3"
      ], 
      [
        1633911479, 
        "1"
      ], 
      [
        1633911494, 
        "1"
      ], 
      [
        1633911509, 
        "1"
      ], 
      [
        1633911524, 
        "1"
      ], 
      [
        1633911539, 
        "0"
      ], 
      [
        1633911554, 
        "1"
      ], 
      [
        1633911599, 
        "1"
      ], 
      [
        1633911614, 
        "1"
      ], 
      [
        1633911629, 
        "1"
      ]
    ]
  }, 
  "sync_blocks_recieved": {
    "metric": {
      "instance": "172.17.0.1:3033", 
      "job": "openethereum"
    }, 
    "values": [
      [
        1633911329, 
        "0"
      ], 
      [
        1633911344, 
        "0"
      ], 
      [
        1633911359, 
        "4.5"
      ], 
      [
        1633911374, 
        "0"
      ], 
      [
        1633911389, 
        "0"
      ], 
      [
        1633911404, 
        "0"
      ], 
      [
        1633911419, 
        "0"
      ], 
      [
        1633911449, 
        "0"
      ], 
      [
        1633911494, 
        "0"
      ], 
      [
        1633911509, 
        "0"
      ], 
      [
        1633911524, 
        "0"
      ], 
      [
        1633911539, 
        "0"
      ], 
      [
        1633911554, 
        "0"
      ], 
      [
        1633911599, 
        "0"
      ], 
      [
        1633911614, 
        "0"
      ], 
      [
        1633911629, 
        "0"
      ]
    ]
  }, 
  "kvdb_bytes_write": {
    "metric": {
      "instance": "172.17.0.1:3033", 
      "job": "openethereum"
    },