{
  "stat": {
    "blockchaincache_size": {
      "max": 6446376.799999999, 
      "mean": 6035784.842105263, 
      "variance": 248891939596.7646, 
      "pvalue": 7.808109923658972e-08, 
      "min": 4986160.0
    }, 
    "kvdb_bytes_read": {
      "max": 1180586.5999999996, 
      "mean": 667192.1127663158, 
      "variance": 193085797662.92737, 
      "pvalue": 6.987190783574764e-05, 
      "min": 0.0
    }, 
    "sync_blocks_highest": {
      "max": 6.149999999999997, 
      "mean": 1.4661473684210526, 
      "variance": 5.2648806435457045, 
      "pvalue": 0.3251153728343359, 
      "min": 0.0
    }, 
    "import_blocks": {
      "max": 4.649999999999997, 
      "mean": 1.048863157894737, 
      "variance": 2.8850822107479224, 
      "pvalue": 0.2505822557876287, 
      "min": 0.0
    }, 
    "peer_stats": {
      "max": 6.0, 
      "mean": 2.263157894736842, 
      "variance": 3.878116343490304, 
      "pvalue": 2.495569356999546e-14, 
      "min": 0.0
    }, 
    "sync_blocks_recieved": {
      "max": 6.149999999999997, 
      "mean": 0.868421052631579, 
      "variance": 4.5747922437673125, 
      "pvalue": 0.0077600870578752815, 
      "min": 0.0
    }, 
    "kvdb_bytes_write": {
      "max": 910338.3699999987, 
      "mean": 216725.0477684211, 
      "variance": 140633887474.5638, 
      "pvalue": 0.027695130175908612, 
      "min": 0.0
    }
  }, 
  "blockchaincache_size": {
    "metric": {
      "__name__": "blockchaincache_size", 
      "job": "openethereum", 
      "instance": "172.17.0.1:3033"
    }, 
    "values": [
      [
        1633911028, 
        "6283976"
      ], 
      [
        1633911043, 
        "6366872"
      ], 
      [
        1633911058, 
        "6262904"
      ], 
      [
        1633911073, 
        "6262904"
      ], 
      [
        1633911088, 
        "6385024"
      ], 
      [
        1633911103, 
        "6998552"
      ], 
      [
        1633911118, 
        "6153104"
      ], 
      [
        1633911133, 
        "6153104"
      ], 
      [
        1633911163, 
        "6153256"
      ], 
      [
        1633911178, 
        "6153256"
      ], 
      [
        1633911193, 
        "6153536"
      ], 
      [
        1633911223, 
        "6279992"
      ], 
      [
        1633911238, 
        "6279992"
      ], 
      [
        1633911253, 
        "6280408"
      ], 
      [
        1633911268, 
        "4986160"
      ], 
      [
        1633911283, 
        "4986160"
      ], 
      [
        1633911298, 
        "5212440"
      ], 
      [
        1633911313, 
        "5663504"
      ], 
      [
        1633911328, 
        "5664768"
      ]
    ]
  }, 
  "kvdb_bytes_read": {
    "metric": {
      "instance": "172.17.0.1:3033", 
      "job": "openethereum"
    }, 
    "values": [
      [
        1633911028, 
        "999462.8"
      ], 
      [
        1633911043, 
        "904300"
      ], 
      [
        1633911058, 
        "0"
      ], 
      [
        1633911073, 
        "0"
      ], 
      [
        1633911088, 
        "240525.4"
      ], 
      [
        1633911103, 
        "459711.14744000003"
      ], 
      [
        1633911118, 
        "427616.65768"
      ], 
      [
        1633911133, 
        "613707.5"
      ], 
      [
        1633911163, 
        "999304.8"
      ], 
      [
        1633911178, 
        "1079198.8"
      ], 
      [
        1633911193, 
        "1382868.8"
      ], 
      [
        1633911223, 
        "874560.2"
      ], 
      [
        1633911238, 
        "1087749.5"
      ], 
      [
        1633911253, 
        "706498.13744"
      ], 
      [
        1633911268, 
        "599701.1"
      ], 
      [
        1633911283, 
        "0"
      ], 
      [
        1633911298, 
        "22232.2"
      ], 
      [
        1633911313, 
        "1121102.3"
      ], 
      [
        1633911328, 
        "1158110.8"
      ]
    ]
  }, 
  "sync_blocks_highest": {
    "metric": {
      "instance": "172.17.0.1:3033", 
      "job": "openethereum"
    }, 
    "values": [
      [
        1633911028, 
        "0"
      ], 
      [
        1633911043, 
        "0"
      ], 
      [
        1633911058, 
        "0"
      ], 
      [
        1633911073, 
        "0"
      ], 
      [
        1633911088, 
        "7.5"
      ], 
      [
        1633911103, 
        "0"
      ], 
      [
        1633911118, 
        "3.8568"
      ], 
      [
        1633911133, 
        "4.5"
      ], 
      [
        1633911163, 
        "3"
      ], 
      [
        1633911178, 
        "1.5"
      ], 
      [
        1633911193, 
        "0"
      ], 
      [
        1633911223, 
        "6"
      ], 
      [
        1633911238, 
        "0"
      ], 
      [
        1633911253, 
        "0"
      ], 
      [
        1633911268, 
        "0"
      ], 
      [
        1633911283, 
        "0"
      ], 
      [
        1633911298, 
        "0"
      ], 
      [
        1633911313, 
        "1.5"
      ], 
      [
        1633911328, 
        "0"
      ]
    ]
  }, 
  "import_blocks": {
    "metric": {
      "instance": "172.17.0.1:3033", 
      "job": "openethereum"
    }, 
    "values": [
      [
        1633911028, 
        "0"
      ], 
      [
        1633911043, 
        "1.5"
      ], 
      [
        1633911058, 
        "0"
      ], 
      [
        1633911073, 
        "0"
      ], 
      [
        1633911088, 
        "0"
      ], 
      [
        1633911103, 
        "1.9284"
      ], 
      [
        1633911118, 
        "0"
      ], 
      [
        1633911133, 
        "0"
      ], 
      [
        1633911163, 
        "1.5"
      ], 
      [
        1633911178, 
        "0"
      ], 
      [
        1633911193, 
        "1.5"
      ], 
      [
        1633911223, 
        "3"
      ], 
      [
        1633911238, 
        "0"
      ], 
      [
        1633911253, 
        "0"
      ], 
      [
        1633911268, 
        "0"
      ], 
      [
        1633911283, 
        "0"
      ], 
      [
        1633911298, 
        "0"
      ], 
      [
        1633911313, 
        "4.5"
      ], 
      [
        1633911328, 
        "6"
      ]
    ]
  }, 
  "peer_stats": {
    "metric": {
      "__name__": "net_peers", 
      "job": "openethereum", 
      "instance": "172.17.0.1:3033"
    }, 
    "values": [
      [
        1633911028, 
        "1"
      ], 
      [
        1633911043, 
        "0"
      ], 
      [
        1633911058, 
        "0"
      ], 
      [
        1633911073, 
        "0"
      ], 
      [
        1633911088, 
        "6"
      ], 
      [
        1633911103, 
        "6"
      ], 
      [
        1633911118, 
        "5"
      ], 
      [
        1633911133, 
        "4"
      ], 
      [
        1633911163, 
        "2"
      ], 
      [
        1633911178, 
        "2"
      ], 
      [
        1633911193, 
        "2"
      ], 
      [
        1633911223, 
        "1"
      ], 
      [
        1633911238, 
        "1"
      ], 
      [
        1633911253, 
        "1"
      ], 
      [
        1633911268, 
        "1"
      ], 
      [
        1633911283, 
        "0"
      ], 
      [
        1633911298, 
        "4"
      ], 
      [
        1633911313, 
        "4"
      ], 
      [
        1633911328, 
        "3"
      ]
    ]
  }, 
  "sync_blocks_recieved": {
    "metric": {
      "instance": "172.17.0.1:3033", 
      "job": "openethereum"
    },