{
  "known_broadcasts": {
    "values": [
      [
        1633869540, 
        0.28195541152664494
      ], 
      [
        1633869555, 
        0.471205674689691
      ], 
      [
        1633869570, 
        0.44772406060587006
      ], 
      [
        1633869585, 
        0.47332865401706314
      ], 
      [
        1633869600, 
        0.5157564173074749
      ], 
      [
        1633869615, 
        0.4030670016880009
      ], 
      [
        1633869630, 
        0.3128220800405271
      ], 
      [
        1633869645, 
        0.5890380560334217
      ], 
      [
        1633869660, 
        0.47797516000333096
      ], 
      [
        1633869675, 
        0.4295096126161688
      ], 
      [
        1633869690, 
        0.5688818378012278
      ], 
      [
        1633869705, 
        0.4864638344561395
      ], 
      [
        1633869720, 
        0.5381614330517027
      ], 
      [
        1633869735, 
        0.4205766675220077
      ], 
      [
        1633869750, 
        0.45434034561382836
      ], 
      [
        1633869765, 
        0.4326176258860819
      ], 
      [
        1633869780, 
        0.39440285056751795
      ], 
      [
        1633869795, 
        0.719062033366578
      ], 
      [
        1633869810, 
        0.6663726810947678
      ], 
      [
        1633869825, 
        0.5207745935142429
      ]
    ], 
    "name": "geth.eth/fetcher/block/broadcasts/drop.meter", 
    "columns": [
      "time", 
      "mean"
    ]
  }, 
  "memory_used": {
    "values": [
      [
        1633869540, 
        2084350328
      ], 
      [
        1633869555, 
        1834890668
      ], 
      [
        1633869570, 
        1991276328
      ], 
      [
        1633869585, 
        1895478556
      ], 
      [
        1633869600, 
        1673701056
      ], 
      [
        1633869615, 
        1925060852
      ], 
      [
        1633869630, 
        1607082864
      ], 
      [
        1633869645, 
        1823915100
      ], 
      [
        1633869660, 
        2059903544
      ], 
      [
        1633869675, 
        1643828316
      ], 
      [
        1633869690, 
        1865518840
      ], 
      [
        1633869705, 
        2030894880
      ], 
      [
        1633869720, 
        1684991080
      ], 
      [
        1633869735, 
        1879338256
      ], 
      [
        1633869750, 
        1661251608
      ], 
      [
        1633869765, 
        2007037268
      ], 
      [
        1633869780, 
        1771109160
      ], 
      [
        1633869795, 
        2029476192
      ], 
      [
        1633869810, 
        1660079784
      ], 
      [
        1633869825, 
        1834942336
      ]
    ], 
    "name": "geth.system/memory/used.gauge", 
    "columns": [
      "time", 
      "mean"
    ]
  }, 
  "stat": {
    "known_broadcasts": {
      "max": 0.6690071487083583, 
      "mean": 0.4802018015701144, 
      "variance": 0.010430339748027661, 
      "pvalue": 4.014350195088794e-06, 
      "min": 0.31127874661483296
    }, 
    "memory_used": {
      "max": 2061125883.2, 
      "mean": 1848206350.8, 
      "variance": 2.28076604748963e+16, 
      "pvalue": 0.17122778068577754, 
      "min": 1641991043.3999999
    }, 
    "disk_write": {
      "max": 18435.462513010265, 
      "mean": 15769.348335511502, 
      "variance": 4986081.883097718, 
      "pvalue": 0.2764139814158461, 
      "min": 11788.862547080713
    }, 
    "disk_read": {
      "max": 25355137.714676235, 
      "mean": 22399330.8239958, 
      "variance": 3894316293828.3096, 
      "pvalue": 0.009160321903411242, 
      "min": 19282842.5889288
    }, 
    "traffic_egress": {
      "max": 74587.7907036745, 
      "mean": 30145.51411017504, 
      "variance": 508148691.21624345, 
      "pvalue": 1.426144458136877e-13, 
      "min": 11705.12284795912
    }, 
    "peer_stats": {
      "max": 50.05, 
      "mean": 48.95, 
      "variance": 0.7974999999999999, 
      "pvalue": 1.7592718760757576e-12, 
      "min": 47.949999999999996
    }, 
    "traffic_ingress": {
      "max": 169401.5036414425, 
      "mean": 153904.8051045995, 
      "variance": 105351773.50183252, 
      "pvalue": 3.571637145657647e-06, 
      "min": 140485.32780077108
    }, 
    "known_announcements": {
      "max": 1.7656795020159308, 
      "mean": 1.3637642678769575, 
      "variance": 0.05539190896174893, 
      "pvalue": 6.649075825162185e-09, 
      "min": 0.9475284161143526
    }
  }, 
  "disk_write": {
    "values": [
      [
        1633869540, 
        9494.165799620103
      ], 
      [
        1633869555, 
        14216.673392325541
      ], 
      [
        1633869570, 
        11909.636060104955
      ], 
      [
        1633869585, 
        14985.2019877003
      ], 
      [
        1633869600, 
        14872.063381073598
      ], 
      [
        1633869615, 
        16235.352928941458
      ], 
      [
        1633869630, 
        16340.663493555774
      ], 
      [
        1633869645, 
        16282.339584780784
      ], 
      [
        1633869660, 
        15757.991605556677
      ], 
      [
        1633869675, 
        16544.44085953195
      ], 
      [
        1633869690, 
        16457.87247338959
      ], 
      [
        1633869705, 
        16581.318342579954
      ], 
      [
        1633869720, 
        14957.235242779638
      ], 
      [
        1633869735, 
        20351.138185364893
      ], 
      [
        1633869750, 
        17934.22430806209
      ], 
      [
        1633869765, 
        18334.63747762318
      ], 
      [
        1633869780, 
        17584.895106724634
      ], 
      [
        1633869795, 
        16828.85516270299
      ], 
      [
        1633869810, 
        15057.975705940089
      ], 
      [
        1633869825, 
        14660.285611871845
      ]
    ], 
    "name": "geth.eth/db/chaindata/disk/write.meter", 
    "columns": [
      "time", 
      "mean"
    ]
  }, 
  "disk_read": {
    "values": [
      [
        1633869540, 
        23291781.768736012
      ], 
      [
        1633869555, 
        23543182.07471087
      ], 
      [
        1633869570, 
        22644652.723611
      ], 
      [
        1633869585, 
        25238541.41714737
      ], 
      [
        1633869600, 
        25335706.770989902
      ], 
      [
        1633869615, 
        25724325.64471656
      ], 
      [
        1633869630, 
        24464640.240669586
      ], 
      [
        1633869645, 
        23721029.855604615
      ], 
      [
        1633869660, 
        22510257.42566411
      ], 
      [
        1633869675, 
        21644174.174570598
      ], 
      [
        1633869690, 
        20300021.40414641
      ], 
      [
        1633869705, 
        19797039.80334399
      ], 
      [
        1633869720, 
        18657315.833209027
      ], 
      [
        1633869735, 
        19315765.04975616
      ], 
      [
        1633869750, 
        20561236.286450926
      ], 
      [
        1633869765, 
        22295621.100375682
      ], 
      [
        1633869780, 
        22536504.987934727
      ], 
      [
        1633869795, 
        23524009.240617283
      ], 
      [
        1633869810, 
        21744622.08129444
      ], 
      [
        1633869825, 
        21136188.59636677
      ]
    ], 
    "name": "geth.eth/db/chaindata/disk/read.meter", 
    "columns": [
      "time", 
      "mean"
    ]
  },