{
  "stat": {
    "blockchaincache_size": {
      "max": 8533984.0, 
      "mean": 4145200.761904762, 
      "variance": 6979121635272.56, 
      "pvalue": 0.3360568508713647, 
      "min": 1070792.0
    }, 
    "kvdb_bytes_read": {
      "max": 664194.9, 
      "mean": 294790.11904761905, 
      "variance": 64851013567.22154, 
      "pvalue": 0.1854349046655221, 
      "min": 4627.0
    }, 
    "sync_blocks_highest": {
      "max": 3.0, 
      "mean": 0.7857142857142857, 
      "variance": 1.2040816326530612, 
      "pvalue": 0.11371396698537611, 
      "min": 0.0
    }, 
    "import_blocks": {
      "max": 3.0, 
      "mean": 1.1428571428571428, 
      "variance": 1.6938775510204085, 
      "pvalue": 0.40477707384070183, 
      "min": 0.0
    }, 
    "peer_stats": {
      "max": 21.0, 
      "mean": 7.285714285714286, 
      "variance": 43.72789115646259, 
      "pvalue": 2.4857770518741676e-13, 
      "min": 2.0
    }, 
    "sync_blocks_recieved": {
      "max": 3.0, 
      "mean": 0.7857142857142857, 
      "variance": 1.4183673469387759, 
      "pvalue": 0.08908334775742432, 
      "min": 0.0
    }, 
    "kvdb_bytes_write": {
      "max": 631266.3, 
      "mean": 220161.92857142858, 
      "variance": 57828456152.634415, 
      "pvalue": 0.12980796190474186, 
      "min": 0.0
    }
  }, 
  "blockchaincache_size": {
    "metric": {
      "__name__": "blockchaincache_size", 
      "job": "openethereum", 
      "instance": "172.17.0.1:3033"
    }, 
    "values": [
      [
        1633902918, 
        "5675000"
      ], 
      [
        1633902933, 
        "5814224"
      ], 
      [
        1633902948, 
        "6033256"
      ], 
      [
        1633902963, 
        "6252760"
      ], 
      [
        1633902978, 
        "6253864"
      ], 
      [
        1633902993, 
        "11655600"
      ], 
      [
        1633903008, 
        "2473512"
      ], 
      [
        1633903023, 
        "2473512"
      ], 
      [
        1633903038, 
        "2570648"
      ], 
      [
        1633903053, 
        "2638456"
      ], 
      [
        1633903068, 
        "2894520"
      ], 
      [
        1633903083, 
        "2894520"
      ], 
      [
        1633903098, 
        "3046872"
      ], 
      [
        1633903113, 
        "8533984"
      ], 
      [
        1633903128, 
        "1069464"
      ], 
      [
        1633903143, 
        "1070792"
      ], 
      [
        1633903158, 
        "1070792"
      ], 
      [
        1633903173, 
        "2130264"
      ], 
      [
        1633903188, 
        "2130264"
      ], 
      [
        1633903203, 
        "5153800"
      ], 
      [
        1633903218, 
        "5213112"
      ]
    ]
  }, 
  "kvdb_bytes_read": {
    "metric": {
      "instance": "172.17.0.1:3033", 
      "job": "openethereum"
    }, 
    "values": [
      [
        1633902918, 
        "9487"
      ], 
      [
        1633902933, 
        "602650.8"
      ], 
      [
        1633902948, 
        "20044.5"
      ], 
      [
        1633902963, 
        "410472"
      ], 
      [
        1633902978, 
        "26377.2"
      ], 
      [
        1633902993, 
        "937075.4"
      ], 
      [
        1633903008, 
        "441605"
      ], 
      [
        1633903023, 
        "4556.8"
      ], 
      [
        1633903038, 
        "421494.3"
      ], 
      [
        1633903053, 
        "4627"
      ], 
      [
        1633903068, 
        "424148.9"
      ], 
      [
        1633903083, 
        "7361.5"
      ], 
      [
        1633903098, 
        "397649.5"
      ], 
      [
        1633903113, 
        "394575.6"
      ], 
      [
        1633903128, 
        "12344.3"
      ], 
      [
        1633903143, 
        "356131.3"
      ], 
      [
        1633903158, 
        "296482"
      ], 
      [
        1633903173, 
        "247613.5"
      ], 
      [
        1633903188, 
        "81110.9"
      ], 
      [
        1633903203, 
        "664194.9"
      ], 
      [
        1633903218, 
        "430590.1"
      ]
    ]
  }, 
  "sync_blocks_highest": {
    "metric": {
      "instance": "172.17.0.1:3033", 
      "job": "openethereum"
    }, 
    "values": [
      [
        1633902918, 
        "0"
      ], 
      [
        1633902933, 
        "1.5"
      ], 
      [
        1633902948, 
        "0"
      ], 
      [
        1633902963, 
        "3"
      ], 
      [
        1633902978, 
        "0"
      ], 
      [
        1633902993, 
        "1.5"
      ], 
      [
        1633903008, 
        "1.5"
      ], 
      [
        1633903023, 
        "0"
      ], 
      [
        1633903038, 
        "0"
      ], 
      [
        1633903053, 
        "0"
      ], 
      [
        1633903068, 
        "0"
      ], 
      [
        1633903083, 
        "0"
      ], 
      [
        1633903098, 
        "0"
      ], 
      [
        1633903113, 
        "1.5"
      ], 
      [
        1633903128, 
        "0"
      ], 
      [
        1633903143, 
        "0"
      ], 
      [
        1633903158, 
        "3"
      ], 
      [
        1633903173, 
        "0"
      ], 
      [
        1633903188, 
        "1.5"
      ], 
      [
        1633903203, 
        "3"
      ], 
      [
        1633903218, 
        "0"
      ]
    ]
  }, 
  "import_blocks": {
    "metric": {
      "instance": "172.17.0.1:3033", 
      "job": "openethereum"
    }, 
    "values": [
      [
        1633902918, 
        "0"
      ], 
      [
        1633902933, 
        "1.5"
      ], 
      [
        1633902948, 
        "0"
      ], 
      [
        1633902963, 
        "3"
      ], 
      [
        1633902978, 
        "0"
      ], 
      [
        1633902993, 
        "3"
      ], 
      [
        1633903008, 
        "1.5"
      ], 
      [
        1633903023, 
        "0"
      ], 
      [
        1633903038, 
        "3"
      ], 
      [
        1633903053, 
        "0"
      ], 
      [
        1633903068, 
        "1.5"
      ], 
      [
        1633903083, 
        "0"
      ], 
      [
        1633903098, 
        "1.5"
      ], 
      [
        1633903113, 
        "1.5"
      ], 
      [
        1633903128, 
        "0"
      ], 
      [
        1633903143, 
        "0"
      ], 
      [
        1633903158, 
        "0"
      ], 
      [
        1633903173, 
        "1.5"
      ], 
      [
        1633903188, 
        "0"
      ], 
      [
        1633903203, 
        "4.5"
      ], 
      [
        1633903218, 
        "1.5"
      ]
    ]
  }, 
  "peer_stats": {
    "metric": {
      "__name__": "net_peers", 
      "job": "openethereum", 
      "instance": "172.17.0.1:3033"
    }, 
    "values": [
      [
        1633902918, 
        "30"
      ], 
      [
        1633902933, 
        "21"
      ], 
      [
        1633902948, 
        "10"
      ], 
      [
        1633902963, 
        "9"
      ], 
      [
        1633902978, 
        "8"
      ], 
      [
        1633902993, 
        "9"
      ], 
      [
        1633903008, 
        "5"
      ], 
      [
        1633903023, 
        "4"
      ], 
      [
        1633903038, 
        "5"
      ], 
      [
        1633903053, 
        "5"
      ], 
      [
        1633903068, 
        "6"
      ], 
      [
        1633903083, 
        "8"
      ], 
      [
        1633903098, 
        "4"
      ], 
      [
        1633903113, 
        "2"
      ], 
      [
        1633903128, 
        "2"
      ], 
      [
        1633903143, 
        "3"
      ], 
      [
        1633903158, 
        "3"
      ], 
      [
        1633903173, 
        "1"
      ], 
      [
        1633903188, 
        "4"
      ], 
      [
        1633903203, 
        "10"
      ], 
      [
        1633903218, 
        "4"
      ]
    ]
  }, 
  "sync_blocks_recieved": {
    "metric": {
      "instance": "172.17.0.1:3033", 
      "job": "openethereum"
    },