{
  "stat": {
    "blockchaincache_size": {
      "max": 6234168.0, 
      "mean": 5944892.19047619, 
      "variance": 44744624527.96371, 
      "pvalue": 3.791482130685781e-08, 
      "min": 5611208.0
    }, 
    "kvdb_bytes_read": {
      "max": 503597.1, 
      "mean": 270757.5761904762, 
      "variance": 36287902227.35991, 
      "pvalue": 0.09370807452515645, 
      "min": 8556.3
    }, 
    "sync_blocks_highest": {
      "max": 3.0, 
      "mean": 1.2142857142857142, 
      "variance": 1.418367346938775, 
      "pvalue": 0.29381035466814487, 
      "min": 0.0
    }, 
    "import_blocks": {
      "max": 4.5, 
      "mean": 1.6428571428571428, 
      "variance": 2.1224489795918364, 
      "pvalue": 0.030232042539187397, 
      "min": 0.0
    }, 
    "peer_stats": {
      "max": 31.0, 
      "mean": 30.523809523809526, 
      "variance": 0.2494331065759636, 
      "pvalue": 3.7794212863573426e-11, 
      "min": 30.0
    }, 
    "sync_blocks_recieved": {
      "max": 3.0, 
      "mean": 1.2142857142857142, 
      "variance": 1.418367346938775, 
      "pvalue": 0.299867089919986, 
      "min": 0.0
    }, 
    "kvdb_bytes_write": {
      "max": 746804.4, 
      "mean": 342475.2952380952, 
      "variance": 69712853947.41951, 
      "pvalue": 0.27949590653031925, 
      "min": 0.0
    }
  }, 
  "blockchaincache_size": {
    "metric": {
      "__name__": "blockchaincache_size", 
      "job": "openethereum", 
      "instance": "172.17.0.1:3033"
    }, 
    "values": [
      [
        1633902618, 
        "5873464"
      ], 
      [
        1633902633, 
        "6045320"
      ], 
      [
        1633902648, 
        "6045320"
      ], 
      [
        1633902663, 
        "6118392"
      ], 
      [
        1633902678, 
        "6124696"
      ], 
      [
        1633902693, 
        "5611208"
      ], 
      [
        1633902708, 
        "5611208"
      ], 
      [
        1633902723, 
        "5884264"
      ], 
      [
        1633902738, 
        "5926648"
      ], 
      [
        1633902753, 
        "5930544"
      ], 
      [
        1633902768, 
        "6099032"
      ], 
      [
        1633902783, 
        "6099032"
      ], 
      [
        1633902798, 
        "6156584"
      ], 
      [
        1633902813, 
        "5866504"
      ], 
      [
        1633902828, 
        "5866504"
      ], 
      [
        1633902843, 
        "6065416"
      ], 
      [
        1633902858, 
        "6234168"
      ], 
      [
        1633902873, 
        "6338376"
      ], 
      [
        1633902888, 
        "5596056"
      ], 
      [
        1633902903, 
        "5675000"
      ], 
      [
        1633902918, 
        "5675000"
      ]
    ]
  }, 
  "kvdb_bytes_read": {
    "metric": {
      "instance": "172.17.0.1:3033", 
      "job": "openethereum"
    }, 
    "values": [
      [
        1633902618, 
        "333328.9"
      ], 
      [
        1633902633, 
        "492900.7"
      ], 
      [
        1633902648, 
        "5295.9"
      ], 
      [
        1633902663, 
        "425170.4"
      ], 
      [
        1633902678, 
        "358222.1"
      ], 
      [
        1633902693, 
        "90402"
      ], 
      [
        1633902708, 
        "8556.3"
      ], 
      [
        1633902723, 
        "478999.1"
      ], 
      [
        1633902738, 
        "251981.7"
      ], 
      [
        1633902753, 
        "292073.1"
      ], 
      [
        1633902768, 
        "228225.2"
      ], 
      [
        1633902783, 
        "10941.4"
      ], 
      [
        1633902798, 
        "449813.3"
      ], 
      [
        1633902813, 
        "430505.8"
      ], 
      [
        1633902828, 
        "12085.7"
      ], 
      [
        1633902843, 
        "371760.6"
      ], 
      [
        1633902858, 
        "515775.3"
      ], 
      [
        1633902873, 
        "503597.1"
      ], 
      [
        1633902888, 
        "25260.6"
      ], 
      [
        1633902903, 
        "391526.9"
      ], 
      [
        1633902918, 
        "9487"
      ]
    ]
  }, 
  "sync_blocks_highest": {
    "metric": {
      "instance": "172.17.0.1:3033", 
      "job": "openethereum"
    }, 
    "values": [
      [
        1633902618, 
        "0"
      ], 
      [
        1633902633, 
        "1.5"
      ], 
      [
        1633902648, 
        "0"
      ], 
      [
        1633902663, 
        "1.5"
      ], 
      [
        1633902678, 
        "3"
      ], 
      [
        1633902693, 
        "0"
      ], 
      [
        1633902708, 
        "0"
      ], 
      [
        1633902723, 
        "3"
      ], 
      [
        1633902738, 
        "1.5"
      ], 
      [
        1633902753, 
        "3"
      ], 
      [
        1633902768, 
        "0"
      ], 
      [
        1633902783, 
        "1.5"
      ], 
      [
        1633902798, 
        "1.5"
      ], 
      [
        1633902813, 
        "3"
      ], 
      [
        1633902828, 
        "0"
      ], 
      [
        1633902843, 
        "1.5"
      ], 
      [
        1633902858, 
        "3"
      ], 
      [
        1633902873, 
        "0"
      ], 
      [
        1633902888, 
        "1.5"
      ], 
      [
        1633902903, 
        "0"
      ], 
      [
        1633902918, 
        "0"
      ]
    ]
  }, 
  "import_blocks": {
    "metric": {
      "instance": "172.17.0.1:3033", 
      "job": "openethereum"
    }, 
    "values": [
      [
        1633902618, 
        "1.5"
      ], 
      [
        1633902633, 
        "1.5"
      ], 
      [
        1633902648, 
        "0"
      ], 
      [
        1633902663, 
        "1.5"
      ], 
      [
        1633902678, 
        "1.5"
      ], 
      [
        1633902693, 
        "1.5"
      ], 
      [
        1633902708, 
        "0"
      ], 
      [
        1633902723, 
        "4.5"
      ], 
      [
        1633902738, 
        "1.5"
      ], 
      [
        1633902753, 
        "1.5"
      ], 
      [
        1633902768, 
        "1.5"
      ], 
      [
        1633902783, 
        "0"
      ], 
      [
        1633902798, 
        "1.5"
      ], 
      [
        1633902813, 
        "3"
      ], 
      [
        1633902828, 
        "0"
      ], 
      [
        1633902843, 
        "4.5"
      ], 
      [
        1633902858, 
        "4.5"
      ], 
      [
        1633902873, 
        "3"
      ], 
      [
        1633902888, 
        "0"
      ], 
      [
        1633902903, 
        "1.5"
      ], 
      [
        1633902918, 
        "0"
      ]
    ]
  }, 
  "peer_stats": {
    "metric": {
      "__name__": "net_peers", 
      "job": "openethereum", 
      "instance": "172.17.0.1:3033"
    }, 
    "values": [
      [
        1633902618, 
        "31"
      ], 
      [
        1633902633, 
        "31"
      ], 
      [
        1633902648, 
        "31"
      ], 
      [
        1633902663, 
        "31"
      ], 
      [
        1633902678, 
        "31"
      ], 
      [
        1633902693, 
        "31"
      ], 
      [
        1633902708, 
        "31"
      ], 
      [
        1633902723, 
        "31"
      ], 
      [
        1633902738, 
        "31"
      ], 
      [
        1633902753, 
        "31"
      ], 
      [
        1633902768, 
        "31"
      ], 
      [
        1633902783, 
        "30"
      ], 
      [
        1633902798, 
        "30"
      ], 
      [
        1633902813, 
        "30"
      ], 
      [
        1633902828, 
        "30"
      ], 
      [
        1633902843, 
        "30"
      ], 
      [
        1633902858, 
        "30"
      ], 
      [
        1633902873, 
        "30"
      ], 
      [
        1633902888, 
        "30"
      ], 
      [
        1633902903, 
        "30"
      ], 
      [
        1633902918, 
        "30"
      ]
    ]
  }, 
  "sync_blocks_recieved": {
    "metric": {
      "instance": "172.17.0.1:3033", 
      "job": "openethereum"
    },