{
  "known_broadcasts": {
    "values": [
      [
        1633886055, 
        1.3940737482829606
      ], 
      [
        1633886070, 
        1.3898692197188505
      ], 
      [
        1633886085, 
        1.3410461775588156
      ], 
      [
        1633886100, 
        1.0481226608245306
      ], 
      [
        1633886115, 
        0.8191146908171887
      ], 
      [
        1633886130, 
        0.9229282246951193
      ], 
      [
        1633886145, 
        0.7348576392218782
      ], 
      [
        1633886160, 
        0.5997513349847862
      ], 
      [
        1633886175, 
        0.7411808228186778
      ], 
      [
        1633886190, 
        0.8685927035380532
      ], 
      [
        1633886205, 
        0.9460757985137986
      ], 
      [
        1633886220, 
        1.054374951986529
      ], 
      [
        1633886235, 
        1.1835710207230792
      ], 
      [
        1633886250, 
        1.2653491178649299
      ], 
      [
        1633886265, 
        1.1190327808995923
      ], 
      [
        1633886280, 
        1.4247449508684136
      ], 
      [
        1633886295, 
        1.4204925269115718
      ], 
      [
        1633886310, 
        1.1978018620882869
      ], 
      [
        1633886325, 
        0.9496731783973966
      ], 
      [
        1633886340, 
        0.9929034209011571
      ], 
      [
        1633886355, 
        1.0771537866644658
      ]
    ], 
    "name": "geth.eth/fetcher/block/broadcasts/drop.meter", 
    "columns": [
      "time", 
      "mean"
    ]
  }, 
  "memory_used": {
    "values": [
      [
        1633886055, 
        1796859648
      ], 
      [
        1633886070, 
        1919762984
      ], 
      [
        1633886085, 
        1833139196
      ], 
      [
        1633886100, 
        1704403912
      ], 
      [
        1633886115, 
        1911917172
      ], 
      [
        1633886130, 
        2090381064
      ], 
      [
        1633886145, 
        1833356280
      ], 
      [
        1633886160, 
        2068563080
      ], 
      [
        1633886175, 
        1906175696
      ], 
      [
        1633886190, 
        1577861880
      ], 
      [
        1633886205, 
        1802283648
      ], 
      [
        1633886220, 
        1978105016
      ], 
      [
        1633886235, 
        1628404696
      ], 
      [
        1633886250, 
        1852638768
      ], 
      [
        1633886265, 
        1806237964
      ], 
      [
        1633886280, 
        1726490712
      ], 
      [
        1633886295, 
        1991583520
      ], 
      [
        1633886310, 
        1615563056
      ], 
      [
        1633886325, 
        1840053016
      ], 
      [
        1633886340, 
        2020004816
      ], 
      [
        1633886355, 
        1636373144
      ]
    ], 
    "name": "geth.system/memory/used.gauge", 
    "columns": [
      "time", 
      "mean"
    ]
  }, 
  "stat": {
    "known_broadcasts": {
      "max": 1.4204925269115718, 
      "mean": 1.0709862199180993, 
      "variance": 0.05726381755509335, 
      "pvalue": 6.896100713876808e-11, 
      "min": 0.7348576392218782
    }, 
    "memory_used": {
      "max": 2068563080.0, 
      "mean": 1835245679.4285715, 
      "variance": 2.124251020532155e+16, 
      "pvalue": 0.2748070836675546, 
      "min": 1615563056.0
    }, 
    "disk_write": {
      "max": 108992.54339768158, 
      "mean": 35885.08845439242, 
      "variance": 1237819881.0128412, 
      "pvalue": 0.05172620778929505, 
      "min": 5526.427927029456
    }, 
    "disk_read": {
      "max": 40889363.30592037, 
      "mean": 23108388.08218239, 
      "variance": 75200399936171.67, 
      "pvalue": 0.31860018544907975, 
      "min": 14546538.947050601
    }, 
    "traffic_egress": {
      "max": 3785.7608405849783, 
      "mean": 3070.653990579844, 
      "variance": 284822.01854550943, 
      "pvalue": 0.0005754981846194471, 
      "min": 2344.9089543880627
    }, 
    "peer_stats": {
      "max": 50.0, 
      "mean": 48.976190476190474, 
      "variance": 0.939909297052154, 
      "pvalue": 5.823030470844691e-14, 
      "min": 47.0
    }, 
    "traffic_ingress": {
      "max": 209602.79640767645, 
      "mean": 183148.40364392113, 
      "variance": 308544401.8669596, 
      "pvalue": 0.011320790311231666, 
      "min": 156730.62882587966
    }, 
    "known_announcements": {
      "max": 2.310719875783871, 
      "mean": 1.7517221191232022, 
      "variance": 0.1568238620715941, 
      "pvalue": 0.004953388528928784, 
      "min": 1.1682337972746137
    }
  }, 
  "disk_write": {
    "values": [
      [
        1633886055, 
        17282.20204632907
      ], 
      [
        1633886070, 
        17576.71920279977
      ], 
      [
        1633886085, 
        24840.32855542888
      ], 
      [
        1633886100, 
        23033.387409630108
      ], 
      [
        1633886115, 
        24552.50440325917
      ], 
      [
        1633886130, 
        26043.06611926084
      ], 
      [
        1633886145, 
        140435.4119375506
      ], 
      [
        1633886160, 
        108992.54339768158
      ], 
      [
        1633886175, 
        85184.31955855992
      ], 
      [
        1633886190, 
        66140.80661656552
      ], 
      [
        1633886205, 
        51707.91809798009
      ], 
      [
        1633886220, 
        40149.63768425554
      ], 
      [
        1633886235, 
        31389.666022323196
      ], 
      [
        1633886250, 
        24373.084767670458
      ], 
      [
        1633886265, 
        19064.622767728295
      ], 
      [
        1633886280, 
        14827.55043959335
      ], 
      [
        1633886295, 
        11615.066838224418
      ], 
      [
        1633886310, 
        9033.613690489892
      ], 
      [
        1633886325, 
        7085.1997494835805
      ], 
      [
        1633886340, 
        5526.427927029456
      ], 
      [
        1633886355, 
        4732.780310397051
      ]
    ], 
    "name": "geth.eth/db/chaindata/disk/write.meter", 
    "columns": [
      "time", 
      "mean"
    ]
  }, 
  "disk_read": {
    "values": [
      [
        1633886055, 
        14705990.069315834
      ], 
      [
        1633886070, 
        14467810.48501616
      ], 
      [
        1633886085, 
        14546538.947050601
      ], 
      [
        1633886100, 
        14762693.413938243
      ], 
      [
        1633886115, 
        15069223.25314092
      ], 
      [
        1633886130, 
        15325078.246505491
      ], 
      [
        1633886145, 
        29662335.63759686
      ], 
      [
        1633886160, 
        44530076.05414819
      ], 
      [
        1633886175, 
        40889363.30592037
      ], 
      [
        1633886190, 
        35503745.64694516
      ], 
      [
        1633886205, 
        31455896.44779682
      ], 
      [
        1633886220, 
        27998861.327113826
      ], 
      [
        1633886235, 
        25237336.47234978
      ], 
      [
        1633886250, 
        23485357.849986784
      ], 
      [
        1633886265, 
        22070871.8381392
      ], 
      [
        1633886280, 
        20927973.123118978
      ], 
      [
        1633886295, 
        20071215.261752203
      ], 
      [
        1633886310, 
        19281486.265174437
      ], 
      [
        1633886325, 
        18870686.378115974
      ], 
      [
        1633886340, 
        18482575.613537002
      ], 
      [
        1633886355, 
        17931034.089167334
      ]
    ], 
    "name": "geth.eth/db/chaindata/disk/read.meter", 
    "columns": [
      "time", 
      "mean"
    ]
  },