{
  "known_broadcasts": {
    "values": [
      [
        1633885755, 
        0.7501841731209976
      ], 
      [
        1633885770, 
        0.8269105977387252
      ], 
      [
        1633885785, 
        1.059624450917634
      ], 
      [
        1633885800, 
        0.8364546776215452
      ], 
      [
        1633885815, 
        0.9856370951411199
      ], 
      [
        1633885830, 
        1.0163025154619036
      ], 
      [
        1633885845, 
        1.3667758256113747
      ], 
      [
        1633885860, 
        1.199272693542907
      ], 
      [
        1633885875, 
        1.1444676246285788
      ], 
      [
        1633885890, 
        0.9317822798225023
      ], 
      [
        1633885905, 
        0.9735842764134408
      ], 
      [
        1633885920, 
        1.0072889443047568
      ], 
      [
        1633885935, 
        1.045336781325446
      ], 
      [
        1633885950, 
        0.8719924473768128
      ], 
      [
        1633885965, 
        0.8053950318699293
      ], 
      [
        1633885980, 
        0.726240565962301
      ], 
      [
        1633885995, 
        0.6638325219645798
      ], 
      [
        1633886010, 
        0.8433368480533402
      ], 
      [
        1633886025, 
        1.0424446783356138
      ], 
      [
        1633886040, 
        1.170990208963018
      ], 
      [
        1633886055, 
        1.5758698364550963
      ]
    ], 
    "name": "geth.eth/fetcher/block/broadcasts/drop.meter", 
    "columns": [
      "time", 
      "mean"
    ]
  }, 
  "memory_used": {
    "values": [
      [
        1633885755, 
        1987696832
      ], 
      [
        1633885770, 
        1604825528
      ], 
      [
        1633885785, 
        1821156152
      ], 
      [
        1633885800, 
        1985677448
      ], 
      [
        1633885815, 
        1626784608
      ], 
      [
        1633885830, 
        1807570944
      ], 
      [
        1633885845, 
        2015708956
      ], 
      [
        1633885860, 
        1617405200
      ], 
      [
        1633885875, 
        1813390724
      ], 
      [
        1633885890, 
        1969321160
      ], 
      [
        1633885905, 
        1649541276
      ], 
      [
        1633885920, 
        1820650712
      ], 
      [
        1633885935, 
        2021473568
      ], 
      [
        1633885950, 
        1598456856
      ], 
      [
        1633885965, 
        1792549096
      ], 
      [
        1633885980, 
        1954671392
      ], 
      [
        1633885995, 
        1860663372
      ], 
      [
        1633886010, 
        1753285024
      ], 
      [
        1633886025, 
        1964629216
      ], 
      [
        1633886040, 
        1565415192
      ], 
      [
        1633886055, 
        1700820336
      ]
    ], 
    "name": "geth.system/memory/used.gauge", 
    "columns": [
      "time", 
      "mean"
    ]
  }, 
  "stat": {
    "known_broadcasts": {
      "max": 1.3667758256113747, 
      "mean": 0.9925582892681726, 
      "variance": 0.045426790028004295, 
      "pvalue": 4.834290125027754e-10, 
      "min": 0.726240565962301
    }, 
    "memory_used": {
      "max": 2015708956.0, 
      "mean": 1806271123.4285715, 
      "variance": 2.289271638755696e+16, 
      "pvalue": 0.4104884649386372, 
      "min": 1598456856.0
    }, 
    "disk_write": {
      "max": 28335.49050876187, 
      "mean": 23194.10636270006, 
      "variance": 15676461.549983624, 
      "pvalue": 0.013396943968147532, 
      "min": 17481.271466095386
    }, 
    "disk_read": {
      "max": 17148854.93512126, 
      "mean": 15822733.518453583, 
      "variance": 632303830835.5586, 
      "pvalue": 1.3720390560235377e-14, 
      "min": 14896081.368344624
    }, 
    "traffic_egress": {
      "max": 8392.50333517669, 
      "mean": 4842.661577764777, 
      "variance": 3756641.023789046, 
      "pvalue": 0.021543563920505843, 
      "min": 3046.1984967780536
    }, 
    "peer_stats": {
      "max": 49.5, 
      "mean": 48.142857142857146, 
      "variance": 0.9557823129251704, 
      "pvalue": 1.3006477377584443e-16, 
      "min": 47.0
    }, 
    "traffic_ingress": {
      "max": 172454.3188915172, 
      "mean": 155606.09123404842, 
      "variance": 197320210.37329513, 
      "pvalue": 5.34496303422315e-05, 
      "min": 128514.88683087085
    }, 
    "known_announcements": {
      "max": 2.073839877609094, 
      "mean": 1.6557409272239478, 
      "variance": 0.06453961181077748, 
      "pvalue": 0.0001432707268237947, 
      "min": 1.3301142817572094
    }
  }, 
  "disk_write": {
    "values": [
      [
        1633885755, 
        23875.603507497715
      ], 
      [
        1633885770, 
        23864.43353690321
      ], 
      [
        1633885785, 
        24987.01618517113
      ], 
      [
        1633885800, 
        24908.37092627646
      ], 
      [
        1633885815, 
        24150.003333665056
      ], 
      [
        1633885830, 
        23835.817843986602
      ], 
      [
        1633885845, 
        22595.3210639171
      ], 
      [
        1633885860, 
        19270.697884558715
      ], 
      [
        1633885875, 
        17650.19402779206
      ], 
      [
        1633885890, 
        16743.153027431596
      ], 
      [
        1633885905, 
        17481.271466095386
      ], 
      [
        1633885920, 
        19066.35027872831
      ], 
      [
        1633885935, 
        28146.81360025837
      ], 
      [
        1633885950, 
        27914.090397621003
      ], 
      [
        1633885965, 
        28304.976820661475
      ], 
      [
        1633885980, 
        28952.41163969331
      ], 
      [
        1633885995, 
        28335.49050876187
      ], 
      [
        1633886010, 
        26550.731083450824
      ], 
      [
        1633886025, 
        22770.62385904049
      ], 
      [
        1633886040, 
        19575.168202240333
      ], 
      [
        1633886055, 
        18097.69442295021
      ]
    ], 
    "name": "geth.eth/db/chaindata/disk/write.meter", 
    "columns": [
      "time", 
      "mean"
    ]
  }, 
  "disk_read": {
    "values": [
      [
        1633885755, 
        18020187.883311994
      ], 
      [
        1633885770, 
        17148854.93512126
      ], 
      [
        1633885785, 
        16794386.42012869
      ], 
      [
        1633885800, 
        16513138.564203233
      ], 
      [
        1633885815, 
        16120344.948437825
      ], 
      [
        1633885830, 
        16049027.548942368
      ], 
      [
        1633885845, 
        15857370.13339556
      ], 
      [
        1633885860, 
        15495129.082980094
      ], 
      [
        1633885875, 
        15215320.191071682
      ], 
      [
        1633885890, 
        15038926.691184497
      ], 
      [
        1633885905, 
        15206657.417115431
      ], 
      [
        1633885920, 
        15266603.351664329
      ], 
      [
        1633885935, 
        15490795.633761058
      ], 
      [
        1633885950, 
        15654762.701448852
      ], 
      [
        1633885965, 
        15917994.280331872
      ], 
      [
        1633885980, 
        16214878.016287886
      ], 
      [
        1633885995, 
        15979353.347312368
      ], 
      [
        1633886010, 
        15655063.385695174
      ], 
      [
        1633886025, 
        15275369.85251666
      ], 
      [
        1633886040, 
        14896081.368344624
      ], 
      [
        1633886055, 
        14467158.134269862
      ]
    ], 
    "name": "geth.eth/db/chaindata/disk/read.meter", 
    "columns": [
      "time", 
      "mean"
    ]
  },