{
  "known_broadcasts": {
    "values": [
      [
        1634246445, 
        0.4938964499617477
      ], 
      [
        1634246460, 
        0.44877797390284824
      ], 
      [
        1634246475, 
        0.5077235452812
      ], 
      [
        1634246490, 
        0.6013865817814946
      ], 
      [
        1634246505, 
        1.0030963643559359
      ], 
      [
        1634246520, 
        1.0032062717716181
      ], 
      [
        1634246535, 
        0.9819622135309682
      ], 
      [
        1634246550, 
        0.809317842111737
      ], 
      [
        1634246565, 
        0.7032197310057458
      ], 
      [
        1634246580, 
        0.6118000772625407
      ], 
      [
        1634246595, 
        0.5611118327341946
      ], 
      [
        1634246610, 
        0.5138265563368946
      ], 
      [
        1634246625, 
        0.5417879462059437
      ], 
      [
        1634246640, 
        0.42722867936443243
      ], 
      [
        1634246655, 
        0.4372275665183451
      ], 
      [
        1634246670, 
        0.4570345488476847
      ], 
      [
        1634246685, 
        0.49536851398029885
      ], 
      [
        1634246700, 
        0.43243104257629267
      ], 
      [
        1634246715, 
        0.49605685573730757
      ], 
      [
        1634246730, 
        0.7145940909104754
      ], 
      [
        1634246745, 
        0.6675767278406876
      ]
    ], 
    "name": "geth.eth/fetcher/block/broadcasts/drop.meter", 
    "columns": [
      "time", 
      "mean"
    ]
  }, 
  "memory_used": {
    "values": [
      [
        1634246445, 
        1704290880
      ], 
      [
        1634246460, 
        1854067736
      ], 
      [
        1634246475, 
        2084995932
      ], 
      [
        1634246490, 
        1744293000
      ], 
      [
        1634246505, 
        2011664916
      ], 
      [
        1634246520, 
        1680016104
      ], 
      [
        1634246535, 
        1915526636
      ], 
      [
        1634246550, 
        2153366552
      ], 
      [
        1634246565, 
        1795331476
      ], 
      [
        1634246580, 
        2035154640
      ], 
      [
        1634246595, 
        1957994968
      ], 
      [
        1634246610, 
        1890837696
      ], 
      [
        1634246625, 
        1826801484
      ], 
      [
        1634246640, 
        1769143912
      ], 
      [
        1634246655, 
        1997422516
      ], 
      [
        1634246670, 
        1639863576
      ], 
      [
        1634246685, 
        1893322672
      ], 
      [
        1634246700, 
        2147086632
      ], 
      [
        1634246715, 
        1818378200
      ], 
      [
        1634246730, 
        2054853080
      ], 
      [
        1634246745, 
        1630808496
      ]
    ], 
    "name": "geth.system/memory/used.gauge", 
    "columns": [
      "time", 
      "mean"
    ]
  }, 
  "stat": {
    "known_broadcasts": {
      "max": 1.0030963643559359, 
      "mean": 0.6146967339056377, 
      "variance": 0.03430057573518647, 
      "pvalue": 0.07425507179872495, 
      "min": 0.43243104257629267
    }, 
    "memory_used": {
      "max": 2147086632.0, 
      "mean": 1885962909.7142856, 
      "variance": 2.4597854722430364e+16, 
      "pvalue": 0.02747699472959806, 
      "min": 1639863576.0
    }, 
    "disk_write": {
      "max": 17841.5215805111, 
      "mean": 5587.199761964529, 
      "variance": 39699629.11459333, 
      "pvalue": 1.0653840592240835e-08, 
      "min": 745.8366505174916
    }, 
    "disk_read": {
      "max": 20872269.218059044, 
      "mean": 19543959.034078624, 
      "variance": 525378127411.89734, 
      "pvalue": 0.09820037989669589, 
      "min": 18435006.079758435
    }, 
    "traffic_egress": {
      "max": 12457.214914954693, 
      "mean": 5355.303516525484, 
      "variance": 9982468.134932905, 
      "pvalue": 0.0714891372851254, 
      "min": 2390.255775786916
    }, 
    "peer_stats": {
      "max": 51.0, 
      "mean": 50.095238095238095, 
      "variance": 0.32426303854875266, 
      "pvalue": 0.001942502032073213, 
      "min": 49.0
    }, 
    "traffic_ingress": {
      "max": 231754.7596150317, 
      "mean": 192096.76284730044, 
      "variance": 478474109.20782995, 
      "pvalue": 0.0004303017995023398, 
      "min": 159210.71086175146
    }, 
    "known_announcements": {
      "max": 3.2271258783579846, 
      "mean": 2.0408496870643935, 
      "variance": 0.3508477508246881, 
      "pvalue": 0.35620683540452036, 
      "min": 1.2973177075426248
    }
  }, 
  "disk_write": {
    "values": [
      [
        1634246445, 
        1313.974428197081
      ], 
      [
        1634246460, 
        1156.0070367572578
      ], 
      [
        1634246475, 
        1002.0342781844124
      ], 
      [
        1634246490, 
        859.6231893139425
      ], 
      [
        1634246505, 
        832.7593175570122
      ], 
      [
        1634246520, 
        745.8366505174916
      ], 
      [
        1634246535, 
        757.8325560579649
      ], 
      [
        1634246550, 
        730.666981207349
      ], 
      [
        1634246565, 
        891.6481683167833
      ], 
      [
        1634246580, 
        1816.4578717756788
      ], 
      [
        1634246595, 
        2638.4431489004755
      ], 
      [
        1634246610, 
        3078.806595582727
      ], 
      [
        1634246625, 
        3488.5564468421653
      ], 
      [
        1634246640, 
        3893.4018348827385
      ], 
      [
        1634246655, 
        6082.3723619891825
      ], 
      [
        1634246670, 
        6923.527176981773
      ], 
      [
        1634246685, 
        11283.371070550606
      ], 
      [
        1634246700, 
        16741.8660834745
      ], 
      [
        1634246715, 
        18624.67127956839
      ], 
      [
        1634246730, 
        16627.816944086484
      ], 
      [
        1634246745, 
        17841.5215805111
      ]
    ], 
    "name": "geth.eth/db/chaindata/disk/write.meter", 
    "columns": [
      "time", 
      "mean"
    ]
  }, 
  "disk_read": {
    "values": [
      [
        1634246445, 
        18435006.079758435
      ], 
      [
        1634246460, 
        18375922.08350473
      ], 
      [
        1634246475, 
        18972412.671651907
      ], 
      [
        1634246490, 
        18532696.703349467
      ], 
      [
        1634246505, 
        19125099.759167038
      ], 
      [
        1634246520, 
        18797434.63532528
      ], 
      [
        1634246535, 
        19507252.58249279
      ], 
      [
        1634246550, 
        19204067.58508577
      ], 
      [
        1634246565, 
        19547431.466613144
      ], 
      [
        1634246580, 
        19151114.766169693
      ], 
      [
        1634246595, 
        19755892.948600333
      ], 
      [
        1634246610, 
        19421510.285651032
      ], 
      [
        1634246625, 
        19836461.687308475
      ], 
      [
        1634246640, 
        19385382.876749773
      ], 
      [
        1634246655, 
        20107292.45730579
      ], 
      [
        1634246670, 
        19600200.19592026
      ], 
      [
        1634246685, 
        20368596.336475186
      ], 
      [
        1634246700, 
        20189636.926825736
      ], 
      [
        1634246715, 
        21078547.103533793
      ], 
      [
        1634246730, 
        20158911.34610335
      ], 
      [
        1634246745, 
        20872269.218059044
      ]
    ], 
    "name": "geth.eth/db/chaindata/disk/read.meter", 
    "columns": [
      "time", 
      "mean"
    ]
  },