{
  "known_broadcasts": {
    "values": [
      [
        1634246145, 
        0.5890717120477378
      ], 
      [
        1634246160, 
        0.6412799134392608
      ], 
      [
        1634246175, 
        0.522103917241028
      ], 
      [
        1634246190, 
        0.6038452224454848
      ], 
      [
        1634246205, 
        0.6140781522339125
      ], 
      [
        1634246220, 
        0.6366771214441447
      ], 
      [
        1634246235, 
        0.7281858451824599
      ], 
      [
        1634246250, 
        0.7010694345985224
      ], 
      [
        1634246265, 
        0.7404059926603764
      ], 
      [
        1634246280, 
        0.7646101102462877
      ], 
      [
        1634246295, 
        0.8625479276060593
      ], 
      [
        1634246310, 
        0.7828208393103615
      ], 
      [
        1634246325, 
        0.7372450788634197
      ], 
      [
        1634246340, 
        0.6671990508870379
      ], 
      [
        1634246355, 
        0.630086136682019
      ], 
      [
        1634246370, 
        0.6489238040160081
      ], 
      [
        1634246385, 
        0.6392654508038351
      ], 
      [
        1634246400, 
        0.6466268736546152
      ], 
      [
        1634246415, 
        0.5533164675242848
      ], 
      [
        1634246430, 
        0.47341615444870244
      ], 
      [
        1634246445, 
        0.48901335069527
      ]
    ], 
    "name": "geth.eth/fetcher/block/broadcasts/drop.meter", 
    "columns": [
      "time", 
      "mean"
    ]
  }, 
  "memory_used": {
    "values": [
      [
        1634246145, 
        2051105104
      ], 
      [
        1634246160, 
        1842052272
      ], 
      [
        1634246175, 
        1948008412
      ], 
      [
        1634246190, 
        1959498744
      ], 
      [
        1634246205, 
        1758903644
      ], 
      [
        1634246220, 
        2091418856
      ], 
      [
        1634246235, 
        1847112808
      ], 
      [
        1634246250, 
        2129911808
      ], 
      [
        1634246265, 
        1794340760
      ], 
      [
        1634246280, 
        2075227320
      ], 
      [
        1634246295, 
        1736566696
      ], 
      [
        1634246310, 
        1964534456
      ], 
      [
        1634246325, 
        1909383776
      ], 
      [
        1634246340, 
        1825162944
      ], 
      [
        1634246355, 
        2034824072
      ], 
      [
        1634246370, 
        1652186712
      ], 
      [
        1634246385, 
        1883890608
      ], 
      [
        1634246400, 
        2102818712
      ], 
      [
        1634246415, 
        1718151588
      ], 
      [
        1634246430, 
        1933180600
      ], 
      [
        1634246445, 
        2082708664
      ]
    ], 
    "name": "geth.system/memory/used.gauge", 
    "columns": [
      "time", 
      "mean"
    ]
  }, 
  "stat": {
    "known_broadcasts": {
      "max": 0.7828208393103615, 
      "mean": 0.6510375502871822, 
      "variance": 0.009116531976598893, 
      "pvalue": 0.4648069586256509, 
      "min": 0.48901335069527
    }, 
    "memory_used": {
      "max": 2102818712.0, 
      "mean": 1920999455.047619, 
      "variance": 1.9140445544554376e+16, 
      "pvalue": 0.0010360097420517816, 
      "min": 1718151588.0
    }, 
    "disk_write": {
      "max": 111266.61020891517, 
      "mean": 31135.87270659969, 
      "variance": 1498930297.0117774, 
      "pvalue": 0.22793638437928626, 
      "min": 1692.8198173593755
    }, 
    "disk_read": {
      "max": 35991476.93178275, 
      "mean": 24332624.960961424, 
      "variance": 46421593140565.15, 
      "pvalue": 0.15201757589794024, 
      "min": 17415592.505336095
    }, 
    "traffic_egress": {
      "max": 5082.862405955702, 
      "mean": 3225.592451385135, 
      "variance": 809138.3958643945, 
      "pvalue": 0.002544879808964889, 
      "min": 2404.7771157999923
    }, 
    "peer_stats": {
      "max": 51.0, 
      "mean": 50.166666666666664, 
      "variance": 0.22222222222222218, 
      "pvalue": 0.0009790220566038555, 
      "min": 50.0
    }, 
    "traffic_ingress": {
      "max": 248753.5692435812, 
      "mean": 219812.2378692256, 
      "variance": 461730134.9604, 
      "pvalue": 5.5008617588562046e-11, 
      "min": 188646.33280415385
    }, 
    "known_announcements": {
      "max": 2.98403425310627, 
      "mean": 2.522249481615629, 
      "variance": 0.12943590385172787, 
      "pvalue": 3.7589450524776396e-05, 
      "min": 2.1061586798236833
    }
  }, 
  "disk_write": {
    "values": [
      [
        1634246145, 
        12055.539739279464
      ], 
      [
        1634246160, 
        142360.31331396307
      ], 
      [
        1634246175, 
        111266.61020891517
      ], 
      [
        1634246190, 
        86367.57230304251
      ], 
      [
        1634246205, 
        67541.65628393288
      ], 
      [
        1634246220, 
        52443.88720841888
      ], 
      [
        1634246235, 
        40997.78211166823
      ], 
      [
        1634246250, 
        31841.932422240447
      ], 
      [
        1634246265, 
        24903.43440094533
      ], 
      [
        1634246280, 
        19333.654681149677
      ], 
      [
        1634246295, 
        15138.516145505058
      ], 
      [
        1634246310, 
        11778.800041186265
      ], 
      [
        1634246325, 
        9205.209003251393
      ], 
      [
        1634246340, 
        7156.07637772773
      ], 
      [
        1634246355, 
        5619.3475587423945
      ], 
      [
        1634246370, 
        4368.4846911809855
      ], 
      [
        1634246385, 
        3459.0880401429026
      ], 
      [
        1634246400, 
        2711.953754728575
      ], 
      [
        1634246415, 
        2165.687552782614
      ], 
      [
        1634246430, 
        1692.8198173593755
      ], 
      [
        1634246445, 
        1444.9611824306835
      ]
    ], 
    "name": "geth.eth/db/chaindata/disk/write.meter", 
    "columns": [
      "time", 
      "mean"
    ]
  }, 
  "disk_read": {
    "values": [
      [
        1634246145, 
        16722003.264888583
      ], 
      [
        1634246160, 
        20995789.754688695
      ], 
      [
        1634246175, 
        34369749.196843185
      ], 
      [
        1634246190, 
        39763758.16854768
      ], 
      [
        1634246205, 
        35991476.93178275
      ], 
      [
        1634246220, 
        33270188.718361538
      ], 
      [
        1634246235, 
        30974054.74114949
      ], 
      [
        1634246250, 
        28124478.48604835
      ], 
      [
        1634246265, 
        26916689.539702456
      ], 
      [
        1634246280, 
        25749132.008171152
      ], 
      [
        1634246295, 
        24863188.333749823
      ], 
      [
        1634246310, 
        22975563.605319165
      ], 
      [
        1634246325, 
        21859779.736747034
      ], 
      [
        1634246340, 
        20490897.222034086
      ], 
      [
        1634246355, 
        19856363.738112174
      ], 
      [
        1634246370, 
        18574088.535159588
      ], 
      [
        1634246385, 
        18377509.96122708
      ], 
      [
        1634246400, 
        17660555.344100144
      ], 
      [
        1634246415, 
        17731264.14684999
      ], 
      [
        1634246430, 
        17415592.505336095
      ], 
      [
        1634246445, 
        18303000.241370935
      ]
    ], 
    "name": "geth.eth/db/chaindata/disk/read.meter", 
    "columns": [
      "time", 
      "mean"
    ]
  },