{
  "stat": {
    "blockchaincache_size": {
      "max": 6211872.0, 
      "mean": 4101841.411764706, 
      "variance": 5104931309027.652, 
      "pvalue": 0.19748651139851048, 
      "min": 829684.8
    }, 
    "kvdb_bytes_read": {
      "max": 1303385.97, 
      "mean": 768200.6159621053, 
      "variance": 233202818449.24045, 
      "pvalue": 1.1983991522157092e-05, 
      "min": 0.0
    }, 
    "sync_blocks_highest": {
      "max": 4.5, 
      "mean": 1.1142947368421052, 
      "variance": 2.102781268919668, 
      "pvalue": 0.4300386965338073, 
      "min": 0.0
    }, 
    "import_blocks": {
      "max": 2.545559999999995, 
      "mean": 0.5608842105263158, 
      "variance": 1.440298013961219, 
      "pvalue": 0.01989350928609288, 
      "min": 0.0
    }, 
    "peer_stats": {
      "max": 7.399999999999999, 
      "mean": 2.823529411764706, 
      "variance": 8.38062283737024, 
      "pvalue": 4.983977746207507e-13, 
      "min": 0.0
    }, 
    "sync_blocks_recieved": {
      "max": 7.5, 
      "mean": 1.5541894736842106, 
      "variance": 7.218518136731304, 
      "pvalue": 0.1445818024957976, 
      "min": 0.0
    }, 
    "kvdb_bytes_write": {
      "max": 668442.9324559995, 
      "mean": 128700.35649122807, 
      "variance": 69509634676.53137, 
      "pvalue": 0.0026528524373219562, 
      "min": 0.0
    }
  }, 
  "blockchaincache_size": {
    "metric": {
      "__name__": "blockchaincache_size", 
      "job": "openethereum", 
      "instance": "172.17.0.1:3033"
    }, 
    "values": [
      [
        1633986515, 
        "6201904"
      ], 
      [
        1633986530, 
        "6201904"
      ], 
      [
        1633986545, 
        "6201904"
      ], 
      [
        1633986575, 
        "5749936"
      ], 
      [
        1633986620, 
        "5448416"
      ], 
      [
        1633986635, 
        "5448416"
      ], 
      [
        1633986650, 
        "5448416"
      ], 
      [
        1633986665, 
        "5448416"
      ], 
      [
        1633986680, 
        "5448416"
      ], 
      [
        1633986695, 
        "5448416"
      ], 
      [
        1633986725, 
        "6251744"
      ], 
      [
        1633986740, 
        "829256"
      ], 
      [
        1633986755, 
        "829792"
      ], 
      [
        1633986770, 
        "937584"
      ], 
      [
        1633986785, 
        "1278928"
      ], 
      [
        1633986800, 
        "1278928"
      ], 
      [
        1633986815, 
        "1278928"
      ]
    ]
  }, 
  "kvdb_bytes_read": {
    "metric": {
      "instance": "172.17.0.1:3033", 
      "job": "openethereum"
    }, 
    "values": [
      [
        1633986515, 
        "1252871.3"
      ], 
      [
        1633986530, 
        "1200065.6"
      ], 
      [
        1633986545, 
        "1220295.5"
      ], 
      [
        1633986575, 
        "777497.1548266666"
      ], 
      [
        1633986590, 
        "655617.1216000001"
      ], 
      [
        1633986605, 
        "690750.8104000001"
      ], 
      [
        1633986620, 
        "1182808"
      ], 
      [
        1633986635, 
        "1127520.1"
      ], 
      [
        1633986650, 
        "0"
      ], 
      [
        1633986665, 
        "0"
      ], 
      [
        1633986680, 
        "0"
      ], 
      [
        1633986695, 
        "124098.1"
      ], 
      [
        1633986725, 
        "1012391.2"
      ], 
      [
        1633986740, 
        "1301322.6"
      ], 
      [
        1633986755, 
        "141135.8"
      ], 
      [
        1633986770, 
        "659771.0776533333"
      ], 
      [
        1633986785, 
        "1253677.9"
      ], 
      [
        1633986800, 
        "1321956.3"
      ], 
      [
        1633986815, 
        "674033.1388000001"
      ]
    ]
  }, 
  "sync_blocks_highest": {
    "metric": {
      "instance": "172.17.0.1:3033", 
      "job": "openethereum"
    }, 
    "values": [
      [
        1633986515, 
        "3"
      ], 
      [
        1633986530, 
        "1.5"
      ], 
      [
        1633986545, 
        "1.5"
      ], 
      [
        1633986575, 
        "0"
      ], 
      [
        1633986590, 
        "0"
      ], 
      [
        1633986605, 
        "1.6716000000000002"
      ], 
      [
        1633986620, 
        "1.5"
      ], 
      [
        1633986635, 
        "1.5"
      ], 
      [
        1633986650, 
        "0"
      ], 
      [
        1633986665, 
        "0"
      ], 
      [
        1633986680, 
        "0"
      ], 
      [
        1633986695, 
        "4.5"
      ], 
      [
        1633986725, 
        "0"
      ], 
      [
        1633986740, 
        "0"
      ], 
      [
        1633986755, 
        "4.5"
      ], 
      [
        1633986770, 
        "0"
      ], 
      [
        1633986785, 
        "1.5"
      ], 
      [
        1633986800, 
        "0"
      ], 
      [
        1633986815, 
        "0"
      ]
    ]
  }, 
  "import_blocks": {
    "metric": {
      "instance": "172.17.0.1:3033", 
      "job": "openethereum"
    }, 
    "values": [
      [
        1633986515, 
        "0"
      ], 
      [
        1633986530, 
        "0"
      ], 
      [
        1633986545, 
        "0"
      ], 
      [
        1633986575, 
        "2.3284"
      ], 
      [
        1633986590, 
        "0"
      ], 
      [
        1633986605, 
        "0"
      ], 
      [
        1633986620, 
        "1.5"
      ], 
      [
        1633986635, 
        "0"
      ], 
      [
        1633986650, 
        "0"
      ], 
      [
        1633986665, 
        "0"
      ], 
      [
        1633986680, 
        "0"
      ], 
      [
        1633986695, 
        "0"
      ], 
      [
        1633986725, 
        "4.5"
      ], 
      [
        1633986740, 
        "0"
      ], 
      [
        1633986755, 
        "0"
      ], 
      [
        1633986770, 
        "2.3284"
      ], 
      [
        1633986785, 
        "0"
      ], 
      [
        1633986800, 
        "0"
      ], 
      [
        1633986815, 
        "0"
      ]
    ]
  }, 
  "peer_stats": {
    "metric": {
      "__name__": "net_peers", 
      "job": "openethereum", 
      "instance": "172.17.0.1:3033"
    }, 
    "values": [
      [
        1633986515, 
        "2"
      ], 
      [
        1633986530, 
        "1"
      ], 
      [
        1633986545, 
        "1"
      ], 
      [
        1633986575, 
        "1"
      ], 
      [
        1633986620, 
        "1"
      ], 
      [
        1633986635, 
        "0"
      ], 
      [
        1633986650, 
        "0"
      ], 
      [
        1633986665, 
        "0"
      ], 
      [
        1633986680, 
        "0"
      ], 
      [
        1633986695, 
        "5"
      ], 
      [
        1633986725, 
        "2"
      ], 
      [
        1633986740, 
        "1"
      ], 
      [
        1633986755, 
        "5"
      ], 
      [
        1633986770, 
        "9"
      ], 
      [
        1633986785, 
        "7"
      ], 
      [
        1633986800, 
        "7"
      ], 
      [
        1633986815, 
        "6"
      ]
    ]
  }, 
  "sync_blocks_recieved": {
    "metric": {
      "instance": "172.17.0.1:3033", 
      "job": "openethereum"
    },