{
  "stat": {
    "blockchaincache_size": {
      "max": 6201904.0, 
      "mean": 5069735.333333333, 
      "variance": 779123112687.5555, 
      "pvalue": 0.07069793457874919, 
      "min": 4109672.0
    }, 
    "kvdb_bytes_read": {
      "max": 1238450.01, 
      "mean": 721043.619744762, 
      "variance": 178418450406.5391, 
      "pvalue": 4.287881742467755e-06, 
      "min": 118718.1075
    }, 
    "sync_blocks_highest": {
      "max": 8.500599999999995, 
      "mean": 2.006257142857143, 
      "variance": 22.692185316734687, 
      "pvalue": 0.2761814347049508, 
      "min": 0.0
    }, 
    "import_blocks": {
      "max": 2.549999999999999, 
      "mean": 0.5357142857142857, 
      "variance": 1.480867346938775, 
      "pvalue": 0.029799014494523178, 
      "min": 0.0
    }, 
    "peer_stats": {
      "max": 5.2499999999999964, 
      "mean": 2.25, 
      "variance": 4.1875, 
      "pvalue": 9.605890820764096e-10, 
      "min": 0.0
    }, 
    "sync_blocks_recieved": {
      "max": 9.810719999999993, 
      "mean": 2.0328000000000004, 
      "variance": 32.86170020571428, 
      "pvalue": 0.07463861894905406, 
      "min": 0.0
    }, 
    "kvdb_bytes_write": {
      "max": 594242.075, 
      "mean": 120096.24285714285, 
      "variance": 65864982897.79675, 
      "pvalue": 0.006082885872993644, 
      "min": 0.0
    }
  }, 
  "blockchaincache_size": {
    "metric": {
      "__name__": "blockchaincache_size", 
      "job": "openethereum", 
      "instance": "172.17.0.1:3033"
    }, 
    "values": [
      [
        1633986214, 
        "4109672"
      ], 
      [
        1633986229, 
        "4109672"
      ], 
      [
        1633986289, 
        "4109672"
      ], 
      [
        1633986304, 
        "4109672"
      ], 
      [
        1633986319, 
        "4109672"
      ], 
      [
        1633986349, 
        "4974720"
      ], 
      [
        1633986379, 
        "5155656"
      ], 
      [
        1633986424, 
        "5884296"
      ], 
      [
        1633986439, 
        "5934992"
      ], 
      [
        1633986454, 
        "5934992"
      ], 
      [
        1633986499, 
        "6201904"
      ], 
      [
        1633986514, 
        "6201904"
      ]
    ]
  }, 
  "kvdb_bytes_read": {
    "metric": {
      "instance": "172.17.0.1:3033", 
      "job": "openethereum"
    }, 
    "values": [
      [
        1633986214, 
        "1114091.4"
      ], 
      [
        1633986229, 
        "1224835.9"
      ], 
      [
        1633986304, 
        "164125.2"
      ], 
      [
        1633986319, 
        "168966.6"
      ], 
      [
        1633986334, 
        "34390.65"
      ], 
      [
        1633986349, 
        "888324.8"
      ], 
      [
        1633986379, 
        "929218.4"
      ], 
      [
        1633986394, 
        "294044.08144000004"
      ], 
      [
        1633986424, 
        "989809.7"
      ], 
      [
        1633986439, 
        "1230684.7"
      ], 
      [
        1633986454, 
        "844000.9860533333"
      ], 
      [
        1633986484, 
        "441013.34304"
      ], 
      [
        1633986499, 
        "518233.61589333334"
      ], 
      [
        1633986514, 
        "1252871.3"
      ]
    ]
  }, 
  "sync_blocks_highest": {
    "metric": {
      "instance": "172.17.0.1:3033", 
      "job": "openethereum"
    }, 
    "values": [
      [
        1633986214, 
        "0"
      ], 
      [
        1633986229, 
        "0"
      ], 
      [
        1633986304, 
        "0"
      ], 
      [
        1633986319, 
        "0"
      ], 
      [
        1633986334, 
        "18.716"
      ], 
      [
        1633986349, 
        "0"
      ], 
      [
        1633986379, 
        "1.5"
      ], 
      [
        1633986394, 
        "0"
      ], 
      [
        1633986424, 
        "3"
      ], 
      [
        1633986439, 
        "0"
      ], 
      [
        1633986454, 
        "0"
      ], 
      [
        1633986484, 
        "1.8716000000000002"
      ], 
      [
        1633986499, 
        "0"
      ], 
      [
        1633986514, 
        "3"
      ]
    ]
  }, 
  "import_blocks": {
    "metric": {
      "instance": "172.17.0.1:3033", 
      "job": "openethereum"
    }, 
    "values": [
      [
        1633986214, 
        "1.5"
      ], 
      [
        1633986229, 
        "0"
      ], 
      [
        1633986304, 
        "0"
      ], 
      [
        1633986319, 
        "0"
      ], 
      [
        1633986334, 
        "0"
      ], 
      [
        1633986349, 
        "4.5"
      ], 
      [
        1633986379, 
        "1.5"
      ], 
      [
        1633986394, 
        "0"
      ], 
      [
        1633986424, 
        "0"
      ], 
      [
        1633986439, 
        "0"
      ], 
      [
        1633986454, 
        "0"
      ], 
      [
        1633986484, 
        "0"
      ], 
      [
        1633986499, 
        "0"
      ], 
      [
        1633986514, 
        "0"
      ]
    ]
  }, 
  "peer_stats": {
    "metric": {
      "__name__": "net_peers", 
      "job": "openethereum", 
      "instance": "172.17.0.1:3033"
    }, 
    "values": [
      [
        1633986214, 
        "2"
      ], 
      [
        1633986229, 
        "2"
      ], 
      [
        1633986289, 
        "0"
      ], 
      [
        1633986304, 
        "0"
      ], 
      [
        1633986319, 
        "0"
      ], 
      [
        1633986349, 
        "8"
      ], 
      [
        1633986379, 
        "3"
      ], 
      [
        1633986424, 
        "3"
      ], 
      [
        1633986439, 
        "3"
      ], 
      [
        1633986454, 
        "2"
      ], 
      [
        1633986499, 
        "2"
      ], 
      [
        1633986514, 
        "2"
      ]
    ]
  }, 
  "sync_blocks_recieved": {
    "metric": {
      "instance": "172.17.0.1:3033", 
      "job": "openethereum"
    }, 
    "values": [
      [
        1633986214, 
        "1.5"
      ], 
      [
        1633986229, 
        "0"
      ], 
      [
        1633986304, 
        "0"
      ], 
      [
        1633986319, 
        "0"
      ], 
      [
        1633986334, 
        "22.459200000000003"
      ], 
      [
        1633986349, 
        "0"
      ], 
      [
        1633986379, 
        "1.5"
      ], 
      [
        1633986394, 
        "0"
      ], 
      [
        1633986424, 
        "3"
      ], 
      [
        1633986439, 
        "0"
      ], 
      [
        1633986454, 
        "0"
      ], 
      [
        1633986484, 
        "0"
      ], 
      [
        1633986499, 
        "0"
      ], 
      [
        1633986514, 
        "0"
      ]
    ]
  }, 
  "kvdb_bytes_write": {
    "metric": {
      "instance": "172.17.0.1:3033", 
      "job": "openethereum"
    }, 
    "values": [
      [
        1633986214, 
        "349145.1"
      ], 
      [
        1633986229, 
        "0"
      ], 
      [
        1633986304, 
        "0"
      ], 
      [
        1633986319, 
        "0"
      ], 
      [
        1633986334, 
        "0"
      ], 
      [
        1633986349, 
        "905631.4"
      ], 
      [
        1633986379, 
        "426570.9"
      ], 
      [
        1633986394, 
        "0"
      ], 
      [
        1633986424, 
        "0"
      ], 
      [
        1633986439, 
        "0"
      ], 
      [
        1633986454, 
        "0"
      ], 
      [
        1633986484, 
        "0"
      ], 
      [
        1633986499, 
        "0"
      ], 
      [
        1633986514, 
        "0"
      ]
    ]
  }
}