{
  "stat": {
    "blockchaincache_size": {
      "max": 7800577.599999996, 
      "mean": 6127879.529411765, 
      "variance": 3428162722631.3086, 
      "pvalue": 0.19787966075334307, 
      "min": 3703688.0
    }, 
    "kvdb_bytes_read": {
      "max": 1214520.9799999997, 
      "mean": 698788.6579057805, 
      "variance": 160910688127.74097, 
      "pvalue": 7.570124048038543e-06, 
      "min": 0.0
    }, 
    "sync_blocks_highest": {
      "max": 9.299999999999994, 
      "mean": 1.6764705882352942, 
      "variance": 16.910034602076124, 
      "pvalue": 0.06243210890110188, 
      "min": 0.0
    }, 
    "import_blocks": {
      "max": 4.799999999999999, 
      "mean": 1.1470588235294117, 
      "variance": 3.0519031141868513, 
      "pvalue": 0.2540068331586664, 
      "min": 0.0
    }, 
    "peer_stats": {
      "max": 4.0, 
      "mean": 2.0588235294117645, 
      "variance": 0.8788927335640141, 
      "pvalue": 3.6828725026952626e-15, 
      "min": 1.0
    }, 
    "sync_blocks_recieved": {
      "max": 12.899999999999997, 
      "mean": 1.7647058823529411, 
      "variance": 21.50346020761245, 
      "pvalue": 0.010474561722650167, 
      "min": 0.0
    }, 
    "kvdb_bytes_write": {
      "max": 755391.2599999995, 
      "mean": 248886.09411764704, 
      "variance": 121823251558.74408, 
      "pvalue": 0.40381459576639867, 
      "min": 0.0
    }
  }, 
  "blockchaincache_size": {
    "metric": {
      "__name__": "blockchaincache_size", 
      "job": "openethereum", 
      "instance": "172.17.0.1:3033"
    }, 
    "values": [
      [
        1634279454, 
        "5638760"
      ], 
      [
        1634279469, 
        "5639320"
      ], 
      [
        1634279484, 
        "6213032"
      ], 
      [
        1634279514, 
        "6531888"
      ], 
      [
        1634279529, 
        "5956776"
      ], 
      [
        1634279544, 
        "5956776"
      ], 
      [
        1634279559, 
        "5956776"
      ], 
      [
        1634279574, 
        "5956776"
      ], 
      [
        1634279589, 
        "5956776"
      ], 
      [
        1634279604, 
        "5957208"
      ], 
      [
        1634279619, 
        "5850944"
      ], 
      [
        1634279634, 
        "5851504"
      ], 
      [
        1634279649, 
        "6157912"
      ], 
      [
        1634279664, 
        "12875336"
      ], 
      [
        1634279679, 
        "6266792"
      ], 
      [
        1634279739, 
        "3703688"
      ], 
      [
        1634279754, 
        "3703688"
      ]
    ]
  }, 
  "kvdb_bytes_read": {
    "metric": {
      "instance": "172.17.0.1:3033", 
      "job": "openethereum"
    }, 
    "values": [
      [
        1634279454, 
        "161617.7"
      ], 
      [
        1634279469, 
        "829494.3"
      ], 
      [
        1634279484, 
        "946844.6"
      ], 
      [
        1634279514, 
        "1173093.7"
      ], 
      [
        1634279529, 
        "858599.0652249366"
      ], 
      [
        1634279544, 
        "0"
      ], 
      [
        1634279559, 
        "322190.1"
      ], 
      [
        1634279574, 
        "545294.5191733333"
      ], 
      [
        1634279589, 
        "590268.7"
      ], 
      [
        1634279604, 
        "942292.1"
      ], 
      [
        1634279619, 
        "838532.5"
      ], 
      [
        1634279634, 
        "1102929.4"
      ], 
      [
        1634279649, 
        "1140860.7"
      ], 
      [
        1634279664, 
        "542229.7"
      ], 
      [
        1634279679, 
        "1380230.1"
      ], 
      [
        1634279739, 
        "504930"
      ], 
      [
        1634279754, 
        "0"
      ]
    ]
  }, 
  "sync_blocks_highest": {
    "metric": {
      "instance": "172.17.0.1:3033", 
      "job": "openethereum"
    }, 
    "values": [
      [
        1634279454, 
        "7.5"
      ], 
      [
        1634279469, 
        "0"
      ], 
      [
        1634279484, 
        "0"
      ], 
      [
        1634279514, 
        "0"
      ], 
      [
        1634279529, 
        "0"
      ], 
      [
        1634279544, 
        "0"
      ], 
      [
        1634279559, 
        "0"
      ], 
      [
        1634279574, 
        "0"
      ], 
      [
        1634279589, 
        "16.5"
      ], 
      [
        1634279604, 
        "1.5"
      ], 
      [
        1634279619, 
        "1.5"
      ], 
      [
        1634279634, 
        "0"
      ], 
      [
        1634279649, 
        "0"
      ], 
      [
        1634279664, 
        "0"
      ], 
      [
        1634279679, 
        "1.5"
      ], 
      [
        1634279739, 
        "0"
      ], 
      [
        1634279754, 
        "0"
      ]
    ]
  }, 
  "import_blocks": {
    "metric": {
      "instance": "172.17.0.1:3033", 
      "job": "openethereum"
    }, 
    "values": [
      [
        1634279454, 
        "1.5"
      ], 
      [
        1634279469, 
        "3"
      ], 
      [
        1634279484, 
        "1.5"
      ], 
      [
        1634279514, 
        "0"
      ], 
      [
        1634279529, 
        "0"
      ], 
      [
        1634279544, 
        "0"
      ], 
      [
        1634279559, 
        "0"
      ], 
      [
        1634279574, 
        "0"
      ], 
      [
        1634279589, 
        "0"
      ], 
      [
        1634279604, 
        "1.5"
      ], 
      [
        1634279619, 
        "6"
      ], 
      [
        1634279634, 
        "4.5"
      ], 
      [
        1634279649, 
        "0"
      ], 
      [
        1634279664, 
        "0"
      ], 
      [
        1634279679, 
        "1.5"
      ], 
      [
        1634279739, 
        "0"
      ], 
      [
        1634279754, 
        "0"
      ]
    ]
  }, 
  "peer_stats": {
    "metric": {
      "__name__": "net_peers", 
      "job": "openethereum", 
      "instance": "172.17.0.1:3033"
    }, 
    "values": [
      [
        1634279454, 
        "4"
      ], 
      [
        1634279469, 
        "2"
      ], 
      [
        1634279484, 
        "2"
      ], 
      [
        1634279514, 
        "2"
      ], 
      [
        1634279529, 
        "2"
      ], 
      [
        1634279544, 
        "2"
      ], 
      [
        1634279559, 
        "2"
      ], 
      [
        1634279574, 
        "2"
      ], 
      [
        1634279589, 
        "3"
      ], 
      [
        1634279604, 
        "4"
      ], 
      [
        1634279619, 
        "1"
      ], 
      [
        1634279634, 
        "1"
      ], 
      [
        1634279649, 
        "1"
      ], 
      [
        1634279664, 
        "2"
      ], 
      [
        1634279679, 
        "3"
      ], 
      [
        1634279739, 
        "1"
      ], 
      [
        1634279754, 
        "1"
      ]
    ]
  }, 
  "sync_blocks_recieved": {
    "metric": {
      "instance": "172.17.0.1:3033", 
      "job": "openethereum"
    }, 
    "values": [
      [
        1634279454, 
        "12"
      ], 
      [
        1634279469, 
        "0"
      ], 
      [
        1634279484, 
        "0"
      ], 
      [
        1634279514, 
        "0"
      ], 
      [
        1634279529, 
        "0"
      ], 
      [
        1634279544, 
        "0"
      ], 
      [
        1634279559, 
        "0"
      ], 
      [
        1634279574, 
        "0"
      ], 
      [
        1634279589, 
        "16.5"
      ], 
      [
        1634279604, 
        "0"
      ], 
      [
        1634279619, 
        "0"
      ], 
      [
        1634279634, 
        "0"
      ], 
      [
        1634279649, 
        "0"
      ], 
      [
        1634279664, 
        "0"
      ], 
      [
        1634279679, 
        "1.5"
      ], 
      [
        1634279739, 
        "0"
      ], 
      [
        1634279754, 
        "0"
      ]
    ]
  }, 
  "kvdb_bytes_write": {
    "metric": {
      "instance": "172.17.0.1:3033", 
      "job": "openethereum"
    },