{
  "stat": {
    "blockchaincache_size": {
      "max": 6945280.799999997, 
      "mean": 4352446.933333334, 
      "variance": 3177613818162.063, 
      "pvalue": 5.214672887546501e-05, 
      "min": 2560376.0
    }, 
    "kvdb_bytes_read": {
      "max": 1185707.0799999998, 
      "mean": 675026.0253485714, 
      "variance": 188470513458.99307, 
      "pvalue": 0.000492748490282343, 
      "min": 0.0
    }, 
    "sync_blocks_highest": {
      "max": 9.0, 
      "mean": 2.0357142857142856, 
      "variance": 12.08801020408163, 
      "pvalue": 0.23253516361478704, 
      "min": 0.0
    }, 
    "import_blocks": {
      "max": 5.0249999999999995, 
      "mean": 1.454057142857143, 
      "variance": 3.39910733387755, 
      "pvalue": 0.3491918995851451, 
      "min": 0.0
    }, 
    "peer_stats": {
      "max": 5.0, 
      "mean": 1.7333333333333334, 
      "variance": 3.1288888888888886, 
      "pvalue": 1.278893185129645e-13, 
      "min": 0.0
    }, 
    "sync_blocks_recieved": {
      "max": 11.024999999999999, 
      "mean": 1.6071428571428572, 
      "variance": 15.577806122448976, 
      "pvalue": 0.014691240405656874, 
      "min": 0.0
    }, 
    "kvdb_bytes_write": {
      "max": 1071646.8699999999, 
      "mean": 347294.9489257143, 
      "variance": 175189718992.20956, 
      "pvalue": 0.25063686994126355, 
      "min": 0.0
    }
  }, 
  "blockchaincache_size": {
    "metric": {
      "__name__": "blockchaincache_size", 
      "job": "openethereum", 
      "instance": "172.17.0.1:3033"
    }, 
    "values": [
      [
        1634279153, 
        "4525624"
      ], 
      [
        1634279168, 
        "8772600"
      ], 
      [
        1634279183, 
        "6162144"
      ], 
      [
        1634279228, 
        "6078792"
      ], 
      [
        1634279243, 
        "2560376"
      ], 
      [
        1634279258, 
        "2560376"
      ], 
      [
        1634279273, 
        "2560376"
      ], 
      [
        1634279288, 
        "2560376"
      ], 
      [
        1634279348, 
        "3201784"
      ], 
      [
        1634279363, 
        "3201784"
      ], 
      [
        1634279378, 
        "3292072"
      ], 
      [
        1634279393, 
        "3292072"
      ], 
      [
        1634279423, 
        "5240944"
      ], 
      [
        1634279438, 
        "5638624"
      ], 
      [
        1634279453, 
        "5638760"
      ]
    ]
  }, 
  "kvdb_bytes_read": {
    "metric": {
      "instance": "172.17.0.1:3033", 
      "job": "openethereum"
    }, 
    "values": [
      [
        1634279153, 
        "658021.1183199999"
      ], 
      [
        1634279168, 
        "826025.51184"
      ], 
      [
        1634279183, 
        "1012149.1"
      ], 
      [
        1634279213, 
        "735860.07944"
      ], 
      [
        1634279228, 
        "1453113.7"
      ], 
      [
        1634279243, 
        "1041718.9"
      ], 
      [
        1634279258, 
        "1005646.2"
      ], 
      [
        1634279273, 
        "0"
      ], 
      [
        1634279288, 
        "0"
      ], 
      [
        1634279378, 
        "1008578.6"
      ], 
      [
        1634279393, 
        "411903.2"
      ], 
      [
        1634279423, 
        "935686"
      ], 
      [
        1634279438, 
        "200044.24527999997"
      ], 
      [
        1634279453, 
        "161617.7"
      ]
    ]
  }, 
  "sync_blocks_highest": {
    "metric": {
      "instance": "172.17.0.1:3033", 
      "job": "openethereum"
    }, 
    "values": [
      [
        1634279153, 
        "0"
      ], 
      [
        1634279168, 
        "0"
      ], 
      [
        1634279183, 
        "0"
      ], 
      [
        1634279213, 
        "0"
      ], 
      [
        1634279228, 
        "0"
      ], 
      [
        1634279243, 
        "9"
      ], 
      [
        1634279258, 
        "0"
      ], 
      [
        1634279273, 
        "0"
      ], 
      [
        1634279288, 
        "0"
      ], 
      [
        1634279378, 
        "0"
      ], 
      [
        1634279393, 
        "9"
      ], 
      [
        1634279423, 
        "3"
      ], 
      [
        1634279438, 
        "0"
      ], 
      [
        1634279453, 
        "7.5"
      ]
    ]
  }, 
  "import_blocks": {
    "metric": {
      "instance": "172.17.0.1:3033", 
      "job": "openethereum"
    }, 
    "values": [
      [
        1634279153, 
        "1.9284"
      ], 
      [
        1634279168, 
        "1.9284"
      ], 
      [
        1634279183, 
        "3"
      ], 
      [
        1634279213, 
        "0"
      ], 
      [
        1634279228, 
        "4.5"
      ], 
      [
        1634279243, 
        "0"
      ], 
      [
        1634279258, 
        "0"
      ], 
      [
        1634279273, 
        "0"
      ], 
      [
        1634279288, 
        "0"
      ], 
      [
        1634279378, 
        "1.5"
      ], 
      [
        1634279393, 
        "0"
      ], 
      [
        1634279423, 
        "6"
      ], 
      [
        1634279438, 
        "0"
      ], 
      [
        1634279453, 
        "1.5"
      ]
    ]
  }, 
  "peer_stats": {
    "metric": {
      "__name__": "net_peers", 
      "job": "openethereum", 
      "instance": "172.17.0.1:3033"
    }, 
    "values": [
      [
        1634279153, 
        "3"
      ], 
      [
        1634279168, 
        "2"
      ], 
      [
        1634279183, 
        "1"
      ], 
      [
        1634279228, 
        "1"
      ], 
      [
        1634279243, 
        "1"
      ], 
      [
        1634279258, 
        "0"
      ], 
      [
        1634279273, 
        "0"
      ], 
      [
        1634279288, 
        "0"
      ], 
      [
        1634279348, 
        "1"
      ], 
      [
        1634279363, 
        "0"
      ], 
      [
        1634279378, 
        "0"
      ], 
      [
        1634279393, 
        "3"
      ], 
      [
        1634279423, 
        "5"
      ], 
      [
        1634279438, 
        "5"
      ], 
      [
        1634279453, 
        "4"
      ]
    ]
  }, 
  "sync_blocks_recieved": {
    "metric": {
      "instance": "172.17.0.1:3033", 
      "job": "openethereum"
    }, 
    "values": [
      [
        1634279153, 
        "0"
      ], 
      [
        1634279168, 
        "0"
      ], 
      [
        1634279183, 
        "0"
      ], 
      [
        1634279213, 
        "0"
      ], 
      [
        1634279228, 
        "0"
      ], 
      [
        1634279243, 
        "0"
      ], 
      [
        1634279258, 
        "0"
      ], 
      [
        1634279273, 
        "0"
      ], 
      [
        1634279288, 
        "0"
      ], 
      [
        1634279378, 
        "0"
      ], 
      [
        1634279393, 
        "10.5"
      ], 
      [
        1634279423, 
        "0"
      ], 
      [
        1634279438, 
        "0"
      ], 
      [
        1634279453, 
        "12"
      ]
    ]
  }, 
  "kvdb_bytes_write": {
    "metric": {
      "instance": "172.17.0.1:3033", 
      "job": "openethereum"
    }, 
    "values": [
      [
        1634279153, 
        "573639.73384"
      ], 
      [
        1634279168, 
        "671954.45112"
      ], 
      [
        1634279183, 
        "765859.7"
      ], 
      [
        1634279213, 
        "0"
      ], 
      [
        1634279228, 
        "1263273.5"
      ], 
      [
        1634279243, 
        "0"
      ], 
      [
        1634279258, 
        "0"
      ], 
      [
        1634279273, 
        "0"
      ], 
      [
        1634279288, 
        "0"
      ], 
      [
        1634279378, 
        "153265.9"
      ], 
      [
        1634279393, 
        "0"
      ], 
      [
        1634279423, 
        "968463.3"
      ], 
      [
        1634279438, 
        "0"
      ], 
      [
        1634279453, 
        "465672.7"
      ]
    ]
  }
}