{
  "stat": {
    "blockchaincache_size": {
      "max": 3042459.5999999996, 
      "mean": 1844720.5714285714, 
      "variance": 534892862641.95935, 
      "pvalue": 8.37559846788745e-06, 
      "min": 986056.0
    }, 
    "kvdb_bytes_read": {
      "max": 1301022.0799999994, 
      "mean": 330167.13614499563, 
      "variance": 285521649122.423, 
      "pvalue": 0.007150054863374263, 
      "min": 0.0
    }, 
    "sync_blocks_highest": {
      "max": 0.0, 
      "mean": 0.0, 
      "variance": 0.0, 
      "pvalue": 0.00018602709818889317, 
      "min": 0.0
    }, 
    "import_blocks": {
      "max": 1.1999999999999957, 
      "mean": 0.23076923076923078, 
      "variance": 0.6390532544378699, 
      "pvalue": 0.004145594732754638, 
      "min": 0.0
    }, 
    "peer_stats": {
      "max": 3.0, 
      "mean": 1.2857142857142858, 
      "variance": 1.6326530612244898, 
      "pvalue": 4.5938584182934826e-11, 
      "min": 0.0
    }, 
    "sync_blocks_recieved": {
      "max": 664.7999999999977, 
      "mean": 127.84615384615384, 
      "variance": 196135.66863905327, 
      "pvalue": 0.002883323047112848, 
      "min": 0.0
    }, 
    "kvdb_bytes_write": {
      "max": 358631.3199999987, 
      "mean": 68967.56153846154, 
      "variance": 57078294534.737785, 
      "pvalue": 0.0008828745550995866, 
      "min": 0.0
    }
  }, 
  "blockchaincache_size": {
    "metric": {
      "__name__": "blockchaincache_size", 
      "job": "openethereum", 
      "instance": "172.17.0.1:3033"
    }, 
    "values": [
      [
        1633961290, 
        "986056"
      ], 
      [
        1633961350, 
        "986056"
      ], 
      [
        1633961365, 
        "986056"
      ], 
      [
        1633961380, 
        "1420168"
      ], 
      [
        1633961395, 
        "1420168"
      ], 
      [
        1633961410, 
        "1420168"
      ], 
      [
        1633961425, 
        "1420168"
      ], 
      [
        1633961440, 
        "1420168"
      ], 
      [
        1633961455, 
        "2297760"
      ], 
      [
        1633961470, 
        "2298296"
      ], 
      [
        1633961485, 
        "2298296"
      ], 
      [
        1633961500, 
        "2787648"
      ], 
      [
        1633961515, 
        "3042272"
      ], 
      [
        1633961530, 
        "3042808"
      ]
    ]
  }, 
  "kvdb_bytes_read": {
    "metric": {
      "instance": "172.17.0.1:3033", 
      "job": "openethereum"
    }, 
    "values": [
      [
        1633961290, 
        "1065939.7698849426"
      ], 
      [
        1633961365, 
        "1574098.4"
      ], 
      [
        1633961380, 
        "1118971.2"
      ], 
      [
        1633961395, 
        "0"
      ], 
      [
        1633961410, 
        "0"
      ], 
      [
        1633961425, 
        "0"
      ], 
      [
        1633961440, 
        "512222.5"
      ], 
      [
        1633961455, 
        "0"
      ], 
      [
        1633961470, 
        "53"
      ], 
      [
        1633961485, 
        "0"
      ], 
      [
        1633961500, 
        "0"
      ], 
      [
        1633961515, 
        "20833.2"
      ], 
      [
        1633961530, 
        "54.7"
      ]
    ]
  }, 
  "sync_blocks_highest": {
    "metric": {
      "instance": "172.17.0.1:3033", 
      "job": "openethereum"
    }, 
    "values": [
      [
        1633961290, 
        "0"
      ], 
      [
        1633961365, 
        "0"
      ], 
      [
        1633961380, 
        "0"
      ], 
      [
        1633961395, 
        "0"
      ], 
      [
        1633961410, 
        "0"
      ], 
      [
        1633961425, 
        "0"
      ], 
      [
        1633961440, 
        "0"
      ], 
      [
        1633961455, 
        "0"
      ], 
      [
        1633961470, 
        "0"
      ], 
      [
        1633961485, 
        "0"
      ], 
      [
        1633961500, 
        "0"
      ], 
      [
        1633961515, 
        "0"
      ], 
      [
        1633961530, 
        "0"
      ]
    ]
  }, 
  "import_blocks": {
    "metric": {
      "instance": "172.17.0.1:3033", 
      "job": "openethereum"
    }, 
    "values": [
      [
        1633961290, 
        "0"
      ], 
      [
        1633961365, 
        "0"
      ], 
      [
        1633961380, 
        "3"
      ], 
      [
        1633961395, 
        "0"
      ], 
      [
        1633961410, 
        "0"
      ], 
      [
        1633961425, 
        "0"
      ], 
      [
        1633961440, 
        "0"
      ], 
      [
        1633961455, 
        "0"
      ], 
      [
        1633961470, 
        "0"
      ], 
      [
        1633961485, 
        "0"
      ], 
      [
        1633961500, 
        "0"
      ], 
      [
        1633961515, 
        "0"
      ], 
      [
        1633961530, 
        "0"
      ]
    ]
  }, 
  "peer_stats": {
    "metric": {
      "__name__": "net_peers", 
      "job": "openethereum", 
      "instance": "172.17.0.1:3033"
    }, 
    "values": [
      [
        1633961290, 
        "2"
      ], 
      [
        1633961350, 
        "1"
      ], 
      [
        1633961365, 
        "0"
      ], 
      [
        1633961380, 
        "0"
      ], 
      [
        1633961395, 
        "0"
      ], 
      [
        1633961410, 
        "0"
      ], 
      [
        1633961425, 
        "0"
      ], 
      [
        1633961440, 
        "0"
      ], 
      [
        1633961455, 
        "1"
      ], 
      [
        1633961470, 
        "3"
      ], 
      [
        1633961485, 
        "3"
      ], 
      [
        1633961500, 
        "3"
      ], 
      [
        1633961515, 
        "2"
      ], 
      [
        1633961530, 
        "3"
      ]
    ]
  }, 
  "sync_blocks_recieved": {
    "metric": {
      "instance": "172.17.0.1:3033", 
      "job": "openethereum"
    }, 
    "values": [
      [
        1633961290, 
        "0"
      ], 
      [
        1633961365, 
        "0"
      ], 
      [
        1633961380, 
        "0"
      ], 
      [
        1633961395, 
        "0"
      ], 
      [
        1633961410, 
        "0"
      ], 
      [
        1633961425, 
        "0"
      ], 
      [
        1633961440, 
        "0"
      ], 
      [
        1633961455, 
        "0"
      ], 
      [
        1633961470, 
        "0"
      ], 
      [
        1633961485, 
        "0"
      ], 
      [
        1633961500, 
        "0"
      ], 
      [
        1633961515, 
        "1662"
      ], 
      [
        1633961530, 
        "0"
      ]
    ]
  }, 
  "kvdb_bytes_write": {
    "metric": {
      "instance": "172.17.0.1:3033", 
      "job": "openethereum"
    }, 
    "values": [
      [
        1633961290, 
        "0"
      ], 
      [
        1633961365, 
        "0"
      ], 
      [
        1633961380, 
        "896578.3"
      ], 
      [
        1633961395, 
        "0"
      ], 
      [
        1633961410, 
        "0"
      ], 
      [
        1633961425, 
        "0"
      ], 
      [
        1633961440, 
        "0"
      ], 
      [
        1633961455, 
        "0"
      ], 
      [
        1633961470, 
        "0"
      ], 
      [
        1633961485, 
        "0"
      ], 
      [
        1633961500, 
        "0"
      ], 
      [
        1633961515, 
        "0"
      ], 
      [
        1633961530, 
        "0"
      ]
    ]
  }
}