{
  "stat": {
    "blockchaincache_size": {
      "max": 6606022.399999999, 
      "mean": 5001414.0, 
      "variance": 3750022753601.3335, 
      "pvalue": 0.012131598167052811, 
      "min": 786564.0
    }, 
    "kvdb_bytes_read": {
      "max": 1168450.22, 
      "mean": 553197.8931877526, 
      "variance": 202353123150.7777, 
      "pvalue": 0.006878344985267316, 
      "min": 0.0
    }, 
    "sync_blocks_highest": {
      "max": 1.5516206482593036, 
      "mean": 0.4114712551687341, 
      "variance": 0.4670790171032621, 
      "pvalue": 0.02026232188262719, 
      "min": 0.0
    }, 
    "import_blocks": {
      "max": 4.5, 
      "mean": 0.9229425103374683, 
      "variance": 2.743727566345555, 
      "pvalue": 0.13666868789948494, 
      "min": 0.0
    }, 
    "peer_stats": {
      "max": 5.0, 
      "mean": 2.0833333333333335, 
      "variance": 3.5763888888888893, 
      "pvalue": 9.605898912805327e-10, 
      "min": 0.0
    }, 
    "sync_blocks_recieved": {
      "max": 3.6778481792717015, 
      "mean": 0.7686712551687341, 
      "variance": 4.402609712410719, 
      "pvalue": 0.01734138057165134, 
      "min": 0.0
    }, 
    "kvdb_bytes_write": {
      "max": 781055.6311577965, 
      "mean": 186300.15915788535, 
      "variance": 99849491037.638, 
      "pvalue": 0.03025247101711942, 
      "min": 0.0
    }
  }, 
  "blockchaincache_size": {
    "metric": {
      "__name__": "blockchaincache_size", 
      "job": "openethereum", 
      "instance": "172.17.0.1:3033"
    }, 
    "values": [
      [
        1633961005, 
        "6260984"
      ], 
      [
        1633961020, 
        "7027736"
      ], 
      [
        1633961050, 
        "5621744"
      ], 
      [
        1633961065, 
        "5621744"
      ], 
      [
        1633961080, 
        "5621744"
      ], 
      [
        1633961095, 
        "5621744"
      ], 
      [
        1633961110, 
        "5621744"
      ], 
      [
        1633961140, 
        "5642488"
      ], 
      [
        1633961155, 
        "5647944"
      ], 
      [
        1633961170, 
        "5794216"
      ], 
      [
        1633961200, 
        "576200"
      ], 
      [
        1633961215, 
        "958680"
      ]
    ]
  }, 
  "kvdb_bytes_read": {
    "metric": {
      "instance": "172.17.0.1:3033", 
      "job": "openethereum"
    }, 
    "values": [
      [
        1633960960, 
        "512994.8407229559"
      ], 
      [
        1633961005, 
        "90036.89959999999"
      ], 
      [
        1633961020, 
        "549321.5609333332"
      ], 
      [
        1633961050, 
        "938467.1"
      ], 
      [
        1633961065, 
        "1153931.3"
      ], 
      [
        1633961080, 
        "16281.7"
      ], 
      [
        1633961095, 
        "0"
      ], 
      [
        1633961110, 
        "0"
      ], 
      [
        1633961125, 
        "134989.27792000002"
      ], 
      [
        1633961140, 
        "982319.5"
      ], 
      [
        1633961155, 
        "1202327.7"
      ], 
      [
        1633961170, 
        "524549.3"
      ], 
      [
        1633961185, 
        "146753.21864000004"
      ], 
      [
        1633961200, 
        "918969.1"
      ], 
      [
        1633961215, 
        "1127026.9"
      ]
    ]
  }, 
  "sync_blocks_highest": {
    "metric": {
      "instance": "172.17.0.1:3033", 
      "job": "openethereum"
    }, 
    "values": [
      [
        1633960960, 
        "1.6720688275310125"
      ], 
      [
        1633961005, 
        "0"
      ], 
      [
        1633961020, 
        "0"
      ], 
      [
        1633961050, 
        "0"
      ], 
      [
        1633961065, 
        "0"
      ], 
      [
        1633961080, 
        "0"
      ], 
      [
        1633961095, 
        "0"
      ], 
      [
        1633961110, 
        "0"
      ], 
      [
        1633961125, 
        "0"
      ], 
      [
        1633961140, 
        "1.5"
      ], 
      [
        1633961155, 
        "0"
      ], 
      [
        1633961170, 
        "1.5"
      ], 
      [
        1633961185, 
        "0"
      ], 
      [
        1633961200, 
        "1.5"
      ], 
      [
        1633961215, 
        "0"
      ]
    ]
  }, 
  "import_blocks": {
    "metric": {
      "instance": "172.17.0.1:3033", 
      "job": "openethereum"
    }, 
    "values": [
      [
        1633960960, 
        "3.344137655062025"
      ], 
      [
        1633961005, 
        "0"
      ], 
      [
        1633961020, 
        "0"
      ], 
      [
        1633961050, 
        "0"
      ], 
      [
        1633961065, 
        "0"
      ], 
      [
        1633961080, 
        "0"
      ], 
      [
        1633961095, 
        "0"
      ], 
      [
        1633961110, 
        "0"
      ], 
      [
        1633961125, 
        "0"
      ], 
      [
        1633961140, 
        "4.5"
      ], 
      [
        1633961155, 
        "1.5"
      ], 
      [
        1633961170, 
        "0"
      ], 
      [
        1633961185, 
        "0"
      ], 
      [
        1633961200, 
        "4.5"
      ], 
      [
        1633961215, 
        "0"
      ]
    ]
  }, 
  "peer_stats": {
    "metric": {
      "__name__": "net_peers", 
      "job": "openethereum", 
      "instance": "172.17.0.1:3033"
    }, 
    "values": [
      [
        1633961005, 
        "2"
      ], 
      [
        1633961020, 
        "2"
      ], 
      [
        1633961050, 
        "1"
      ], 
      [
        1633961065, 
        "0"
      ], 
      [
        1633961080, 
        "0"
      ], 
      [
        1633961095, 
        "0"
      ], 
      [
        1633961110, 
        "0"
      ], 
      [
        1633961140, 
        "5"
      ], 
      [
        1633961155, 
        "5"
      ], 
      [
        1633961170, 
        "2"
      ], 
      [
        1633961200, 
        "4"
      ], 
      [
        1633961215, 
        "4"
      ]
    ]
  }, 
  "sync_blocks_recieved": {
    "metric": {
      "instance": "172.17.0.1:3033", 
      "job": "openethereum"
    }, 
    "values": [
      [
        1633960960, 
        "1.6720688275310125"
      ], 
      [
        1633961005, 
        "0"
      ], 
      [
        1633961020, 
        "0"
      ], 
      [
        1633961050, 
        "0"
      ], 
      [
        1633961065, 
        "0"
      ], 
      [
        1633961080, 
        "0"
      ], 
      [
        1633961095, 
        "0"
      ], 
      [
        1633961110, 
        "0"
      ], 
      [
        1633961125, 
        "0"
      ], 
      [
        1633961140, 
        "0"
      ], 
      [
        1633961155, 
        "0"
      ], 
      [
        1633961170, 
        "0"
      ], 
      [
        1633961185, 
        "8.358"
      ], 
      [
        1633961200, 
        "1.5"
      ], 
      [
        1633961215, 
        "0"
      ]
    ]
  }, 
  "kvdb_bytes_write": {
    "metric": {
      "instance": "172.17.0.1:3033", 
      "job": "openethereum"
    }, 
    "values": [
      [
        1633960960, 
        "777056.0873682807"
      ], 
      [
        1633961005, 
        "0"
      ], 
      [
        1633961020, 
        "0"
      ], 
      [
        1633961050, 
        "0"
      ], 
      [
        1633961065, 
        "0"
      ], 
      [
        1633961080, 
        "0"
      ], 
      [
        1633961095, 
        "0"
      ], 
      [
        1633961110, 
        "0"
      ], 
      [
        1633961125, 
        "0"
      ], 
      [
        1633961140, 
        "749531.5"
      ], 
      [
        1633961155, 
        "477526.9"
      ], 
      [
        1633961170, 
        "0"
      ], 
      [
        1633961185, 
        "0"
      ], 
      [
        1633961200, 
        "790387.9"
      ], 
      [
        1633961215, 
        "0"
      ]
    ]
  }
}