{
  "stat": {
    "blockchaincache_size": {
      "max": 5805704.8, 
      "mean": 4830624.0, 
      "variance": 708028110967.4667, 
      "pvalue": 0.11078039193162087, 
      "min": 3843728.0
    }, 
    "kvdb_bytes_read": {
      "max": 1324090.49, 
      "mean": 700654.9245084445, 
      "variance": 262425391294.61093, 
      "pvalue": 0.0005986814480204542, 
      "min": 0.0
    }, 
    "sync_blocks_highest": {
      "max": 9.545159999999987, 
      "mean": 2.1220533333333336, 
      "variance": 22.601198653155564, 
      "pvalue": 0.201386408214124, 
      "min": 0.0
    }, 
    "import_blocks": {
      "max": 3.0, 
      "mean": 0.6, 
      "variance": 1.14, 
      "pvalue": 0.06137029281730968, 
      "min": 0.0
    }, 
    "peer_stats": {
      "max": 4.299999999999999, 
      "mean": 2.1333333333333333, 
      "variance": 3.048888888888889, 
      "pvalue": 1.0123188901691708e-11, 
      "min": 0.0
    }, 
    "sync_blocks_recieved": {
      "max": 14.03699999999997, 
      "mean": 3.1202400000000003, 
      "variance": 69.67818397440001, 
      "pvalue": 0.1995729593989286, 
      "min": 0.0
    }, 
    "kvdb_bytes_write": {
      "max": 634228.95, 
      "mean": 154629.36666666667, 
      "variance": 68206569682.7809, 
      "pvalue": 0.020602514799169188, 
      "min": 0.0
    }
  }, 
  "blockchaincache_size": {
    "metric": {
      "__name__": "blockchaincache_size", 
      "job": "openethereum", 
      "instance": "172.17.0.1:3033"
    }, 
    "values": [
      [
        1634003344, 
        "3843728"
      ], 
      [
        1634003359, 
        "3843728"
      ], 
      [
        1634003374, 
        "3843728"
      ], 
      [
        1634003389, 
        "3843728"
      ], 
      [
        1634003404, 
        "3843728"
      ], 
      [
        1634003419, 
        "3843728"
      ], 
      [
        1634003449, 
        "4819624"
      ], 
      [
        1634003509, 
        "5969264"
      ], 
      [
        1634003554, 
        "5299360"
      ], 
      [
        1634003569, 
        "5300016"
      ], 
      [
        1634003584, 
        "5477832"
      ], 
      [
        1634003599, 
        "5478368"
      ], 
      [
        1634003614, 
        "5581312"
      ], 
      [
        1634003629, 
        "5735608"
      ], 
      [
        1634003644, 
        "5735608"
      ]
    ]
  }, 
  "kvdb_bytes_read": {
    "metric": {
      "instance": "172.17.0.1:3033", 
      "job": "openethereum"
    }, 
    "values": [
      [
        1634003344, 
        "309285.89192"
      ], 
      [
        1634003359, 
        "1365777.8"
      ], 
      [
        1634003374, 
        "1266892.3"
      ], 
      [
        1634003389, 
        "0"
      ], 
      [
        1634003404, 
        "0"
      ], 
      [
        1634003419, 
        "0"
      ], 
      [
        1634003434, 
        "167490.60696"
      ], 
      [
        1634003449, 
        "486459.3"
      ], 
      [
        1634003524, 
        "511501.16792000004"
      ], 
      [
        1634003554, 
        "1052264.6"
      ], 
      [
        1634003569, 
        "1306224.5"
      ], 
      [
        1634003584, 
        "1220726.4"
      ], 
      [
        1634003599, 
        "537103.3008266666"
      ], 
      [
        1634003614, 
        "1107478.7"
      ], 
      [
        1634003629, 
        "1178619.3"
      ]
    ]
  }, 
  "sync_blocks_highest": {
    "metric": {
      "instance": "172.17.0.1:3033", 
      "job": "openethereum"
    }, 
    "values": [
      [
        1634003344, 
        "0"
      ], 
      [
        1634003359, 
        "0"
      ], 
      [
        1634003374, 
        "0"
      ], 
      [
        1634003389, 
        "0"
      ], 
      [
        1634003404, 
        "0"
      ], 
      [
        1634003419, 
        "0"
      ], 
      [
        1634003434, 
        "18.716"
      ], 
      [
        1634003449, 
        "1.5"
      ], 
      [
        1634003524, 
        "5.614800000000001"
      ], 
      [
        1634003554, 
        "4.5"
      ], 
      [
        1634003569, 
        "0"
      ], 
      [
        1634003584, 
        "0"
      ], 
      [
        1634003599, 
        "0"
      ], 
      [
        1634003614, 
        "1.5"
      ], 
      [
        1634003629, 
        "0"
      ]
    ]
  }, 
  "import_blocks": {
    "metric": {
      "instance": "172.17.0.1:3033", 
      "job": "openethereum"
    }, 
    "values": [
      [
        1634003344, 
        "0"
      ], 
      [
        1634003359, 
        "0"
      ], 
      [
        1634003374, 
        "0"
      ], 
      [
        1634003389, 
        "0"
      ], 
      [
        1634003404, 
        "0"
      ], 
      [
        1634003419, 
        "0"
      ], 
      [
        1634003434, 
        "0"
      ], 
      [
        1634003449, 
        "3"
      ], 
      [
        1634003524, 
        "0"
      ], 
      [
        1634003554, 
        "1.5"
      ], 
      [
        1634003569, 
        "3"
      ], 
      [
        1634003584, 
        "0"
      ], 
      [
        1634003599, 
        "0"
      ], 
      [
        1634003614, 
        "1.5"
      ], 
      [
        1634003629, 
        "0"
      ]
    ]
  }, 
  "peer_stats": {
    "metric": {
      "__name__": "net_peers", 
      "job": "openethereum", 
      "instance": "172.17.0.1:3033"
    }, 
    "values": [
      [
        1634003344, 
        "1"
      ], 
      [
        1634003359, 
        "1"
      ], 
      [
        1634003374, 
        "1"
      ], 
      [
        1634003389, 
        "0"
      ], 
      [
        1634003404, 
        "0"
      ], 
      [
        1634003419, 
        "0"
      ], 
      [
        1634003449, 
        "5"
      ], 
      [
        1634003509, 
        "4"
      ], 
      [
        1634003554, 
        "4"
      ], 
      [
        1634003569, 
        "4"
      ], 
      [
        1634003584, 
        "4"
      ], 
      [
        1634003599, 
        "4"
      ], 
      [
        1634003614, 
        "2"
      ], 
      [
        1634003629, 
        "1"
      ], 
      [
        1634003644, 
        "1"
      ]
    ]
  }, 
  "sync_blocks_recieved": {
    "metric": {
      "instance": "172.17.0.1:3033", 
      "job": "openethereum"
    }, 
    "values": [
      [
        1634003344, 
        "0"
      ], 
      [
        1634003359, 
        "0"
      ], 
      [
        1634003374, 
        "0"
      ], 
      [
        1634003389, 
        "0"
      ], 
      [
        1634003404, 
        "0"
      ], 
      [
        1634003419, 
        "0"
      ], 
      [
        1634003434, 
        "33.6888"
      ], 
      [
        1634003449, 
        "1.5"
      ], 
      [
        1634003524, 
        "5.614800000000001"
      ], 
      [
        1634003554, 
        "4.5"
      ], 
      [
        1634003569, 
        "0"
      ], 
      [
        1634003584, 
        "0"
      ], 
      [
        1634003599, 
        "0"
      ], 
      [
        1634003614, 
        "1.5"
      ], 
      [
        1634003629, 
        "0"
      ]
    ]
  }, 
  "kvdb_bytes_write": {
    "metric": {
      "instance": "172.17.0.1:3033", 
      "job": "openethereum"
    },