{
  "stat": {
    "blockchaincache_size": {
      "max": 3843728.0, 
      "mean": 3091243.6923076925, 
      "variance": 229223692372.8284, 
      "pvalue": 0.002869199226278741, 
      "min": 2726432.0
    }, 
    "kvdb_bytes_read": {
      "max": 1184697.2399999998, 
      "mean": 699859.5656673337, 
      "variance": 146505173934.52414, 
      "pvalue": 7.098332158009241e-06, 
      "min": 80971.4930052021
    }, 
    "sync_blocks_highest": {
      "max": 2.6999999999999957, 
      "mean": 0.5769230769230769, 
      "variance": 1.5710059171597637, 
      "pvalue": 0.026792794963979308, 
      "min": 0.0
    }, 
    "import_blocks": {
      "max": 1.1999999999999957, 
      "mean": 0.23076923076923078, 
      "variance": 0.63905325443787, 
      "pvalue": 0.004145594732754638, 
      "min": 0.0
    }, 
    "peer_stats": {
      "max": 2.3999999999999986, 
      "mean": 1.5384615384615385, 
      "variance": 0.4023668639053254, 
      "pvalue": 2.095060677501056e-10, 
      "min": 1.0
    }, 
    "sync_blocks_recieved": {
      "max": 2.3999999999999915, 
      "mean": 0.46153846153846156, 
      "variance": 2.5562130177514795, 
      "pvalue": 0.002836400540038942, 
      "min": 0.0
    }, 
    "kvdb_bytes_write": {
      "max": 253177.4399999991, 
      "mean": 48687.96923076923, 
      "variance": 28446220173.795982, 
      "pvalue": 0.0006839441279799043, 
      "min": 0.0
    }
  }, 
  "blockchaincache_size": {
    "metric": {
      "__name__": "blockchaincache_size", 
      "job": "openethereum", 
      "instance": "172.17.0.1:3033"
    }, 
    "values": [
      [
        1634003043, 
        "2726432"
      ], 
      [
        1634003058, 
        "2726432"
      ], 
      [
        1634003073, 
        "2726432"
      ], 
      [
        1634003103, 
        "2726432"
      ], 
      [
        1634003118, 
        "2726432"
      ], 
      [
        1634003133, 
        "2726432"
      ], 
      [
        1634003148, 
        "2726840"
      ], 
      [
        1634003163, 
        "2727112"
      ], 
      [
        1634003178, 
        "3421496"
      ], 
      [
        1634003193, 
        "3421496"
      ], 
      [
        1634003208, 
        "3843176"
      ], 
      [
        1634003283, 
        "3843728"
      ], 
      [
        1634003343, 
        "3843728"
      ]
    ]
  }, 
  "kvdb_bytes_read": {
    "metric": {
      "instance": "172.17.0.1:3033", 
      "job": "openethereum"
    }, 
    "values": [
      [
        1634003058, 
        "620696.3"
      ], 
      [
        1634003073, 
        "1160385.4"
      ], 
      [
        1634003088, 
        "794770.7210666668"
      ], 
      [
        1634003103, 
        "994974"
      ], 
      [
        1634003118, 
        "876697.2"
      ], 
      [
        1634003133, 
        "370871.1"
      ], 
      [
        1634003163, 
        "998629.3"
      ], 
      [
        1634003178, 
        "1221165"
      ], 
      [
        1634003193, 
        "72012.8"
      ], 
      [
        1634003208, 
        "566275.04568"
      ], 
      [
        1634003283, 
        "1054530.4"
      ], 
      [
        1634003328, 
        "86943.95500867015"
      ], 
      [
        1634003343, 
        "280223.13191999996"
      ]
    ]
  }, 
  "sync_blocks_highest": {
    "metric": {
      "instance": "172.17.0.1:3033", 
      "job": "openethereum"
    }, 
    "values": [
      [
        1634003058, 
        "0"
      ], 
      [
        1634003073, 
        "4.5"
      ], 
      [
        1634003088, 
        "0"
      ], 
      [
        1634003103, 
        "0"
      ], 
      [
        1634003118, 
        "0"
      ], 
      [
        1634003133, 
        "0"
      ], 
      [
        1634003163, 
        "1.5"
      ], 
      [
        1634003178, 
        "0"
      ], 
      [
        1634003193, 
        "1.5"
      ], 
      [
        1634003208, 
        "0"
      ], 
      [
        1634003283, 
        "0"
      ], 
      [
        1634003328, 
        "0"
      ], 
      [
        1634003343, 
        "0"
      ]
    ]
  }, 
  "import_blocks": {
    "metric": {
      "instance": "172.17.0.1:3033", 
      "job": "openethereum"
    }, 
    "values": [
      [
        1634003058, 
        "0"
      ], 
      [
        1634003073, 
        "0"
      ], 
      [
        1634003088, 
        "0"
      ], 
      [
        1634003103, 
        "0"
      ], 
      [
        1634003118, 
        "0"
      ], 
      [
        1634003133, 
        "0"
      ], 
      [
        1634003163, 
        "3"
      ], 
      [
        1634003178, 
        "0"
      ], 
      [
        1634003193, 
        "0"
      ], 
      [
        1634003208, 
        "0"
      ], 
      [
        1634003283, 
        "0"
      ], 
      [
        1634003328, 
        "0"
      ], 
      [
        1634003343, 
        "0"
      ]
    ]
  }, 
  "peer_stats": {
    "metric": {
      "__name__": "net_peers", 
      "job": "openethereum", 
      "instance": "172.17.0.1:3033"
    }, 
    "values": [
      [
        1634003043, 
        "1"
      ], 
      [
        1634003058, 
        "1"
      ], 
      [
        1634003073, 
        "2"
      ], 
      [
        1634003103, 
        "1"
      ], 
      [
        1634003118, 
        "1"
      ], 
      [
        1634003133, 
        "2"
      ], 
      [
        1634003148, 
        "2"
      ], 
      [
        1634003163, 
        "2"
      ], 
      [
        1634003178, 
        "1"
      ], 
      [
        1634003193, 
        "2"
      ], 
      [
        1634003208, 
        "3"
      ], 
      [
        1634003283, 
        "1"
      ], 
      [
        1634003343, 
        "1"
      ]
    ]
  }, 
  "sync_blocks_recieved": {
    "metric": {
      "instance": "172.17.0.1:3033", 
      "job": "openethereum"
    }, 
    "values": [
      [
        1634003058, 
        "0"
      ], 
      [
        1634003073, 
        "0"
      ], 
      [
        1634003088, 
        "0"
      ], 
      [
        1634003103, 
        "0"
      ], 
      [
        1634003118, 
        "0"
      ], 
      [
        1634003133, 
        "0"
      ], 
      [
        1634003163, 
        "0"
      ], 
      [
        1634003178, 
        "0"
      ], 
      [
        1634003193, 
        "6"
      ], 
      [
        1634003208, 
        "0"
      ], 
      [
        1634003283, 
        "0"
      ], 
      [
        1634003328, 
        "0"
      ], 
      [
        1634003343, 
        "0"
      ]
    ]
  }, 
  "kvdb_bytes_write": {
    "metric": {
      "instance": "172.17.0.1:3033", 
      "job": "openethereum"
    }, 
    "values": [
      [
        1634003058, 
        "0"
      ], 
      [
        1634003073, 
        "0"
      ], 
      [
        1634003088, 
        "0"
      ], 
      [
        1634003103, 
        "0"
      ], 
      [
        1634003118, 
        "0"
      ], 
      [
        1634003133, 
        "0"
      ], 
      [
        1634003163, 
        "632943.6"
      ], 
      [
        1634003178, 
        "0"
      ], 
      [
        1634003193, 
        "0"
      ], 
      [
        1634003208, 
        "0"
      ], 
      [
        1634003283, 
        "0"
      ], 
      [
        1634003328, 
        "0"
      ], 
      [
        1634003343, 
        "0"
      ]
    ]
  }
}