{
  "stat": {
    "blockchaincache_size": {
      "max": 8294552.0, 
      "mean": 4668287.238095238, 
      "variance": 7404147767923.2295, 
      "pvalue": 0.062406238517758374, 
      "min": 645272.0
    }, 
    "kvdb_bytes_read": {
      "max": 931621.4, 
      "mean": 346771.7565224011, 
      "variance": 91779740592.32175, 
      "pvalue": 0.06747732635528321, 
      "min": 12048.9
    }, 
    "sync_blocks_highest": {
      "max": 1.5, 
      "mean": 0.8570857599634578, 
      "variance": 0.7652327769915097, 
      "pvalue": 0.22692035180031206, 
      "min": 0.0
    }, 
    "import_blocks": {
      "max": 3.0, 
      "mean": 1.3570857599634578, 
      "variance": 1.4795755884566233, 
      "pvalue": 0.13330014071433927, 
      "min": 0.0
    }, 
    "peer_stats": {
      "max": 39.0, 
      "mean": 37.95238095238095, 
      "variance": 1.3786848072562354, 
      "pvalue": 1.269150212553583e-15, 
      "min": 36.0
    }, 
    "sync_blocks_recieved": {
      "max": 1.5, 
      "mean": 0.8570857599634578, 
      "variance": 0.7652327769915097, 
      "pvalue": 0.2239337804685146, 
      "min": 0.0
    }, 
    "kvdb_bytes_write": {
      "max": 791081.0, 
      "mean": 310750.74034867337, 
      "variance": 90255363910.69672, 
      "pvalue": 0.396042399308642, 
      "min": 0.0
    }
  }, 
  "blockchaincache_size": {
    "metric": {
      "__name__": "blockchaincache_size", 
      "job": "openethereum", 
      "instance": "172.17.0.1:3033"
    }, 
    "values": [
      [
        1633927872, 
        "4860512"
      ], 
      [
        1633927887, 
        "5030192"
      ], 
      [
        1633927902, 
        "5241728"
      ], 
      [
        1633927917, 
        "5271504"
      ], 
      [
        1633927932, 
        "5323872"
      ], 
      [
        1633927947, 
        "5428408"
      ], 
      [
        1633927962, 
        "5428408"
      ], 
      [
        1633927977, 
        "5430616"
      ], 
      [
        1633927992, 
        "6233168"
      ], 
      [
        1633928007, 
        "6234944"
      ], 
      [
        1633928022, 
        "6234944"
      ], 
      [
        1633928037, 
        "6234944"
      ], 
      [
        1633928052, 
        "10666168"
      ], 
      [
        1633928067, 
        "8294552"
      ], 
      [
        1633928082, 
        "7039704"
      ], 
      [
        1633928097, 
        "558464"
      ], 
      [
        1633928112, 
        "645272"
      ], 
      [
        1633928127, 
        "757432"
      ], 
      [
        1633928142, 
        "940416"
      ], 
      [
        1633928157, 
        "1000520"
      ], 
      [
        1633928172, 
        "1178264"
      ]
    ]
  }, 
  "kvdb_bytes_read": {
    "metric": {
      "instance": "172.17.0.1:3033", 
      "job": "openethereum"
    }, 
    "values": [
      [
        1633927872, 
        "13143.7"
      ], 
      [
        1633927887, 
        "416427.7"
      ], 
      [
        1633927902, 
        "931621.4"
      ], 
      [
        1633927917, 
        "408890"
      ], 
      [
        1633927932, 
        "315169.6"
      ], 
      [
        1633927947, 
        "49028.5"
      ], 
      [
        1633927962, 
        "6598.6"
      ], 
      [
        1633927977, 
        "37880.4"
      ], 
      [
        1633927992, 
        "416342.8"
      ], 
      [
        1633928007, 
        "220266.28697042368"
      ], 
      [
        1633928022, 
        "29316.3"
      ], 
      [
        1633928037, 
        "26694.2"
      ], 
      [
        1633928052, 
        "1054957.1"
      ], 
      [
        1633928067, 
        "748507.6"
      ], 
      [
        1633928082, 
        "240166.2"
      ], 
      [
        1633928097, 
        "486875"
      ], 
      [
        1633928112, 
        "12048.9"
      ], 
      [
        1633928127, 
        "461853.1"
      ], 
      [
        1633928142, 
        "249216.9"
      ], 
      [
        1633928157, 
        "532489.4"
      ], 
      [
        1633928172, 
        "624713.2"
      ]
    ]
  }, 
  "sync_blocks_highest": {
    "metric": {
      "instance": "172.17.0.1:3033", 
      "job": "openethereum"
    }, 
    "values": [
      [
        1633927872, 
        "0"
      ], 
      [
        1633927887, 
        "1.5"
      ], 
      [
        1633927902, 
        "1.5"
      ], 
      [
        1633927917, 
        "1.5"
      ], 
      [
        1633927932, 
        "1.5"
      ], 
      [
        1633927947, 
        "0"
      ], 
      [
        1633927962, 
        "0"
      ], 
      [
        1633927977, 
        "1.5"
      ], 
      [
        1633927992, 
        "0"
      ], 
      [
        1633928007, 
        "1.4988009592326141"
      ], 
      [
        1633928022, 
        "0"
      ], 
      [
        1633928037, 
        "0"
      ], 
      [
        1633928052, 
        "0"
      ], 
      [
        1633928067, 
        "1.5"
      ], 
      [
        1633928082, 
        "1.5"
      ], 
      [
        1633928097, 
        "3"
      ], 
      [
        1633928112, 
        "0"
      ], 
      [
        1633928127, 
        "0"
      ], 
      [
        1633928142, 
        "0"
      ], 
      [
        1633928157, 
        "1.5"
      ], 
      [
        1633928172, 
        "1.5"
      ]
    ]
  }, 
  "import_blocks": {
    "metric": {
      "instance": "172.17.0.1:3033", 
      "job": "openethereum"
    }, 
    "values": [
      [
        1633927872, 
        "0"
      ], 
      [
        1633927887, 
        "1.5"
      ], 
      [
        1633927902, 
        "3"
      ], 
      [
        1633927917, 
        "1.5"
      ], 
      [
        1633927932, 
        "1.5"
      ], 
      [
        1633927947, 
        "0"
      ], 
      [
        1633927962, 
        "0"
      ], 
      [
        1633927977, 
        "0"
      ], 
      [
        1633927992, 
        "4.5"
      ], 
      [
        1633928007, 
        "1.4988009592326141"
      ], 
      [
        1633928022, 
        "0"
      ], 
      [
        1633928037, 
        "0"
      ], 
      [
        1633928052, 
        "3"
      ], 
      [
        1633928067, 
        "3"
      ], 
      [
        1633928082, 
        "1.5"
      ], 
      [
        1633928097, 
        "1.5"
      ], 
      [
        1633928112, 
        "0"
      ], 
      [
        1633928127, 
        "1.5"
      ], 
      [
        1633928142, 
        "1.5"
      ], 
      [
        1633928157, 
        "1.5"
      ], 
      [
        1633928172, 
        "1.5"
      ]
    ]
  }, 
  "peer_stats": {
    "metric": {
      "__name__": "net_peers", 
      "job": "openethereum", 
      "instance": "172.17.0.1:3033"
    }, 
    "values": [
      [
        1633927872, 
        "38"
      ], 
      [
        1633927887, 
        "39"
      ], 
      [
        1633927902, 
        "39"
      ], 
      [
        1633927917, 
        "39"
      ], 
      [
        1633927932, 
        "39"
      ], 
      [
        1633927947, 
        "39"
      ], 
      [
        1633927962, 
        "39"
      ], 
      [
        1633927977, 
        "39"
      ], 
      [
        1633927992, 
        "39"
      ], 
      [
        1633928007, 
        "39"
      ], 
      [
        1633928022, 
        "39"
      ], 
      [
        1633928037, 
        "39"
      ], 
      [
        1633928052, 
        "37"
      ], 
      [
        1633928067, 
        "37"
      ], 
      [
        1633928082, 
        "37"
      ], 
      [
        1633928097, 
        "36"
      ], 
      [
        1633928112, 
        "36"
      ], 
      [
        1633928127, 
        "37"
      ], 
      [
        1633928142, 
        "36"
      ], 
      [
        1633928157, 
        "37"
      ], 
      [
        1633928172, 
        "37"
      ]
    ]
  }, 
  "sync_blocks_recieved": {
    "metric": {
      "instance": "172.17.0.1:3033", 
      "job": "openethereum"
    },