{
  "known_broadcasts": {
    "values": [
      [
        1633911315, 
        1.105864864904377
      ], 
      [
        1633911330, 
        0.9840677495625891
      ], 
      [
        1633911345, 
        0.9158566558719352
      ], 
      [
        1633911360, 
        0.8933698405649753
      ], 
      [
        1633911375, 
        0.8895095767903516
      ], 
      [
        1633911390, 
        0.7204188896216671
      ], 
      [
        1633911405, 
        0.6512872854231795
      ], 
      [
        1633911420, 
        0.5864028783859502
      ], 
      [
        1633911435, 
        0.6752458555779013
      ], 
      [
        1633911450, 
        0.6120818292237055
      ], 
      [
        1633911465, 
        0.6541333931283038
      ], 
      [
        1633911480, 
        0.8872087087607884
      ], 
      [
        1633911495, 
        0.7069426047089594
      ], 
      [
        1633911510, 
        0.6983438152552421
      ], 
      [
        1633911525, 
        0.7370143585663715
      ], 
      [
        1633911540, 
        0.8074818927582457
      ], 
      [
        1633911555, 
        0.6582187945885688
      ], 
      [
        1633911570, 
        0.510846513315789
      ], 
      [
        1633911585, 
        0.47118990655066806
      ], 
      [
        1633911600, 
        0.5506486507162287
      ], 
      [
        1633911615, 
        0.5262427505843235
      ]
    ], 
    "name": "geth.eth/fetcher/block/broadcasts/drop.meter", 
    "columns": [
      "time", 
      "mean"
    ]
  }, 
  "memory_used": {
    "values": [
      [
        1633911315, 
        2047868104
      ], 
      [
        1633911330, 
        1693534248
      ], 
      [
        1633911345, 
        1986168804
      ], 
      [
        1633911360, 
        1636068552
      ], 
      [
        1633911375, 
        1880023912
      ], 
      [
        1633911390, 
        2075106760
      ], 
      [
        1633911405, 
        1682660928
      ], 
      [
        1633911420, 
        1885721824
      ], 
      [
        1633911435, 
        1804411704
      ], 
      [
        1633911450, 
        1709757728
      ], 
      [
        1633911465, 
        1908029352
      ], 
      [
        1633911480, 
        2132771688
      ], 
      [
        1633911495, 
        1749863516
      ], 
      [
        1633911510, 
        1939058056
      ], 
      [
        1633911525, 
        1848544536
      ], 
      [
        1633911540, 
        1799757920
      ], 
      [
        1633911555, 
        1989853184
      ], 
      [
        1633911570, 
        1613150704
      ], 
      [
        1633911585, 
        1809534572
      ], 
      [
        1633911600, 
        2011196464
      ], 
      [
        1633911615, 
        1575259488
      ]
    ], 
    "name": "geth.system/memory/used.gauge", 
    "columns": [
      "time", 
      "mean"
    ]
  }, 
  "stat": {
    "known_broadcasts": {
      "max": 0.9840677495625891, 
      "mean": 0.7258274673742914, 
      "variance": 0.027040445240957372, 
      "pvalue": 0.051068108695103274, 
      "min": 0.510846513315789
    }, 
    "memory_used": {
      "max": 2075106760.0, 
      "mean": 1846587716.3809524, 
      "variance": 2.4422351017036372e+16, 
      "pvalue": 0.1935493625293152, 
      "min": 1613150704.0
    }, 
    "disk_write": {
      "max": 70488.13971312459, 
      "mean": 20063.726351343495, 
      "variance": 537320298.175218, 
      "pvalue": 0.0351481237034251, 
      "min": 3321.7871364024136
    }, 
    "disk_read": {
      "max": 37439198.594091535, 
      "mean": 23133457.144843366, 
      "variance": 45241068322507.56, 
      "pvalue": 0.4440269503707737, 
      "min": 18157500.102416065
    }, 
    "traffic_egress": {
      "max": 4420.322702239484, 
      "mean": 2239.7844437021663, 
      "variance": 985442.0308958851, 
      "pvalue": 1.7761924627882032e-09, 
      "min": 1458.776290065487
    }, 
    "peer_stats": {
      "max": 42.0, 
      "mean": 41.69047619047619, 
      "variance": 0.2018140589569161, 
      "pvalue": 2.3375259846807434e-17, 
      "min": 41.0
    }, 
    "traffic_ingress": {
      "max": 210815.95842145427, 
      "mean": 171586.00133080513, 
      "variance": 754149787.9088675, 
      "pvalue": 0.26613103664936866, 
      "min": 130431.04941612619
    }, 
    "known_announcements": {
      "max": 1.8926676840710188, 
      "mean": 1.3947539609488022, 
      "variance": 0.11944708654681471, 
      "pvalue": 4.3955786202941866e-08, 
      "min": 0.9298069693350919
    }
  }, 
  "disk_write": {
    "values": [
      [
        1633911315, 
        83271.8978336282
      ], 
      [
        1633911330, 
        70488.13971312459
      ], 
      [
        1633911345, 
        55099.5975777891
      ], 
      [
        1633911360, 
        42786.82764971845
      ], 
      [
        1633911375, 
        33444.12119040127
      ], 
      [
        1633911390, 
        25961.5730942556
      ], 
      [
        1633911405, 
        20295.670955066496
      ], 
      [
        1633911420, 
        15757.549121929864
      ], 
      [
        1633911435, 
        12326.541610017746
      ], 
      [
        1633911450, 
        9578.703523693915
      ], 
      [
        1633911465, 
        7492.271650930616
      ], 
      [
        1633911480, 
        5912.1970667891765
      ], 
      [
        1633911495, 
        4936.2099876790835
      ], 
      [
        1633911510, 
        4068.1649295883876
      ], 
      [
        1633911525, 
        3377.3069817635155
      ], 
      [
        1633911540, 
        2882.6531422341036
      ], 
      [
        1633911555, 
        3321.7871364024136
      ], 
      [
        1633911570, 
        4073.8111209037456
      ], 
      [
        1633911585, 
        4427.038390829361
      ], 
      [
        1633911600, 
        4809.615013878994
      ], 
      [
        1633911615, 
        7026.575687588857
      ]
    ], 
    "name": "geth.eth/db/chaindata/disk/write.meter", 
    "columns": [
      "time", 
      "mean"
    ]
  }, 
  "disk_read": {
    "values": [
      [
        1633911315, 
        40115405.05418463
      ], 
      [
        1633911330, 
        37439198.594091535
      ], 
      [
        1633911345, 
        34555943.31284788
      ], 
      [
        1633911360, 
        30268375.733072426
      ], 
      [
        1633911375, 
        28122050.771664947
      ], 
      [
        1633911390, 
        25128396.73003162
      ], 
      [
        1633911405, 
        23402338.638242915
      ], 
      [
        1633911420, 
        21549280.965719264
      ], 
      [
        1633911435, 
        20868167.632758982
      ], 
      [
        1633911450, 
        19529272.258220766
      ], 
      [
        1633911465, 
        19642158.321605794
      ], 
      [
        1633911480, 
        18905943.12052857
      ], 
      [
        1633911495, 
        18888695.365661018
      ], 
      [
        1633911510, 
        18147144.170018367
      ], 
      [
        1633911525, 
        18327216.296075344
      ], 
      [
        1633911540, 
        18157500.102416065
      ], 
      [
        1633911555, 
        18689805.32729554
      ], 
      [
        1633911570, 
        18195236.981087867
      ], 
      [
        1633911585, 
        18693068.642938137
      ], 
      [
        1633911600, 
        18353378.923320737
      ], 
      [
        1633911615, 
        18824023.099928334
      ]
    ], 
    "name": "geth.eth/db/chaindata/disk/read.meter", 
    "columns": [
      "time", 
      "mean"
    ]
  },