{
  "known_broadcasts": {
    "values": [
      [
        1633911015, 
        0.36662368318863325
      ], 
      [
        1633911030, 
        0.31034024773126434
      ], 
      [
        1633911045, 
        0.4559495609501332
      ], 
      [
        1633911060, 
        0.5455142750515483
      ], 
      [
        1633911075, 
        0.7399030442134237
      ], 
      [
        1633911090, 
        0.9701997277050892
      ], 
      [
        1633911105, 
        0.8160915850841328
      ], 
      [
        1633911120, 
        0.9762268049657774
      ], 
      [
        1633911135, 
        1.0980169397940958
      ], 
      [
        1633911150, 
        1.0163032683532187
      ], 
      [
        1633911165, 
        0.9253092937799334
      ], 
      [
        1633911180, 
        0.798775430071544
      ], 
      [
        1633911195, 
        0.9430748328176951
      ], 
      [
        1633911210, 
        1.2546123435090475
      ], 
      [
        1633911225, 
        1.1795714491608815
      ], 
      [
        1633911240, 
        1.4258457920721708
      ], 
      [
        1633911255, 
        1.318370547930138
      ], 
      [
        1633911270, 
        1.2908657826520211
      ], 
      [
        1633911285, 
        1.2233803059118888
      ], 
      [
        1633911300, 
        1.144365837622277
      ], 
      [
        1633911315, 
        1.3064249733770463
      ]
    ], 
    "name": "geth.eth/fetcher/block/broadcasts/drop.meter", 
    "columns": [
      "time", 
      "mean"
    ]
  }, 
  "memory_used": {
    "values": [
      [
        1633911015, 
        1932137632
      ], 
      [
        1633911030, 
        2066818360
      ], 
      [
        1633911045, 
        1731185828
      ], 
      [
        1633911060, 
        1945011808
      ], 
      [
        1633911075, 
        1903824228
      ], 
      [
        1633911090, 
        1809208152
      ], 
      [
        1633911105, 
        2008292432
      ], 
      [
        1633911120, 
        1642950240
      ], 
      [
        1633911135, 
        1862504964
      ], 
      [
        1633911150, 
        2070158848
      ], 
      [
        1633911165, 
        1731287800
      ], 
      [
        1633911180, 
        1978110872
      ], 
      [
        1633911195, 
        1927676176
      ], 
      [
        1633911210, 
        1873053912
      ], 
      [
        1633911225, 
        1804910624
      ], 
      [
        1633911240, 
        1738364432
      ], 
      [
        1633911255, 
        1967211104
      ], 
      [
        1633911270, 
        1601872432
      ], 
      [
        1633911285, 
        2077080892
      ], 
      [
        1633911300, 
        2093824624
      ], 
      [
        1633911315, 
        1750115904
      ]
    ], 
    "name": "geth.system/memory/used.gauge", 
    "columns": [
      "time", 
      "mean"
    ]
  }, 
  "stat": {
    "known_broadcasts": {
      "max": 1.318370547930138, 
      "mean": 0.9574174155210455, 
      "variance": 0.10154248919308015, 
      "pvalue": 4.220688644685072e-06, 
      "min": 0.36662368318863325
    }, 
    "memory_used": {
      "max": 2077080892.0, 
      "mean": 1881695298.2857144, 
      "variance": 2.022772255578007e+16, 
      "pvalue": 0.02382841353829252, 
      "min": 1642950240.0
    }, 
    "disk_write": {
      "max": 116183.29097572355, 
      "mean": 41870.28093506616, 
      "variance": 1137547769.0262964, 
      "pvalue": 2.6394847594189105e-05, 
      "min": 21510.238668996928
    }, 
    "disk_read": {
      "max": 42764785.1773261, 
      "mean": 20700312.484786417, 
      "variance": 63502447103567.16, 
      "pvalue": 3.0461041513036615e-05, 
      "min": 16661645.039395336
    }, 
    "traffic_egress": {
      "max": 8369.606199145399, 
      "mean": 5929.487722867933, 
      "variance": 2366196.6017102916, 
      "pvalue": 1.1685588618229217e-07, 
      "min": 4075.4595002372594
    }, 
    "peer_stats": {
      "max": 44.0, 
      "mean": 41.5, 
      "variance": 3.761904761904762, 
      "pvalue": 2.3376698967610717e-17, 
      "min": 39.0
    }, 
    "traffic_ingress": {
      "max": 227515.22527005005, 
      "mean": 164781.40758013257, 
      "variance": 1399665393.7569175, 
      "pvalue": 0.10137229709375734, 
      "min": 104359.13233085976
    }, 
    "known_announcements": {
      "max": 2.514041433381081, 
      "mean": 1.6586456426031158, 
      "variance": 0.35692817059939275, 
      "pvalue": 0.0029561476085073076, 
      "min": 0.6502972658037155
    }
  }, 
  "disk_write": {
    "values": [
      [
        1633911015, 
        36217.70508134397
      ], 
      [
        1633911030, 
        34433.831136547284
      ], 
      [
        1633911045, 
        33796.34145845196
      ], 
      [
        1633911060, 
        33355.25948248189
      ], 
      [
        1633911075, 
        34126.04331328897
      ], 
      [
        1633911090, 
        32572.175671517303
      ], 
      [
        1633911105, 
        30860.837764629046
      ], 
      [
        1633911120, 
        28875.172986396
      ], 
      [
        1633911135, 
        28090.85747797537
      ], 
      [
        1633911150, 
        27806.23142026667
      ], 
      [
        1633911165, 
        25061.630498525497
      ], 
      [
        1633911180, 
        25724.457370430966
      ], 
      [
        1633911195, 
        25875.378735905055
      ], 
      [
        1633911210, 
        22338.081773319045
      ], 
      [
        1633911225, 
        21510.238668996928
      ], 
      [
        1633911240, 
        19864.488628257695
      ], 
      [
        1633911255, 
        27569.389981619934
      ], 
      [
        1633911270, 
        26985.929351399052
      ], 
      [
        1633911285, 
        149668.46056806506
      ], 
      [
        1633911300, 
        116183.29097572355
      ], 
      [
        1633911315, 
        98360.09729124817
      ]
    ], 
    "name": "geth.eth/db/chaindata/disk/write.meter", 
    "columns": [
      "time", 
      "mean"
    ]
  }, 
  "disk_read": {
    "values": [
      [
        1633911015, 
        17272612.632012554
      ], 
      [
        1633911030, 
        16434702.757657079
      ], 
      [
        1633911045, 
        17000135.870920405
      ], 
      [
        1633911060, 
        16886882.9533128
      ], 
      [
        1633911075, 
        17547860.86748538
      ], 
      [
        1633911090, 
        17066789.584982004
      ], 
      [
        1633911105, 
        17327283.98217681
      ], 
      [
        1633911120, 
        16731449.923011895
      ], 
      [
        1633911135, 
        17070157.61204208
      ], 
      [
        1633911150, 
        16661645.039395336
      ], 
      [
        1633911165, 
        17794045.528709397
      ], 
      [
        1633911180, 
        17729800.606024086
      ], 
      [
        1633911195, 
        18505250.08061683
      ], 
      [
        1633911210, 
        18030391.803336106
      ], 
      [
        1633911225, 
        18736767.158355616
      ], 
      [
        1633911240, 
        18264029.654902425
      ], 
      [
        1633911255, 
        18909846.350307304
      ], 
      [
        1633911270, 
        18575631.720939044
      ], 
      [
        1633911285, 
        31210327.032568976
      ], 
      [
        1633911300, 
        44186165.84443259
      ], 
      [
        1633911315, 
        42764785.1773261
      ]
    ], 
    "name": "geth.eth/db/chaindata/disk/read.meter", 
    "columns": [
      "time", 
      "mean"
    ]
  },