{
  "stat": {
    "blockchaincache_size": {
      "max": 5682673.199999999, 
      "mean": 4999822.666666667, 
      "variance": 202494467454.22217, 
      "pvalue": 0.20693492479968167, 
      "min": 4567792.0
    }, 
    "kvdb_bytes_read": {
      "max": 1371668.6599999997, 
      "mean": 477521.4987300945, 
      "variance": 271042122367.61945, 
      "pvalue": 0.3866460145988876, 
      "min": 0.0
    }, 
    "sync_blocks_highest": {
      "max": 9.899999999999991, 
      "mean": 2.245107692307692, 
      "variance": 16.91779490840237, 
      "pvalue": 0.22529194292841126, 
      "min": 0.0
    }, 
    "import_blocks": {
      "max": 6.0, 
      "mean": 1.6285846153846153, 
      "variance": 5.3511157320710065, 
      "pvalue": 0.42056113112884663, 
      "min": 0.0
    }, 
    "peer_stats": {
      "max": 4.899999999999999, 
      "mean": 1.5833333333333333, 
      "variance": 3.7430555555555567, 
      "pvalue": 9.605892843773753e-10, 
      "min": 0.0
    }, 
    "sync_blocks_recieved": {
      "max": 15.599999999999987, 
      "mean": 2.6670461538461536, 
      "variance": 38.101806856331365, 
      "pvalue": 0.08648639696540278, 
      "min": 0.0
    }, 
    "kvdb_bytes_write": {
      "max": 1226600.08, 
      "mean": 322252.7220061539, 
      "variance": 223208145671.81686, 
      "pvalue": 0.1754132883150607, 
      "min": 0.0
    }
  }, 
  "blockchaincache_size": {
    "metric": {
      "__name__": "blockchaincache_size", 
      "job": "openethereum", 
      "instance": "172.17.0.1:3033"
    }, 
    "values": [
      [
        1633978105, 
        "4567792"
      ], 
      [
        1633978120, 
        "4567792"
      ], 
      [
        1633978135, 
        "4567792"
      ], 
      [
        1633978150, 
        "4567792"
      ], 
      [
        1633978165, 
        "4567792"
      ], 
      [
        1633978180, 
        "4572216"
      ], 
      [
        1633978210, 
        "5720368"
      ], 
      [
        1633978270, 
        "5294264"
      ], 
      [
        1633978285, 
        "5294264"
      ], 
      [
        1633978300, 
        "5312496"
      ], 
      [
        1633978315, 
        "5313472"
      ], 
      [
        1633978405, 
        "5651832"
      ]
    ]
  }, 
  "kvdb_bytes_read": {
    "metric": {
      "instance": "172.17.0.1:3033", 
      "job": "openethereum"
    }, 
    "values": [
      [
        1633978105, 
        "8926.242691229474"
      ], 
      [
        1633978120, 
        "61754.1"
      ], 
      [
        1633978135, 
        "0"
      ], 
      [
        1633978150, 
        "0"
      ], 
      [
        1633978165, 
        "233528.6"
      ], 
      [
        1633978180, 
        "1488632.9"
      ], 
      [
        1633978210, 
        "955267.1"
      ], 
      [
        1633978255, 
        "518175.94080000004"
      ], 
      [
        1633978270, 
        "800117.8"
      ], 
      [
        1633978285, 
        "0"
      ], 
      [
        1633978300, 
        "847684.3"
      ], 
      [
        1633978315, 
        "1293692.5"
      ], 
      [
        1633978405, 
        "0"
      ]
    ]
  }, 
  "sync_blocks_highest": {
    "metric": {
      "instance": "172.17.0.1:3033", 
      "job": "openethereum"
    }, 
    "values": [
      [
        1633978105, 
        "0"
      ], 
      [
        1633978120, 
        "0"
      ], 
      [
        1633978135, 
        "0"
      ], 
      [
        1633978150, 
        "0"
      ], 
      [
        1633978165, 
        "0"
      ], 
      [
        1633978180, 
        "13.5"
      ], 
      [
        1633978210, 
        "0"
      ], 
      [
        1633978255, 
        "6.686400000000001"
      ], 
      [
        1633978270, 
        "0"
      ], 
      [
        1633978285, 
        "0"
      ], 
      [
        1633978300, 
        "7.5"
      ], 
      [
        1633978315, 
        "1.5"
      ], 
      [
        1633978405, 
        "0"
      ]
    ]
  }, 
  "import_blocks": {
    "metric": {
      "instance": "172.17.0.1:3033", 
      "job": "openethereum"
    }, 
    "values": [
      [
        1633978105, 
        "0"
      ], 
      [
        1633978120, 
        "0"
      ], 
      [
        1633978135, 
        "0"
      ], 
      [
        1633978150, 
        "0"
      ], 
      [
        1633978165, 
        "0"
      ], 
      [
        1633978180, 
        "6"
      ], 
      [
        1633978210, 
        "3"
      ], 
      [
        1633978255, 
        "1.6716000000000002"
      ], 
      [
        1633978270, 
        "0"
      ], 
      [
        1633978285, 
        "0"
      ], 
      [
        1633978300, 
        "6"
      ], 
      [
        1633978315, 
        "4.5"
      ], 
      [
        1633978405, 
        "0"
      ]
    ]
  }, 
  "peer_stats": {
    "metric": {
      "__name__": "net_peers", 
      "job": "openethereum", 
      "instance": "172.17.0.1:3033"
    }, 
    "values": [
      [
        1633978105, 
        "0"
      ], 
      [
        1633978120, 
        "0"
      ], 
      [
        1633978135, 
        "0"
      ], 
      [
        1633978150, 
        "0"
      ], 
      [
        1633978165, 
        "0"
      ], 
      [
        1633978180, 
        "6"
      ], 
      [
        1633978210, 
        "2"
      ], 
      [
        1633978270, 
        "1"
      ], 
      [
        1633978285, 
        "1"
      ], 
      [
        1633978300, 
        "4"
      ], 
      [
        1633978315, 
        "4"
      ], 
      [
        1633978405, 
        "1"
      ]
    ]
  }, 
  "sync_blocks_recieved": {
    "metric": {
      "instance": "172.17.0.1:3033", 
      "job": "openethereum"
    }, 
    "values": [
      [
        1633978105, 
        "0"
      ], 
      [
        1633978120, 
        "0"
      ], 
      [
        1633978135, 
        "0"
      ], 
      [
        1633978150, 
        "0"
      ], 
      [
        1633978165, 
        "0"
      ], 
      [
        1633978180, 
        "21"
      ], 
      [
        1633978210, 
        "0"
      ], 
      [
        1633978255, 
        "1.6716000000000002"
      ], 
      [
        1633978270, 
        "0"
      ], 
      [
        1633978285, 
        "0"
      ], 
      [
        1633978300, 
        "12"
      ], 
      [
        1633978315, 
        "0"
      ], 
      [
        1633978405, 
        "0"
      ]
    ]
  }, 
  "kvdb_bytes_write": {
    "metric": {
      "instance": "172.17.0.1:3033", 
      "job": "openethereum"
    }, 
    "values": [
      [
        1633978105, 
        "0"
      ], 
      [
        1633978120, 
        "0"
      ], 
      [
        1633978135, 
        "0"
      ], 
      [
        1633978150, 
        "0"
      ], 
      [
        1633978165, 
        "0"
      ], 
      [
        1633978180, 
        "967707.4"
      ], 
      [
        1633978210, 
        "455757.2"
      ], 
      [
        1633978255, 
        "312230.58608000004"
      ], 
      [
        1633978270, 
        "0"
      ], 
      [
        1633978285, 
        "0"
      ], 
      [
        1633978300, 
        "1225820"
      ], 
      [
        1633978315, 
        "1227770.2"
      ], 
      [
        1633978405, 
        "0"
      ]
    ]
  }
}