{
  "stat": {
    "blockchaincache_size": {
      "max": 6563038.399999999, 
      "mean": 5214789.333333333, 
      "variance": 544789686744.889, 
      "pvalue": 0.06694310055122676, 
      "min": 4567792.0
    }, 
    "kvdb_bytes_read": {
      "max": 1170605.5061066668, 
      "mean": 550491.6813033017, 
      "variance": 134086665263.30602, 
      "pvalue": 0.00011070153823409366, 
      "min": 157154.7807938294
    }, 
    "sync_blocks_highest": {
      "max": 4.2568, 
      "mean": 0.7094666666666667, 
      "variance": 2.516714755555556, 
      "pvalue": 0.032549527941840795, 
      "min": 0.0
    }, 
    "import_blocks": {
      "max": 3.565559999999999, 
      "mean": 0.9797333333333333, 
      "variance": 2.2376514488888892, 
      "pvalue": 0.263214089039982, 
      "min": 0.0
    }, 
    "peer_stats": {
      "max": 5.349999999999998, 
      "mean": 1.75, 
      "variance": 4.6875, 
      "pvalue": 9.605883403064966e-10, 
      "min": 0.0
    }, 
    "sync_blocks_recieved": {
      "max": 0.0, 
      "mean": 0.0, 
      "variance": 0.0, 
      "pvalue": 0.0003217089755012161, 
      "min": 0.0
    }, 
    "kvdb_bytes_write": {
      "max": 711414.54018, 
      "mean": 214942.9194777778, 
      "variance": 94257408320.06586, 
      "pvalue": 0.10783046943270391, 
      "min": 0.0
    }
  }, 
  "blockchaincache_size": {
    "metric": {
      "__name__": "blockchaincache_size", 
      "job": "openethereum", 
      "instance": "172.17.0.1:3033"
    }, 
    "values": [
      [
        1633977819, 
        "5970152"
      ], 
      [
        1633977834, 
        "5083872"
      ], 
      [
        1633977849, 
        "5084552"
      ], 
      [
        1633977864, 
        "6232544"
      ], 
      [
        1633977879, 
        "4989312"
      ], 
      [
        1633977894, 
        "4989312"
      ], 
      [
        1633977909, 
        "4989584"
      ], 
      [
        1633978014, 
        "6966976"
      ], 
      [
        1633978029, 
        "4567792"
      ], 
      [
        1633978044, 
        "4567792"
      ], 
      [
        1633978059, 
        "4567792"
      ], 
      [
        1633978104, 
        "4567792"
      ]
    ]
  }, 
  "kvdb_bytes_read": {
    "metric": {
      "instance": "172.17.0.1:3033", 
      "job": "openethereum"
    }, 
    "values": [
      [
        1633977834, 
        "405209.6"
      ], 
      [
        1633977849, 
        "279060.48352"
      ], 
      [
        1633977864, 
        "466283.3"
      ], 
      [
        1633977879, 
        "288361.4"
      ], 
      [
        1633977894, 
        "545780.5"
      ], 
      [
        1633977909, 
        "1045095.8"
      ], 
      [
        1633977939, 
        "573659.1250666666"
      ], 
      [
        1633978014, 
        "1117825.7474666669"
      ], 
      [
        1633978029, 
        "282392.28088000003"
      ], 
      [
        1633978044, 
        "1235114.1"
      ], 
      [
        1633978059, 
        "358958.9168"
      ], 
      [
        1633978104, 
        "8158.921906287545"
      ]
    ]
  }, 
  "sync_blocks_highest": {
    "metric": {
      "instance": "172.17.0.1:3033", 
      "job": "openethereum"
    }, 
    "values": [
      [
        1633977834, 
        "0"
      ], 
      [
        1633977849, 
        "0"
      ], 
      [
        1633977864, 
        "0"
      ], 
      [
        1633977879, 
        "0"
      ], 
      [
        1633977894, 
        "0"
      ], 
      [
        1633977909, 
        "0"
      ], 
      [
        1633977939, 
        "0"
      ], 
      [
        1633978014, 
        "4.2568"
      ], 
      [
        1633978029, 
        "4.2568"
      ], 
      [
        1633978044, 
        "0"
      ], 
      [
        1633978059, 
        "0"
      ], 
      [
        1633978104, 
        "0"
      ]
    ]
  }, 
  "import_blocks": {
    "metric": {
      "instance": "172.17.0.1:3033", 
      "job": "openethereum"
    }, 
    "values": [
      [
        1633977834, 
        "1.5"
      ], 
      [
        1633977849, 
        "4.2568"
      ], 
      [
        1633977864, 
        "3"
      ], 
      [
        1633977879, 
        "0"
      ], 
      [
        1633977894, 
        "0"
      ], 
      [
        1633977909, 
        "3"
      ], 
      [
        1633977939, 
        "0"
      ], 
      [
        1633978014, 
        "0"
      ], 
      [
        1633978029, 
        "0"
      ], 
      [
        1633978044, 
        "0"
      ], 
      [
        1633978059, 
        "0"
      ], 
      [
        1633978104, 
        "0"
      ]
    ]
  }, 
  "peer_stats": {
    "metric": {
      "__name__": "net_peers", 
      "job": "openethereum", 
      "instance": "172.17.0.1:3033"
    }, 
    "values": [
      [
        1633977819, 
        "0"
      ], 
      [
        1633977834, 
        "0"
      ], 
      [
        1633977849, 
        "0"
      ], 
      [
        1633977864, 
        "0"
      ], 
      [
        1633977879, 
        "0"
      ], 
      [
        1633977894, 
        "1"
      ], 
      [
        1633977909, 
        "7"
      ], 
      [
        1633978014, 
        "4"
      ], 
      [
        1633978029, 
        "3"
      ], 
      [
        1633978044, 
        "3"
      ], 
      [
        1633978059, 
        "3"
      ], 
      [
        1633978104, 
        "0"
      ]
    ]
  }, 
  "sync_blocks_recieved": {
    "metric": {
      "instance": "172.17.0.1:3033", 
      "job": "openethereum"
    }, 
    "values": [
      [
        1633977834, 
        "0"
      ], 
      [
        1633977849, 
        "0"
      ], 
      [
        1633977864, 
        "0"
      ], 
      [
        1633977879, 
        "0"
      ], 
      [
        1633977894, 
        "0"
      ], 
      [
        1633977909, 
        "0"
      ], 
      [
        1633977939, 
        "0"
      ], 
      [
        1633978014, 
        "0"
      ], 
      [
        1633978029, 
        "0"
      ], 
      [
        1633978044, 
        "0"
      ], 
      [
        1633978059, 
        "0"
      ], 
      [
        1633978104, 
        "0"
      ]
    ]
  }, 
  "kvdb_bytes_write": {
    "metric": {
      "instance": "172.17.0.1:3033", 
      "job": "openethereum"
    }, 
    "values": [
      [
        1633977834, 
        "560700.2"
      ], 
      [
        1633977849, 
        "748659.7337333334"
      ], 
      [
        1633977864, 
        "680941.2"
      ], 
      [
        1633977879, 
        "0"
      ], 
      [
        1633977894, 
        "0"
      ], 
      [
        1633977909, 
        "589013.9"
      ], 
      [
        1633977939, 
        "0"
      ], 
      [
        1633978014, 
        "0"
      ], 
      [
        1633978029, 
        "0"
      ], 
      [
        1633978044, 
        "0"
      ], 
      [
        1633978059, 
        "0"
      ], 
      [
        1633978104, 
        "0"
      ]
    ]
  }
}