{
  "known_broadcasts": {
    "values": [
      [
        1633820550, 
        0.31300106337985834
      ], 
      [
        1633820565, 
        0.360896382467191
      ], 
      [
        1633820580, 
        0.5328716270331489
      ], 
      [
        1633820595, 
        0.4540319929882343
      ], 
      [
        1633820610, 
        0.4064761889100832
      ], 
      [
        1633820625, 
        0.322212626961326
      ], 
      [
        1633820640, 
        0.30522301957257747
      ], 
      [
        1633820655, 
        0.3658115656588885
      ], 
      [
        1633820670, 
        0.3676979449562533
      ], 
      [
        1633820685, 
        0.29270279898678436
      ], 
      [
        1633820700, 
        0.27288675900985593
      ], 
      [
        1633820715, 
        0.31238531968368827
      ], 
      [
        1633820730, 
        0.2521267219137275
      ], 
      [
        1633820745, 
        0.21899857947026652
      ], 
      [
        1633820760, 
        0.4796094547262771
      ], 
      [
        1633820775, 
        0.6969617887168724
      ], 
      [
        1633820790, 
        0.5582633967161621
      ], 
      [
        1633820805, 
        0.5816746462063157
      ], 
      [
        1633820820, 
        0.5431133287524931
      ], 
      [
        1633820835, 
        0.514957561644698
      ], 
      [
        1633820850, 
        0.4653272409219523
      ]
    ], 
    "name": "geth.eth/fetcher/block/broadcasts/drop.meter", 
    "columns": [
      "time", 
      "mean"
    ]
  }, 
  "memory_used": {
    "values": [
      [
        1633820550, 
        1880394384
      ], 
      [
        1633820565, 
        1994952976
      ], 
      [
        1633820580, 
        1598923472
      ], 
      [
        1633820595, 
        2093169264
      ], 
      [
        1633820610, 
        1858383176
      ], 
      [
        1633820625, 
        1711841328
      ], 
      [
        1633820640, 
        1820046108
      ], 
      [
        1633820655, 
        1670804448
      ], 
      [
        1633820670, 
        1919483588
      ], 
      [
        1633820685, 
        2004696312
      ], 
      [
        1633820700, 
        1764709748
      ], 
      [
        1633820715, 
        2000171304
      ], 
      [
        1633820730, 
        1730238456
      ], 
      [
        1633820745, 
        1940661160
      ], 
      [
        1633820760, 
        1657880232
      ], 
      [
        1633820775, 
        1889379840
      ], 
      [
        1633820790, 
        1835992508
      ], 
      [
        1633820805, 
        1757063368
      ], 
      [
        1633820820, 
        1979706972
      ], 
      [
        1633820835, 
        1629494296
      ], 
      [
        1633820850, 
        1833918088
      ]
    ], 
    "name": "geth.system/memory/used.gauge", 
    "columns": [
      "time", 
      "mean"
    ]
  }, 
  "stat": {
    "known_broadcasts": {
      "max": 0.5816746462063157, 
      "mean": 0.41034428612745977, 
      "variance": 0.015487094752231449, 
      "pvalue": 8.765964064336861e-09, 
      "min": 0.2521267219137275
    }, 
    "memory_used": {
      "max": 2004696312.0, 
      "mean": 1836757668.0, 
      "variance": 1.841601258847877e+16, 
      "pvalue": 0.2573944220687907, 
      "min": 1629494296.0
    }, 
    "disk_write": {
      "max": 113643.53010045993, 
      "mean": 39392.07633561866, 
      "variance": 1649334727.322083, 
      "pvalue": 0.16546039390956868, 
      "min": 2772.1883187898597
    }, 
    "disk_read": {
      "max": 34928981.09815175, 
      "mean": 26758744.777186252, 
      "variance": 40668233742308.48, 
      "pvalue": 0.0004540572246882326, 
      "min": 15612802.852048507
    }, 
    "traffic_egress": {
      "max": 5140.917639543016, 
      "mean": 3132.483327447842, 
      "variance": 982175.6596078927, 
      "pvalue": 0.0008386037885369523, 
      "min": 1986.7341754724034
    }, 
    "peer_stats": {
      "max": 51.0, 
      "mean": 50.166666666666664, 
      "variance": 0.10317460317460314, 
      "pvalue": 0.0031342717196300644, 
      "min": 50.0
    }, 
    "traffic_ingress": {
      "max": 212884.47333482513, 
      "mean": 178266.91722181466, 
      "variance": 394300082.35227954, 
      "pvalue": 0.17671947592782983, 
      "min": 147700.25604511434
    }, 
    "known_announcements": {
      "max": 2.6736862873291924, 
      "mean": 1.9615638334071779, 
      "variance": 0.27057760617244064, 
      "pvalue": 0.1730202693062255, 
      "min": 1.3246387006576177
    }
  }, 
  "disk_write": {
    "values": [
      [
        1633820550, 
        34696.268106914074
      ], 
      [
        1633820565, 
        36503.909874144934
      ], 
      [
        1633820580, 
        103879.7190246725
      ], 
      [
        1633820595, 
        145407.8284153279
      ], 
      [
        1633820610, 
        113643.53010045993
      ], 
      [
        1633820625, 
        88205.0809020679
      ], 
      [
        1633820640, 
        68939.377993387
      ], 
      [
        1633820655, 
        53510.1449754307
      ], 
      [
        1633820670, 
        41840.32801536174
      ], 
      [
        1633820685, 
        32482.276916820047
      ], 
      [
        1633820700, 
        25391.643492601896
      ], 
      [
        1633820715, 
        19712.55591322057
      ], 
      [
        1633820730, 
        15416.452582834805
      ], 
      [
        1633820745, 
        11964.776931904584
      ], 
      [
        1633820760, 
        9375.07554725781
      ], 
      [
        1633820775, 
        7328.504694478374
      ], 
      [
        1633820790, 
        5764.7527587440945
      ], 
      [
        1633820805, 
        4498.946728415488
      ], 
      [
        1633820820, 
        3541.614861843518
      ], 
      [
        1633820835, 
        2772.1883187898597
      ], 
      [
        1633820850, 
        2358.6268933141573
      ]
    ], 
    "name": "geth.eth/db/chaindata/disk/write.meter", 
    "columns": [
      "time", 
      "mean"
    ]
  }, 
  "disk_read": {
    "values": [
      [
        1633820550, 
        15612802.852048507
      ], 
      [
        1633820565, 
        15417499.309653658
      ], 
      [
        1633820580, 
        19579442.588864397
      ], 
      [
        1633820595, 
        33963644.51061535
      ], 
      [
        1633820610, 
        31647073.7902119
      ], 
      [
        1633820625, 
        31428384.385110497
      ], 
      [
        1633820640, 
        36655753.08601473
      ], 
      [
        1633820655, 
        34928981.09815175
      ], 
      [
        1633820670, 
        34696056.62656134
      ], 
      [
        1633820685, 
        33854925.52494352
      ], 
      [
        1633820700, 
        31521840.116421875
      ], 
      [
        1633820715, 
        29505267.7513609
      ], 
      [
        1633820730, 
        28001471.432008535
      ], 
      [
        1633820745, 
        26730827.465472054
      ], 
      [
        1633820760, 
        25530955.67771913
      ], 
      [
        1633820775, 
        24477273.33898552
      ], 
      [
        1633820790, 
        23385860.827799074
      ], 
      [
        1633820805, 
        22384135.58946277
      ], 
      [
        1633820820, 
        21507646.31476464
      ], 
      [
        1633820835, 
        20962325.781913616
      ], 
      [
        1633820850, 
        20141472.25282749
      ]
    ], 
    "name": "geth.eth/db/chaindata/disk/read.meter", 
    "columns": [
      "time", 
      "mean"
    ]
  },