{
  "known_broadcasts": {
    "values": [
      [
        1633820250, 
        0.4261836510662207
      ], 
      [
        1633820265, 
        0.42088540299207494
      ], 
      [
        1633820280, 
        0.4395242941209484
      ], 
      [
        1633820295, 
        0.37484005401116194
      ], 
      [
        1633820310, 
        0.4074056280401604
      ], 
      [
        1633820325, 
        0.35788049170863695
      ], 
      [
        1633820340, 
        0.279685936839505
      ], 
      [
        1633820355, 
        0.21706549073432127
      ], 
      [
        1633820370, 
        0.2803399337904019
      ], 
      [
        1633820385, 
        0.4110968107021913
      ], 
      [
        1633820400, 
        0.5120218858341792
      ], 
      [
        1633820415, 
        0.4933291492393631
      ], 
      [
        1633820430, 
        0.5222277794765442
      ], 
      [
        1633820445, 
        0.42676048553158896
      ], 
      [
        1633820460, 
        0.38902940234338174
      ], 
      [
        1633820475, 
        0.30192743719611376
      ], 
      [
        1633820490, 
        0.375331731773336
      ], 
      [
        1633820505, 
        0.2912966145748454
      ], 
      [
        1633820520, 
        0.30925956593059034
      ], 
      [
        1633820535, 
        0.3013058082448336
      ], 
      [
        1633820550, 
        0.3350054456533241
      ]
    ], 
    "name": "geth.eth/fetcher/block/broadcasts/drop.meter", 
    "columns": [
      "time", 
      "mean"
    ]
  }, 
  "memory_used": {
    "values": [
      [
        1633820250, 
        1815900936
      ], 
      [
        1633820265, 
        1939929408
      ], 
      [
        1633820280, 
        1605968724
      ], 
      [
        1633820295, 
        1778302480
      ], 
      [
        1633820310, 
        1994917092
      ], 
      [
        1633820325, 
        1608556768
      ], 
      [
        1633820340, 
        1825192152
      ], 
      [
        1633820355, 
        1989765960
      ], 
      [
        1633820370, 
        1679774568
      ], 
      [
        1633820385, 
        1882218320
      ], 
      [
        1633820400, 
        1827988196
      ], 
      [
        1633820415, 
        1710553168
      ], 
      [
        1633820430, 
        1940554204
      ], 
      [
        1633820445, 
        1555069832
      ], 
      [
        1633820460, 
        1775603568
      ], 
      [
        1633820475, 
        1947110544
      ], 
      [
        1633820490, 
        1616425584
      ], 
      [
        1633820505, 
        1781207040
      ], 
      [
        1633820520, 
        1990764616
      ], 
      [
        1633820535, 
        1605821480
      ], 
      [
        1633820550, 
        1760398664
      ]
    ], 
    "name": "geth.system/memory/used.gauge", 
    "columns": [
      "time", 
      "mean"
    ]
  }, 
  "stat": {
    "known_broadcasts": {
      "max": 0.5120218858341792, 
      "mean": 0.37487633332398684, 
      "variance": 0.0064547647752019426, 
      "pvalue": 3.039735130534145e-11, 
      "min": 0.279685936839505
    }, 
    "memory_used": {
      "max": 1990764616.0, 
      "mean": 1792001109.7142856, 
      "variance": 1.9504562520686324e+16, 
      "pvalue": 0.24506491758352084, 
      "min": 1605821480.0
    }, 
    "disk_write": {
      "max": 33229.434434274575, 
      "mean": 24961.39661917183, 
      "variance": 56176065.11657721, 
      "pvalue": 0.01258274029820168, 
      "min": 15211.147200387048
    }, 
    "disk_read": {
      "max": 17323850.627476044, 
      "mean": 16280256.77325808, 
      "variance": 367097198305.6912, 
      "pvalue": 2.999557144756338e-14, 
      "min": 15428919.648037424
    }, 
    "traffic_egress": {
      "max": 7199.979072039812, 
      "mean": 5599.314910486595, 
      "variance": 672517.0512328204, 
      "pvalue": 6.871209576362399e-09, 
      "min": 4524.664295536786
    }, 
    "peer_stats": {
      "max": 51.0, 
      "mean": 50.38095238095238, 
      "variance": 0.2834467120181406, 
      "pvalue": 0.15188022838315118, 
      "min": 50.0
    }, 
    "traffic_ingress": {
      "max": 167636.43763681885, 
      "mean": 151319.19038946825, 
      "variance": 132564254.26645453, 
      "pvalue": 2.5027110407946684e-07, 
      "min": 138591.04946837074
    }, 
    "known_announcements": {
      "max": 2.078067647329378, 
      "mean": 1.7565395170923308, 
      "variance": 0.09804631023482598, 
      "pvalue": 0.004273890814360515, 
      "min": 1.2471315544626334
    }
  }, 
  "disk_write": {
    "values": [
      [
        1633820250, 
        14927.884512119528
      ], 
      [
        1633820265, 
        15375.256843665695
      ], 
      [
        1633820280, 
        15367.62357835659
      ], 
      [
        1633820295, 
        15211.147200387048
      ], 
      [
        1633820310, 
        15558.217885438547
      ], 
      [
        1633820325, 
        16156.052391453184
      ], 
      [
        1633820340, 
        17272.822132211153
      ], 
      [
        1633820355, 
        19831.944507928514
      ], 
      [
        1633820370, 
        22753.019952733404
      ], 
      [
        1633820385, 
        25456.31346804184
      ], 
      [
        1633820400, 
        26192.57418786305
      ], 
      [
        1633820415, 
        26298.77739988936
      ], 
      [
        1633820430, 
        34904.10397609265
      ], 
      [
        1633820445, 
        33229.434434274575
      ], 
      [
        1633820460, 
        31629.512630801488
      ], 
      [
        1633820475, 
        31515.032778324745
      ], 
      [
        1633820490, 
        31726.71066437351
      ], 
      [
        1633820505, 
        32488.884715559132
      ], 
      [
        1633820520, 
        32243.73968700049
      ], 
      [
        1633820535, 
        32833.054386783704
      ], 
      [
        1633820550, 
        33217.22166931026
      ]
    ], 
    "name": "geth.eth/db/chaindata/disk/write.meter", 
    "columns": [
      "time", 
      "mean"
    ]
  }, 
  "disk_read": {
    "values": [
      [
        1633820250, 
        17692009.201266166
      ], 
      [
        1633820265, 
        17323850.627476044
      ], 
      [
        1633820280, 
        16970313.12780802
      ], 
      [
        1633820295, 
        16722546.52518006
      ], 
      [
        1633820310, 
        16431396.20636305
      ], 
      [
        1633820325, 
        16301901.408761341
      ], 
      [
        1633820340, 
        16536303.908425853
      ], 
      [
        1633820355, 
        16713469.854722496
      ], 
      [
        1633820370, 
        16526320.436275616
      ], 
      [
        1633820385, 
        16386940.329909554
      ], 
      [
        1633820400, 
        16409130.471585285
      ], 
      [
        1633820415, 
        16278157.114737308
      ], 
      [
        1633820430, 
        16269819.312319458
      ], 
      [
        1633820445, 
        16024294.715441711
      ], 
      [
        1633820460, 
        15898727.210769251
      ], 
      [
        1633820475, 
        15807044.333519805
      ], 
      [
        1633820490, 
        15771251.109343147
      ], 
      [
        1633820505, 
        15671918.547973663
      ], 
      [
        1633820520, 
        15594210.373448614
      ], 
      [
        1633820535, 
        15428919.648037424
      ], 
      [
        1633820550, 
        15126867.775055818
      ]
    ], 
    "name": "geth.eth/db/chaindata/disk/read.meter", 
    "columns": [
      "time", 
      "mean"
    ]
  },