{
  "known_broadcasts": {
    "values": [
      [
        1633927245, 
        0.41781383882705075
      ], 
      [
        1633927260, 
        0.3905742451011649
      ], 
      [
        1633927275, 
        0.4045391814632431
      ], 
      [
        1633927290, 
        0.31615000699157436
      ], 
      [
        1633927305, 
        0.2453654166125096
      ], 
      [
        1633927320, 
        0.19175467230875332
      ], 
      [
        1633927335, 
        0.18080388215692134
      ], 
      [
        1633927350, 
        0.31986621669062554
      ], 
      [
        1633927365, 
        0.32861229927499785
      ], 
      [
        1633927380, 
        0.28397908613764067
      ], 
      [
        1633927395, 
        0.26837077408647997
      ], 
      [
        1633927410, 
        0.23372018472862344
      ], 
      [
        1633927425, 
        0.3102071707591617
      ], 
      [
        1633927440, 
        0.477901763282222
      ], 
      [
        1633927455, 
        0.46958271455079514
      ], 
      [
        1633927470, 
        0.3989641861840971
      ], 
      [
        1633927485, 
        0.5500509148754701
      ], 
      [
        1633927500, 
        0.42986837505974035
      ], 
      [
        1633927515, 
        0.45260162698328466
      ], 
      [
        1633927530, 
        0.4354697418729435
      ]
    ], 
    "name": "geth.eth/fetcher/block/broadcasts/drop.meter", 
    "columns": [
      "time", 
      "mean"
    ]
  }, 
  "memory_used": {
    "values": [
      [
        1633927245, 
        1891259680
      ], 
      [
        1633927260, 
        1739719816
      ], 
      [
        1633927275, 
        1573373096
      ], 
      [
        1633927290, 
        1896909292
      ], 
      [
        1633927305, 
        1597346520
      ], 
      [
        1633927320, 
        1844553928
      ], 
      [
        1633927335, 
        2063444296
      ], 
      [
        1633927350, 
        1708746092
      ], 
      [
        1633927365, 
        1913213784
      ], 
      [
        1633927380, 
        1861939080
      ], 
      [
        1633927395, 
        1800948248
      ], 
      [
        1633927410, 
        2014995748
      ], 
      [
        1633927425, 
        1677080480
      ], 
      [
        1633927440, 
        1899750800
      ], 
      [
        1633927455, 
        1573104208
      ], 
      [
        1633927470, 
        1813317384
      ], 
      [
        1633927485, 
        2055651576
      ], 
      [
        1633927500, 
        1689446152
      ], 
      [
        1633927515, 
        1920576936
      ], 
      [
        1633927530, 
        1895218464
      ]
    ], 
    "name": "geth.system/memory/used.gauge", 
    "columns": [
      "time", 
      "mean"
    ]
  }, 
  "stat": {
    "known_broadcasts": {
      "max": 0.48150922086188447, 
      "mean": 0.35530981489736496, 
      "variance": 0.009959933173379747, 
      "pvalue": 4.639555440845418e-11, 
      "min": 0.19120713280116172
    }, 
    "memory_used": {
      "max": 2056041212.0, 
      "mean": 1821529779.0, 
      "variance": 2.125039124317235e+16, 
      "pvalue": 0.3978760575832163, 
      "min": 1573359651.6
    }, 
    "disk_write": {
      "max": 56182.91827712478, 
      "mean": 17409.417837719553, 
      "variance": 349065658.3497963, 
      "pvalue": 0.024862538847204924, 
      "min": 3667.804376048146
    }, 
    "disk_read": {
      "max": 39559955.38721289, 
      "mean": 25959740.788722344, 
      "variance": 42075263891152.11, 
      "pvalue": 7.19236289761198e-05, 
      "min": 21045495.677726567
    }, 
    "traffic_egress": {
      "max": 3742.4628405856574, 
      "mean": 2787.744600189424, 
      "variance": 221777.59856910407, 
      "pvalue": 1.502541452700416e-06, 
      "min": 2323.1952874595513
    }, 
    "peer_stats": {
      "max": 47.525, 
      "mean": 45.775, 
      "variance": 0.686875, 
      "pvalue": 1.232090525874942e-16, 
      "min": 45.0
    }, 
    "traffic_ingress": {
      "max": 148693.28265694308, 
      "mean": 117989.07164548346, 
      "variance": 302644095.6724753, 
      "pvalue": 2.564404511402195e-13, 
      "min": 97831.87249897345
    }, 
    "known_announcements": {
      "max": 1.5742222341396357, 
      "mean": 1.228077118073021, 
      "variance": 0.0709844506232803, 
      "pvalue": 1.43657265293961e-10, 
      "min": 0.7423042144330694
    }
  }, 
  "disk_write": {
    "values": [
      [
        1633927245, 
        70885.14473028595
      ], 
      [
        1633927260, 
        55409.11688485312
      ], 
      [
        1633927275, 
        43016.16514437693
      ], 
      [
        1633927290, 
        33617.41342817532
      ], 
      [
        1633927305, 
        26090.62302332653
      ], 
      [
        1633927320, 
        20389.991944423527
      ], 
      [
        1633927335, 
        15824.762794651868
      ], 
      [
        1633927350, 
        12408.745740390903
      ], 
      [
        1633927365, 
        9635.992757382199
      ], 
      [
        1633927380, 
        7556.826450671097
      ], 
      [
        1633927395, 
        5932.448575281284
      ], 
      [
        1633927410, 
        4681.579151204032
      ], 
      [
        1633927425, 
        3706.713302532408
      ], 
      [
        1633927440, 
        2928.534772847176
      ], 
      [
        1633927455, 
        3952.193482192489
      ], 
      [
        1633927470, 
        4142.870723107943
      ], 
      [
        1633927485, 
        4672.777075990132
      ], 
      [
        1633927500, 
        6862.049378087676
      ], 
      [
        1633927515, 
        8301.935559985477
      ], 
      [
        1633927530, 
        8172.471834624992
      ]
    ], 
    "name": "geth.eth/db/chaindata/disk/write.meter", 
    "columns": [
      "time", 
      "mean"
    ]
  }, 
  "disk_read": {
    "values": [
      [
        1633927245, 
        44018428.37362009
      ], 
      [
        1633927260, 
        39325298.914244086
      ], 
      [
        1633927275, 
        35158376.51678673
      ], 
      [
        1633927290, 
        31505058.11125613
      ], 
      [
        1633927305, 
        29287614.264179494
      ], 
      [
        1633927320, 
        27060015.684543062
      ], 
      [
        1633927335, 
        26033028.316165566
      ], 
      [
        1633927350, 
        24094773.83719381
      ], 
      [
        1633927365, 
        23652699.24019774
      ], 
      [
        1633927380, 
        22580073.691824228
      ], 
      [
        1633927395, 
        22657597.199433323
      ], 
      [
        1633927410, 
        21908951.464168847
      ], 
      [
        1633927425, 
        22042898.22549031
      ], 
      [
        1633927440, 
        21293611.38026853
      ], 
      [
        1633927455, 
        21860395.678348575
      ], 
      [
        1633927470, 
        21569334.01052694
      ], 
      [
        1633927485, 
        22119075.295096453
      ], 
      [
        1633927500, 
        20776505.661058437
      ], 
      [
        1633927515, 
        21191426.863019593
      ], 
      [
        1633927530, 
        21059653.047024887
      ]
    ], 
    "name": "geth.eth/db/chaindata/disk/read.meter", 
    "columns": [
      "time", 
      "mean"
    ]
  },