{
  "stat": {
    "blockchaincache_size": {
      "max": 7148242.4, 
      "mean": 6156695.466666667, 
      "variance": 180509294510.6489, 
      "pvalue": 0.004725353622990825, 
      "min": 5626332.800000001
    }, 
    "kvdb_bytes_read": {
      "max": 1297070.48, 
      "mean": 501971.822216048, 
      "variance": 242945690916.5493, 
      "pvalue": 0.1641639375597032, 
      "min": 0.0
    }, 
    "sync_blocks_highest": {
      "max": 5.151150690414246, 
      "mean": 0.8142500885146473, 
      "variance": 3.723498956039101, 
      "pvalue": 0.023258398160044255, 
      "min": 0.0
    }, 
    "import_blocks": {
      "max": 3.3170502301380766, 
      "mean": 0.5791090038638568, 
      "variance": 2.61356035236952, 
      "pvalue": 0.015109607718534514, 
      "min": 0.0
    }, 
    "peer_stats": {
      "max": 2.0, 
      "mean": 0.5333333333333333, 
      "variance": 0.5155555555555557, 
      "pvalue": 1.2788793113693817e-13, 
      "min": 0.0
    }, 
    "sync_blocks_recieved": {
      "max": 4.234100460276162, 
      "mean": 0.6966795461892521, 
      "variance": 3.002655665132061, 
      "pvalue": 0.02197862062963361, 
      "min": 0.0
    }, 
    "kvdb_bytes_write": {
      "max": 526238.6117270351, 
      "mean": 92942.28355474824, 
      "variance": 70842263007.25795, 
      "pvalue": 0.0074824599596048195, 
      "min": 0.0
    }
  }, 
  "blockchaincache_size": {
    "metric": {
      "__name__": "blockchaincache_size", 
      "job": "openethereum", 
      "instance": "172.17.0.1:3033"
    }, 
    "values": [
      [
        1634262921, 
        "6118528"
      ], 
      [
        1634262936, 
        "6118528"
      ], 
      [
        1634262951, 
        "6118528"
      ], 
      [
        1634262966, 
        "6118528"
      ], 
      [
        1634262981, 
        "6118528"
      ], 
      [
        1634262996, 
        "6118528"
      ], 
      [
        1634263011, 
        "6118528"
      ], 
      [
        1634263041, 
        "5606184"
      ], 
      [
        1634263086, 
        "5634968"
      ], 
      [
        1634263146, 
        "5934496"
      ], 
      [
        1634263161, 
        "6009480"
      ], 
      [
        1634263176, 
        "6009480"
      ], 
      [
        1634263191, 
        "6009480"
      ], 
      [
        1634263206, 
        "7133120"
      ], 
      [
        1634263221, 
        "7183528"
      ]
    ]
  }, 
  "kvdb_bytes_read": {
    "metric": {
      "instance": "172.17.0.1:3033", 
      "job": "openethereum"
    }, 
    "values": [
      [
        1634262951, 
        "1354130"
      ], 
      [
        1634262966, 
        "0"
      ], 
      [
        1634262981, 
        "0"
      ], 
      [
        1634262996, 
        "0"
      ], 
      [
        1634263011, 
        "663773.7"
      ], 
      [
        1634263041, 
        "1186929.2"
      ], 
      [
        1634263086, 
        "652923.5"
      ], 
      [
        1634263101, 
        "1259030.8"
      ], 
      [
        1634263146, 
        "541579.6032619572"
      ], 
      [
        1634263161, 
        "127249.28554666667"
      ], 
      [
        1634263176, 
        "90605.7"
      ], 
      [
        1634263191, 
        "0"
      ], 
      [
        1634263206, 
        "649411.9"
      ]
    ]
  }, 
  "sync_blocks_highest": {
    "metric": {
      "instance": "172.17.0.1:3033", 
      "job": "openethereum"
    }, 
    "values": [
      [
        1634262951, 
        "0"
      ], 
      [
        1634262966, 
        "0"
      ], 
      [
        1634262981, 
        "0"
      ], 
      [
        1634262996, 
        "0"
      ], 
      [
        1634263011, 
        "0"
      ], 
      [
        1634263041, 
        "0"
      ], 
      [
        1634263086, 
        "0"
      ], 
      [
        1634263101, 
        "6"
      ], 
      [
        1634263146, 
        "4.585251150690414"
      ], 
      [
        1634263161, 
        "0"
      ], 
      [
        1634263176, 
        "0"
      ], 
      [
        1634263191, 
        "0"
      ], 
      [
        1634263206, 
        "0"
      ]
    ]
  }, 
  "import_blocks": {
    "metric": {
      "instance": "172.17.0.1:3033", 
      "job": "openethereum"
    }, 
    "values": [
      [
        1634262951, 
        "0"
      ], 
      [
        1634262966, 
        "0"
      ], 
      [
        1634262981, 
        "0"
      ], 
      [
        1634262996, 
        "0"
      ], 
      [
        1634263011, 
        "0"
      ], 
      [
        1634263041, 
        "6"
      ], 
      [
        1634263086, 
        "0"
      ], 
      [
        1634263101, 
        "0"
      ], 
      [
        1634263146, 
        "1.5284170502301382"
      ], 
      [
        1634263161, 
        "0"
      ], 
      [
        1634263176, 
        "0"
      ], 
      [
        1634263191, 
        "0"
      ], 
      [
        1634263206, 
        "0"
      ]
    ]
  }, 
  "peer_stats": {
    "metric": {
      "__name__": "net_peers", 
      "job": "openethereum", 
      "instance": "172.17.0.1:3033"
    }, 
    "values": [
      [
        1634262921, 
        "1"
      ], 
      [
        1634262936, 
        "1"
      ], 
      [
        1634262951, 
        "0"
      ], 
      [
        1634262966, 
        "0"
      ], 
      [
        1634262981, 
        "0"
      ], 
      [
        1634262996, 
        "0"
      ], 
      [
        1634263011, 
        "0"
      ], 
      [
        1634263041, 
        "2"
      ], 
      [
        1634263086, 
        "1"
      ], 
      [
        1634263146, 
        "0"
      ], 
      [
        1634263161, 
        "0"
      ], 
      [
        1634263176, 
        "0"
      ], 
      [
        1634263191, 
        "0"
      ], 
      [
        1634263206, 
        "1"
      ], 
      [
        1634263221, 
        "2"
      ]
    ]
  }, 
  "sync_blocks_recieved": {
    "metric": {
      "instance": "172.17.0.1:3033", 
      "job": "openethereum"
    }, 
    "values": [
      [
        1634262951, 
        "0"
      ], 
      [
        1634262966, 
        "0"
      ], 
      [
        1634262981, 
        "0"
      ], 
      [
        1634262996, 
        "0"
      ], 
      [
        1634263011, 
        "0"
      ], 
      [
        1634263041, 
        "0"
      ], 
      [
        1634263086, 
        "0"
      ], 
      [
        1634263101, 
        "6"
      ], 
      [
        1634263146, 
        "3.0568341004602764"
      ], 
      [
        1634263161, 
        "0"
      ], 
      [
        1634263176, 
        "0"
      ], 
      [
        1634263191, 
        "0"
      ], 
      [
        1634263206, 
        "0"
      ]
    ]
  }, 
  "kvdb_bytes_write": {
    "metric": {
      "instance": "172.17.0.1:3033", 
      "job": "openethereum"
    }, 
    "values": [
      [
        1634262951, 
        "0"
      ], 
      [
        1634262966, 
        "0"
      ], 
      [
        1634262981, 
        "0"
      ], 
      [
        1634262996, 
        "0"
      ], 
      [
        1634263011, 
        "0"
      ], 
      [
        1634263041, 
        "993556"
      ], 
      [
        1634263086, 
        "0"
      ], 
      [
        1634263101, 
        "0"
      ], 
      [
        1634263146, 
        "214693.68621172706"
      ], 
      [
        1634263161, 
        "0"
      ], 
      [
        1634263176, 
        "0"
      ], 
      [
        1634263191, 
        "0"
      ], 
      [
        1634263206, 
        "0"
      ]
    ]
  }
}