{
  "stat": {
    "blockchaincache_size": {
      "max": 6545488.0, 
      "mean": 5019650.666666667, 
      "variance": 3681963393536.0, 
      "pvalue": 0.05354252365221843, 
      "min": 1770136.0
    }, 
    "kvdb_bytes_read": {
      "max": 2721013.299804588, 
      "mean": 1798927.0577904098, 
      "variance": 463708029590.9702, 
      "pvalue": 3.205989018893329e-08, 
      "min": 904844.7192120003
    }, 
    "sync_blocks_highest": {
      "max": 2.033022320928371, 
      "mean": 0.8671931492597038, 
      "variance": 0.7991243903383601, 
      "pvalue": 0.48619201767444775, 
      "min": 0.0
    }, 
    "import_blocks": {
      "max": 3.18876, 
      "mean": 0.9343199999999999, 
      "variance": 1.5947447616000001, 
      "pvalue": 0.3547278339274933, 
      "min": 0.0
    }, 
    "peer_stats": {
      "max": 43.0, 
      "mean": 42.666666666666664, 
      "variance": 0.2222222222222222, 
      "pvalue": 9.610712248110918e-08, 
      "min": 42.0
    }, 
    "sync_blocks_recieved": {
      "max": 2.033022320928371, 
      "mean": 0.8671931492597038, 
      "variance": 0.7991243903383601, 
      "pvalue": 0.47991595521240754, 
      "min": 0.0
    }, 
    "kvdb_bytes_write": {
      "max": 564854.08, 
      "mean": 167042.796192, 
      "variance": 51914044705.919235, 
      "pvalue": 0.08538059338547871, 
      "min": 0.0
    }
  }, 
  "blockchaincache_size": {
    "metric": {
      "__name__": "blockchaincache_size", 
      "job": "openethereum", 
      "instance": "172.17.0.1:3033"
    }, 
    "values": [
      [
        1633935980, 
        "5581216"
      ], 
      [
        1633935995, 
        "6320968"
      ], 
      [
        1633936025, 
        "4459544"
      ], 
      [
        1633936040, 
        "4424224"
      ], 
      [
        1633936070, 
        "6209872"
      ], 
      [
        1633936130, 
        "744"
      ], 
      [
        1633936175, 
        "5710696"
      ], 
      [
        1633936220, 
        "5774424"
      ], 
      [
        1633936280, 
        "6695168"
      ]
    ]
  }, 
  "kvdb_bytes_read": {
    "metric": {
      "instance": "172.17.0.1:3033", 
      "job": "openethereum"
    }, 
    "values": [
      [
        1633935980, 
        "2642351.6"
      ], 
      [
        1633935995, 
        "2123565.5"
      ], 
      [
        1633936025, 
        "1679591.5"
      ], 
      [
        1633936040, 
        "1529212.7125866667"
      ], 
      [
        1633936070, 
        "1489991.4"
      ], 
      [
        1633936085, 
        "1230329.13752"
      ], 
      [
        1633936100, 
        "1139403.0127200002"
      ], 
      [
        1633936145, 
        "712933.3881600001"
      ], 
      [
        1633936175, 
        "2720274.8"
      ], 
      [
        1633936280, 
        "2721617.5269174334"
      ]
    ]
  }, 
  "sync_blocks_highest": {
    "metric": {
      "instance": "172.17.0.1:3033", 
      "job": "openethereum"
    }, 
    "values": [
      [
        1633935980, 
        "1.5"
      ], 
      [
        1633935995, 
        "0"
      ], 
      [
        1633936025, 
        "0"
      ], 
      [
        1633936040, 
        "0"
      ], 
      [
        1633936070, 
        "1.5"
      ], 
      [
        1633936085, 
        "1.6716000000000002"
      ], 
      [
        1633936100, 
        "0"
      ], 
      [
        1633936145, 
        "1.6716000000000002"
      ], 
      [
        1633936175, 
        "0"
      ], 
      [
        1633936280, 
        "2.3287314925970386"
      ]
    ]
  }, 
  "import_blocks": {
    "metric": {
      "instance": "172.17.0.1:3033", 
      "job": "openethereum"
    }, 
    "values": [
      [
        1633935980, 
        "3"
      ], 
      [
        1633935995, 
        "0"
      ], 
      [
        1633936025, 
        "1.5"
      ], 
      [
        1633936040, 
        "0"
      ], 
      [
        1633936070, 
        "0"
      ], 
      [
        1633936085, 
        "3.3432000000000004"
      ], 
      [
        1633936100, 
        "0"
      ], 
      [
        1633936145, 
        "0"
      ], 
      [
        1633936175, 
        "1.5"
      ], 
      [
        1633936280, 
        "0"
      ]
    ]
  }, 
  "peer_stats": {
    "metric": {
      "__name__": "net_peers", 
      "job": "openethereum", 
      "instance": "172.17.0.1:3033"
    }, 
    "values": [
      [
        1633935980, 
        "43"
      ], 
      [
        1633935995, 
        "43"
      ], 
      [
        1633936025, 
        "42"
      ], 
      [
        1633936040, 
        "43"
      ], 
      [
        1633936070, 
        "42"
      ], 
      [
        1633936130, 
        "43"
      ], 
      [
        1633936175, 
        "43"
      ], 
      [
        1633936220, 
        "42"
      ], 
      [
        1633936280, 
        "43"
      ]
    ]
  }, 
  "sync_blocks_recieved": {
    "metric": {
      "instance": "172.17.0.1:3033", 
      "job": "openethereum"
    }, 
    "values": [
      [
        1633935980, 
        "1.5"
      ], 
      [
        1633935995, 
        "0"
      ], 
      [
        1633936025, 
        "0"
      ], 
      [
        1633936040, 
        "0"
      ], 
      [
        1633936070, 
        "1.5"
      ], 
      [
        1633936085, 
        "1.6716000000000002"
      ], 
      [
        1633936100, 
        "0"
      ], 
      [
        1633936145, 
        "1.6716000000000002"
      ], 
      [
        1633936175, 
        "0"
      ], 
      [
        1633936280, 
        "2.3287314925970386"
      ]
    ]
  }, 
  "kvdb_bytes_write": {
    "metric": {
      "instance": "172.17.0.1:3033", 
      "job": "openethereum"
    }, 
    "values": [
      [
        1633935980, 
        "597542.8"
      ], 
      [
        1633935995, 
        "0"
      ], 
      [
        1633936025, 
        "524901.2"
      ], 
      [
        1633936040, 
        "0"
      ], 
      [
        1633936070, 
        "0"
      ], 
      [
        1633936085, 
        "186095.66192"
      ], 
      [
        1633936100, 
        "0"
      ], 
      [
        1633936145, 
        "0"
      ], 
      [
        1633936175, 
        "361888.3"
      ], 
      [
        1633936280, 
        "0"
      ]
    ]
  }
}