{
  "stat": {
    "blockchaincache_size": {
      "max": 10667952.0, 
      "mean": 4366463.619047619, 
      "variance": 13620098482843.285, 
      "pvalue": 0.25144308277316574, 
      "min": 744.0
    }, 
    "kvdb_bytes_read": {
      "max": 2323469.8, 
      "mean": 1654682.585714286, 
      "variance": 206087169776.1222, 
      "pvalue": 2.305982224786818e-15, 
      "min": 1103659.8
    }, 
    "sync_blocks_highest": {
      "max": 3.0, 
      "mean": 0.9285714285714286, 
      "variance": 1.1734693877551017, 
      "pvalue": 0.29635070078957215, 
      "min": 0.0
    }, 
    "import_blocks": {
      "max": 3.0, 
      "mean": 0.7857142857142857, 
      "variance": 1.6326530612244898, 
      "pvalue": 0.10541311987122687, 
      "min": 0.0
    }, 
    "peer_stats": {
      "max": 44.0, 
      "mean": 43.095238095238095, 
      "variance": 0.6575963718820861, 
      "pvalue": 1.2691627731505596e-15, 
      "min": 42.0
    }, 
    "sync_blocks_recieved": {
      "max": 3.0, 
      "mean": 0.9285714285714286, 
      "variance": 1.1734693877551017, 
      "pvalue": 0.2922640079896501, 
      "min": 0.0
    }, 
    "kvdb_bytes_write": {
      "max": 597542.8, 
      "mean": 146096.02380952382, 
      "variance": 51213506167.73801, 
      "pvalue": 0.01313937756558792, 
      "min": 0.0
    }
  }, 
  "blockchaincache_size": {
    "metric": {
      "__name__": "blockchaincache_size", 
      "job": "openethereum", 
      "instance": "172.17.0.1:3033"
    }, 
    "values": [
      [
        1633935679, 
        "744"
      ], 
      [
        1633935694, 
        "8025040"
      ], 
      [
        1633935709, 
        "3700664"
      ], 
      [
        1633935724, 
        "51616"
      ], 
      [
        1633935739, 
        "497520"
      ], 
      [
        1633935754, 
        "5478888"
      ], 
      [
        1633935769, 
        "4280616"
      ], 
      [
        1633935784, 
        "11654248"
      ], 
      [
        1633935799, 
        "4795360"
      ], 
      [
        1633935814, 
        "574496"
      ], 
      [
        1633935829, 
        "8933192"
      ], 
      [
        1633935844, 
        "3586592"
      ], 
      [
        1633935859, 
        "10667952"
      ], 
      [
        1633935874, 
        "5003168"
      ], 
      [
        1633935889, 
        "744"
      ], 
      [
        1633935904, 
        "744"
      ], 
      [
        1633935919, 
        "9934472"
      ], 
      [
        1633935934, 
        "4230312"
      ], 
      [
        1633935949, 
        "80280"
      ], 
      [
        1633935964, 
        "4617872"
      ], 
      [
        1633935979, 
        "5581216"
      ]
    ]
  }, 
  "kvdb_bytes_read": {
    "metric": {
      "instance": "172.17.0.1:3033", 
      "job": "openethereum"
    }, 
    "values": [
      [
        1633935679, 
        "1103659.8"
      ], 
      [
        1633935694, 
        "1487840.4"
      ], 
      [
        1633935709, 
        "1356818.3"
      ], 
      [
        1633935724, 
        "1290104.5"
      ], 
      [
        1633935739, 
        "2300040.1"
      ], 
      [
        1633935754, 
        "2031944.8"
      ], 
      [
        1633935769, 
        "2202960.9"
      ], 
      [
        1633935784, 
        "2323469.8"
      ], 
      [
        1633935799, 
        "801585.9"
      ], 
      [
        1633935814, 
        "2022827.6"
      ], 
      [
        1633935829, 
        "1571406.2"
      ], 
      [
        1633935844, 
        "1293196.1"
      ], 
      [
        1633935859, 
        "1711479.6"
      ], 
      [
        1633935874, 
        "1601104.8"
      ], 
      [
        1633935889, 
        "1263369.9"
      ], 
      [
        1633935904, 
        "1326735.8"
      ], 
      [
        1633935919, 
        "1449078.6"
      ], 
      [
        1633935934, 
        "1324726.2"
      ], 
      [
        1633935949, 
        "1916273.1"
      ], 
      [
        1633935964, 
        "1727360.3"
      ], 
      [
        1633935979, 
        "2642351.6"
      ]
    ]
  }, 
  "sync_blocks_highest": {
    "metric": {
      "instance": "172.17.0.1:3033", 
      "job": "openethereum"
    }, 
    "values": [
      [
        1633935679, 
        "3"
      ], 
      [
        1633935694, 
        "1.5"
      ], 
      [
        1633935709, 
        "1.5"
      ], 
      [
        1633935724, 
        "0"
      ], 
      [
        1633935739, 
        "0"
      ], 
      [
        1633935754, 
        "0"
      ], 
      [
        1633935769, 
        "3"
      ], 
      [
        1633935784, 
        "0"
      ], 
      [
        1633935799, 
        "0"
      ], 
      [
        1633935814, 
        "1.5"
      ], 
      [
        1633935829, 
        "0"
      ], 
      [
        1633935844, 
        "1.5"
      ], 
      [
        1633935859, 
        "0"
      ], 
      [
        1633935874, 
        "3"
      ], 
      [
        1633935889, 
        "0"
      ], 
      [
        1633935904, 
        "1.5"
      ], 
      [
        1633935919, 
        "0"
      ], 
      [
        1633935934, 
        "0"
      ], 
      [
        1633935949, 
        "1.5"
      ], 
      [
        1633935964, 
        "0"
      ], 
      [
        1633935979, 
        "1.5"
      ]
    ]
  }, 
  "import_blocks": {
    "metric": {
      "instance": "172.17.0.1:3033", 
      "job": "openethereum"
    }, 
    "values": [
      [
        1633935679, 
        "0"
      ], 
      [
        1633935694, 
        "1.5"
      ], 
      [
        1633935709, 
        "0"
      ], 
      [
        1633935724, 
        "0"
      ], 
      [
        1633935739, 
        "0"
      ], 
      [
        1633935754, 
        "0"
      ], 
      [
        1633935769, 
        "0"
      ], 
      [
        1633935784, 
        "1.5"
      ], 
      [
        1633935799, 
        "0"
      ], 
      [
        1633935814, 
        "1.5"
      ], 
      [
        1633935829, 
        "0"
      ], 
      [
        1633935844, 
        "1.5"
      ], 
      [
        1633935859, 
        "0"
      ], 
      [
        1633935874, 
        "3"
      ], 
      [
        1633935889, 
        "0"
      ], 
      [
        1633935904, 
        "0"
      ], 
      [
        1633935919, 
        "0"
      ], 
      [
        1633935934, 
        "0"
      ], 
      [
        1633935949, 
        "4.5"
      ], 
      [
        1633935964, 
        "0"
      ], 
      [
        1633935979, 
        "3"
      ]
    ]
  }, 
  "peer_stats": {
    "metric": {
      "__name__": "net_peers", 
      "job": "openethereum", 
      "instance": "172.17.0.1:3033"
    }, 
    "values": [
      [
        1633935679, 
        "43"
      ], 
      [
        1633935694, 
        "43"
      ], 
      [
        1633935709, 
        "44"
      ], 
      [
        1633935724, 
        "44"
      ], 
      [
        1633935739, 
        "44"
      ], 
      [
        1633935754, 
        "44"
      ], 
      [
        1633935769, 
        "44"
      ], 
      [
        1633935784, 
        "44"
      ], 
      [
        1633935799, 
        "44"
      ], 
      [
        1633935814, 
        "44"
      ], 
      [
        1633935829, 
        "43"
      ], 
      [
        1633935844, 
        "43"
      ], 
      [
        1633935859, 
        "42"
      ], 
      [
        1633935874, 
        "42"
      ], 
      [
        1633935889, 
        "42"
      ], 
      [
        1633935904, 
        "42"
      ], 
      [
        1633935919, 
        "43"
      ], 
      [
        1633935934, 
        "43"
      ], 
      [
        1633935949, 
        "42"
      ], 
      [
        1633935964, 
        "42"
      ], 
      [
        1633935979, 
        "43"
      ]
    ]
  }, 
  "sync_blocks_recieved": {
    "metric": {
      "instance": "172.17.0.1:3033", 
      "job": "openethereum"
    },