{
  "known_broadcasts": {
    "values": [
      [
        1633828680, 
        0.2851888754205519
      ], 
      [
        1633828695, 
        0.2973369769863943
      ], 
      [
        1633828710, 
        0.23237078547765677
      ], 
      [
        1633828725, 
        0.1803439928085179
      ], 
      [
        1633828740, 
        0.23687819110150848
      ], 
      [
        1633828755, 
        0.2507156027982593
      ], 
      [
        1633828770, 
        0.2629860470970195
      ], 
      [
        1633828785, 
        0.38733772044348574
      ], 
      [
        1633828800, 
        0.4116872076693932
      ], 
      [
        1633828815, 
        0.40679864541516325
      ], 
      [
        1633828830, 
        0.36828035388956804
      ], 
      [
        1633828845, 
        0.31954731736904235
      ], 
      [
        1633828860, 
        0.4289303182531943
      ], 
      [
        1633828875, 
        0.5245072356530697
      ], 
      [
        1633828890, 
        0.5685602345983929
      ], 
      [
        1633828905, 
        0.6058786426448076
      ], 
      [
        1633828920, 
        0.4734981081816567
      ], 
      [
        1633828935, 
        0.3674839728291502
      ], 
      [
        1633828950, 
        0.2871911199281042
      ], 
      [
        1633828965, 
        0.3124441032867284
      ]
    ], 
    "name": "geth.eth/fetcher/block/broadcasts/drop.meter", 
    "columns": [
      "time", 
      "mean"
    ]
  }, 
  "memory_used": {
    "values": [
      [
        1633828680, 
        2186445580
      ], 
      [
        1633828695, 
        1721803920
      ], 
      [
        1633828710, 
        1933623184
      ], 
      [
        1633828725, 
        2144099168
      ], 
      [
        1633828740, 
        1813287664
      ], 
      [
        1633828755, 
        2053614656
      ], 
      [
        1633828770, 
        2062449344
      ], 
      [
        1633828785, 
        1982869448
      ], 
      [
        1633828800, 
        1789948336
      ], 
      [
        1633828815, 
        2227683000
      ], 
      [
        1633828830, 
        1880416280
      ], 
      [
        1633828845, 
        1911486224
      ], 
      [
        1633828860, 
        1985960028
      ], 
      [
        1633828875, 
        1958087896
      ], 
      [
        1633828890, 
        1970241652
      ], 
      [
        1633828905, 
        1930041984
      ], 
      [
        1633828920, 
        1959060084
      ], 
      [
        1633828935, 
        1957013656
      ], 
      [
        1633828950, 
        1984073340
      ], 
      [
        1633828965, 
        1875782648
      ]
    ], 
    "name": "geth.system/memory/used.gauge", 
    "columns": [
      "time", 
      "mean"
    ]
  }, 
  "stat": {
    "known_broadcasts": {
      "max": 0.5704261550007137, 
      "mean": 0.3603982725925833, 
      "variance": 0.01290908449652125, 
      "pvalue": 1.592704470415975e-10, 
      "min": 0.22976944584419984
    }, 
    "memory_used": {
      "max": 2188507451.0, 
      "mean": 1966399404.6, 
      "variance": 1.508560069036262e+16, 
      "pvalue": 7.76355855912142e-06, 
      "min": 1786541115.1999998
    }, 
    "disk_write": {
      "max": 147067.93544229268, 
      "mean": 50641.71888732775, 
      "variance": 2027272668.159415, 
      "pvalue": 0.00014855886412461022, 
      "min": 11929.611710856288
    }, 
    "disk_read": {
      "max": 44900241.35823914, 
      "mean": 29506530.086072534, 
      "variance": 61325060442523.164, 
      "pvalue": 8.548592951571924e-07, 
      "min": 21077642.565274045
    }, 
    "traffic_egress": {
      "max": 115426.56476128763, 
      "mean": 29736.289732731908, 
      "variance": 1367624361.8495262, 
      "pvalue": 1.8253746636662502e-13, 
      "min": 10646.504313040257
    }, 
    "peer_stats": {
      "max": 52.05, 
      "mean": 50.65, 
      "variance": 0.6274999999999998, 
      "pvalue": 0.30025600517556844, 
      "min": 50.0
    }, 
    "traffic_ingress": {
      "max": 177405.93742854314, 
      "mean": 145957.469006725, 
      "variance": 524274425.2065037, 
      "pvalue": 5.0771043480943994e-06, 
      "min": 114425.22723768037
    }, 
    "known_announcements": {
      "max": 2.1987064333825157, 
      "mean": 1.433558187789085, 
      "variance": 0.24164437032228764, 
      "pvalue": 4.351071289606958e-06, 
      "min": 0.6882632803068491
    }
  }, 
  "disk_write": {
    "values": [
      [
        1633828680, 
        20218.433656775287
      ], 
      [
        1633828695, 
        31505.444283159813
      ], 
      [
        1633828710, 
        29784.044560176088
      ], 
      [
        1633828725, 
        31003.27132953674
      ], 
      [
        1633828740, 
        33369.06800100661
      ], 
      [
        1633828755, 
        33000.0098341584
      ], 
      [
        1633828770, 
        30949.20599112333
      ], 
      [
        1633828785, 
        178710.7655327258
      ], 
      [
        1633828800, 
        145402.52333226986
      ], 
      [
        1633828815, 
        112847.54048695423
      ], 
      [
        1633828830, 
        88208.58242742051
      ], 
      [
        1633828845, 
        68465.05963363046
      ], 
      [
        1633828860, 
        53535.29685631628
      ], 
      [
        1633828875, 
        41554.9695772186
      ], 
      [
        1633828890, 
        32504.276375186986
      ], 
      [
        1633828905, 
        25245.693138958497
      ], 
      [
        1633828920, 
        19729.673732763193
      ], 
      [
        1633828935, 
        15321.070299630006
      ], 
      [
        1633828950, 
        12061.821417754538
      ], 
      [
        1633828965, 
        9417.627279789542
      ]
    ], 
    "name": "geth.eth/db/chaindata/disk/write.meter", 
    "columns": [
      "time", 
      "mean"
    ]
  }, 
  "disk_read": {
    "values": [
      [
        1633828680, 
        23543015.19107791
      ], 
      [
        1633828695, 
        21945545.084756244
      ], 
      [
        1633828710, 
        21077721.674700335
      ], 
      [
        1633828725, 
        21076139.486174572
      ], 
      [
        1633828740, 
        21703706.199126244
      ], 
      [
        1633828755, 
        21943464.352648396
      ], 
      [
        1633828770, 
        22644448.421088204
      ], 
      [
        1633828785, 
        22459700.67707869
      ], 
      [
        1633828800, 
        32964968.640433
      ], 
      [
        1633828815, 
        46504250.87503204
      ], 
      [
        1633828830, 
        44815819.80472372
      ], 
      [
        1633828845, 
        40884003.07740594
      ], 
      [
        1633828860, 
        37205023.47589673
      ], 
      [
        1633828875, 
        34617221.41383041
      ], 
      [
        1633828890, 
        32504113.320844457
      ], 
      [
        1633828905, 
        30996469.154403005
      ], 
      [
        1633828920, 
        30238299.731576733
      ], 
      [
        1633828935, 
        29050328.79463316
      ], 
      [
        1633828950, 
        27977748.32077408
      ], 
      [
        1633828965, 
        25978614.025246855
      ]
    ], 
    "name": "geth.eth/db/chaindata/disk/read.meter", 
    "columns": [
      "time", 
      "mean"
    ]
  },