{
  "known_broadcasts": {
    "values": [
      [
        1634271090, 
        0.7115601619443618
      ], 
      [
        1634271105, 
        0.6023226732461081
      ], 
      [
        1634271120, 
        0.7092660537827744
      ], 
      [
        1634271135, 
        0.7647947380724588
      ], 
      [
        1634271150, 
        0.7078527636055503
      ], 
      [
        1634271165, 
        0.7198149524888114
      ], 
      [
        1634271180, 
        0.7026158760621293
      ], 
      [
        1634271195, 
        0.6085070330228686
      ], 
      [
        1634271210, 
        0.4755522123932559
      ], 
      [
        1634271225, 
        0.5596929979423684
      ], 
      [
        1634271240, 
        0.8656106717655407
      ], 
      [
        1634271255, 
        0.8329456808221146
      ], 
      [
        1634271270, 
        0.9323826558678182
      ], 
      [
        1634271285, 
        0.9900118082217308
      ], 
      [
        1634271300, 
        0.7872838969807576
      ], 
      [
        1634271315, 
        0.7741310058131393
      ], 
      [
        1634271330, 
        0.6289751022327563
      ], 
      [
        1634271345, 
        0.5101427547513734
      ], 
      [
        1634271360, 
        0.41226310403569094
      ], 
      [
        1634271375, 
        0.31995921568453284
      ], 
      [
        1634271390, 
        0.4032524703169678
      ]
    ], 
    "name": "geth.eth/fetcher/block/broadcasts/drop.meter", 
    "columns": [
      "time", 
      "mean"
    ]
  }, 
  "memory_used": {
    "values": [
      [
        1634271090, 
        2114542560
      ], 
      [
        1634271105, 
        1682125000
      ], 
      [
        1634271120, 
        1989611220
      ], 
      [
        1634271135, 
        1634829688
      ], 
      [
        1634271150, 
        1884714556
      ], 
      [
        1634271165, 
        2068055824
      ], 
      [
        1634271180, 
        1695774496
      ], 
      [
        1634271195, 
        1895368168
      ], 
      [
        1634271210, 
        2105491804
      ], 
      [
        1634271225, 
        1729605968
      ], 
      [
        1634271240, 
        1981522492
      ], 
      [
        1634271255, 
        1654396304
      ], 
      [
        1634271270, 
        1912664844
      ], 
      [
        1634271285, 
        2160735120
      ], 
      [
        1634271300, 
        1851382004
      ], 
      [
        1634271315, 
        2140781672
      ], 
      [
        1634271330, 
        1870811516
      ], 
      [
        1634271345, 
        2094264568
      ], 
      [
        1634271360, 
        1788923500
      ], 
      [
        1634271375, 
        2026128264
      ], 
      [
        1634271390, 
        1659519088
      ]
    ], 
    "name": "geth.system/memory/used.gauge", 
    "columns": [
      "time", 
      "mean"
    ]
  }, 
  "stat": {
    "known_broadcasts": {
      "max": 0.9323826558678182, 
      "mean": 0.6675684680501479, 
      "variance": 0.029688695243737306, 
      "pvalue": 0.3464824535699197, 
      "min": 0.4032524703169678
    }, 
    "memory_used": {
      "max": 2140781672.0, 
      "mean": 1901964221.7142856, 
      "variance": 3.015939501371038e+16, 
      "pvalue": 0.012360983175964632, 
      "min": 1654396304.0
    }, 
    "disk_write": {
      "max": 8263.527286019997, 
      "mean": 4426.948705169485, 
      "variance": 4791319.940587216, 
      "pvalue": 3.530244095607963e-10, 
      "min": 1561.4030592889806
    }, 
    "disk_read": {
      "max": 28086542.942619015, 
      "mean": 24057361.935197942, 
      "variance": 5288282251994.265, 
      "pvalue": 8.683741818640108e-05, 
      "min": 21091238.599794425
    }, 
    "traffic_egress": {
      "max": 19466.833179354835, 
      "mean": 7054.492032219343, 
      "variance": 32544777.451688215, 
      "pvalue": 0.02658132050339887, 
      "min": 2784.1555184717527
    }, 
    "peer_stats": {
      "max": 52.0, 
      "mean": 50.45238095238095, 
      "variance": 0.4263038548752833, 
      "pvalue": 0.2167899189753893, 
      "min": 50.0
    }, 
    "traffic_ingress": {
      "max": 149289.35093417822, 
      "mean": 125576.00818601015, 
      "variance": 165536165.08987817, 
      "pvalue": 2.1361790860211957e-14, 
      "min": 106875.72653763427
    }, 
    "known_announcements": {
      "max": 1.5535415254500113, 
      "mean": 1.1766815731400828, 
      "variance": 0.06287533485395004, 
      "pvalue": 7.474447392099039e-12, 
      "min": 0.7910756559650107
    }
  }, 
  "disk_write": {
    "values": [
      [
        1634271090, 
        5978.164671574453
      ], 
      [
        1634271105, 
        5060.407142874475
      ], 
      [
        1634271120, 
        3966.803068806405
      ], 
      [
        1634271135, 
        3103.591140728579
      ], 
      [
        1634271150, 
        2430.584928696074
      ], 
      [
        1634271165, 
        1908.855216635386
      ], 
      [
        1634271180, 
        1561.4030592889806
      ], 
      [
        1634271195, 
        1229.2629092209818
      ], 
      [
        1634271210, 
        2370.290407404935
      ], 
      [
        1634271225, 
        2467.7876648985607
      ], 
      [
        1634271240, 
        2671.180897400215
      ], 
      [
        1634271255, 
        3485.312261104774
      ], 
      [
        1634271270, 
        3969.734167284305
      ], 
      [
        1634271285, 
        4683.592014366737
      ], 
      [
        1634271300, 
        5324.484693544036
      ], 
      [
        1634271315, 
        5718.296972873362
      ], 
      [
        1634271330, 
        5285.417736823494
      ], 
      [
        1634271345, 
        6653.869201564332
      ], 
      [
        1634271360, 
        8263.527286019997
      ], 
      [
        1634271375, 
        8262.775366112939
      ], 
      [
        1634271390, 
        8570.582001336172
      ]
    ], 
    "name": "geth.eth/db/chaindata/disk/write.meter", 
    "columns": [
      "time", 
      "mean"
    ]
  }, 
  "disk_read": {
    "values": [
      [
        1634271090, 
        29664665.147681106
      ], 
      [
        1634271105, 
        28086542.942619015
      ], 
      [
        1634271120, 
        26818463.99567418
      ], 
      [
        1634271135, 
        25364304.623381283
      ], 
      [
        1634271150, 
        24011935.248188067
      ], 
      [
        1634271165, 
        22899290.082610082
      ], 
      [
        1634271180, 
        22037176.15777847
      ], 
      [
        1634271195, 
        21736775.928107332
      ], 
      [
        1634271210, 
        21091238.599794425
      ], 
      [
        1634271225, 
        20868672.71026182
      ], 
      [
        1634271240, 
        21208724.392097
      ], 
      [
        1634271255, 
        22238926.867231525
      ], 
      [
        1634271270, 
        22302422.897855964
      ], 
      [
        1634271285, 
        22803019.484207466
      ], 
      [
        1634271300, 
        23207371.48895517
      ], 
      [
        1634271315, 
        24683454.137212206
      ], 
      [
        1634271330, 
        25434248.99706747
      ], 
      [
        1634271345, 
        25205139.39283604
      ], 
      [
        1634271360, 
        25013644.378209755
      ], 
      [
        1634271375, 
        25407041.893742867
      ], 
      [
        1634271390, 
        25121541.273645647
      ]
    ], 
    "name": "geth.eth/db/chaindata/disk/read.meter", 
    "columns": [
      "time", 
      "mean"
    ]
  },