{
  "known_broadcasts": {
    "values": [
      [
        1634270790, 
        0.4840538449993351
      ], 
      [
        1634270805, 
        0.4097427336549712
      ], 
      [
        1634270820, 
        0.6116808649080478
      ], 
      [
        1634270835, 
        0.512762675664238
      ], 
      [
        1634270850, 
        0.6102571555645018
      ], 
      [
        1634270865, 
        0.6816384691768003
      ], 
      [
        1634270880, 
        0.9313296828826708
      ], 
      [
        1634270895, 
        1.043921091791125
      ], 
      [
        1634270910, 
        1.074776434361282
      ], 
      [
        1634270925, 
        0.9221083380288506
      ], 
      [
        1634270940, 
        0.8159410891063703
      ], 
      [
        1634270955, 
        0.8779929575815086
      ], 
      [
        1634270970, 
        0.9461210910259297
      ], 
      [
        1634270985, 
        0.7815013886534797
      ], 
      [
        1634271000, 
        0.8351625073997172
      ], 
      [
        1634271015, 
        0.6775983861454531
      ], 
      [
        1634271030, 
        0.6363710581908661
      ], 
      [
        1634271045, 
        0.8297902477649096
      ], 
      [
        1634271060, 
        0.903992023169448
      ], 
      [
        1634271075, 
        0.9295361271775986
      ], 
      [
        1634271090, 
        0.8028264613555703
      ]
    ], 
    "name": "geth.eth/fetcher/block/broadcasts/drop.meter", 
    "columns": [
      "time", 
      "mean"
    ]
  }, 
  "memory_used": {
    "values": [
      [
        1634270790, 
        2174911504
      ], 
      [
        1634270805, 
        1720087128
      ], 
      [
        1634270820, 
        1963486400
      ], 
      [
        1634270835, 
        2122391864
      ], 
      [
        1634270850, 
        1713048080
      ], 
      [
        1634270865, 
        1860665440
      ], 
      [
        1634270880, 
        2066213484
      ], 
      [
        1634270895, 
        1692194520
      ], 
      [
        1634270910, 
        1741790968
      ], 
      [
        1634270925, 
        2140781280
      ], 
      [
        1634270940, 
        1770021324
      ], 
      [
        1634270955, 
        1656671872
      ], 
      [
        1634270970, 
        1675908928
      ], 
      [
        1634270985, 
        1875731984
      ], 
      [
        1634271000, 
        2033829160
      ], 
      [
        1634271015, 
        1710898296
      ], 
      [
        1634271030, 
        2069281740
      ], 
      [
        1634271045, 
        1763623336
      ], 
      [
        1634271060, 
        2066190064
      ], 
      [
        1634271075, 
        1715515496
      ], 
      [
        1634271090, 
        1953890184
      ]
    ], 
    "name": "geth.system/memory/used.gauge", 
    "columns": [
      "time", 
      "mean"
    ]
  }, 
  "stat": {
    "known_broadcasts": {
      "max": 1.043921091791125, 
      "mean": 0.7771002204096511, 
      "variance": 0.032179141939201475, 
      "pvalue": 0.0019380843579327798, 
      "min": 0.4840538449993351
    }, 
    "memory_used": {
      "max": 2140781280.0, 
      "mean": 1880339669.142857, 
      "variance": 3.028674912173631e+16, 
      "pvalue": 0.08115095838907993, 
      "min": 1675908928.0
    }, 
    "disk_write": {
      "max": 129885.19426713543, 
      "mean": 42166.78512613651, 
      "variance": 1744415617.455937, 
      "pvalue": 0.009077210704294531, 
      "min": 8328.809584259292
    }, 
    "disk_read": {
      "max": 52838108.77192558, 
      "mean": 33118160.311030574, 
      "variance": 183001995098156.7, 
      "pvalue": 0.0020607099250440596, 
      "min": 16717434.34673225
    }, 
    "traffic_egress": {
      "max": 101921.82696454786, 
      "mean": 31889.96759670722, 
      "variance": 1537216927.1826603, 
      "pvalue": 2.5495798418156397e-05, 
      "min": 3456.1385950944446
    }, 
    "peer_stats": {
      "max": 51.0, 
      "mean": 49.95238095238095, 
      "variance": 0.5929705215419501, 
      "pvalue": 0.00011981989734760569, 
      "min": 49.0
    }, 
    "traffic_ingress": {
      "max": 231605.5271484096, 
      "mean": 154716.60828855098, 
      "variance": 1280920835.818517, 
      "pvalue": 0.0006504169505377657, 
      "min": 113879.11618167357
    }, 
    "known_announcements": {
      "max": 2.0466410877729873, 
      "mean": 1.4791173010755039, 
      "variance": 0.12570739283842758, 
      "pvalue": 1.0036609331892122e-06, 
      "min": 0.865645678262732
    }
  }, 
  "disk_write": {
    "values": [
      [
        1634270790, 
        28063.681275263432
      ], 
      [
        1634270805, 
        27167.72791643566
      ], 
      [
        1634270820, 
        27267.34081229893
      ], 
      [
        1634270835, 
        23055.80542506083
      ], 
      [
        1634270850, 
        19059.86924237029
      ], 
      [
        1634270865, 
        16425.643192552463
      ], 
      [
        1634270880, 
        13656.396205029978
      ], 
      [
        1634270895, 
        166184.4522916018
      ], 
      [
        1634270910, 
        129885.19426713543
      ], 
      [
        1634270925, 
        100816.34588976849
      ], 
      [
        1634270940, 
        78794.99587139365
      ], 
      [
        1634270955, 
        61171.1615696967
      ], 
      [
        1634270970, 
        47834.39804357744
      ], 
      [
        1634270985, 
        37129.99795717627
      ], 
      [
        1634271000, 
        29029.249674660816
      ], 
      [
        1634271015, 
        22529.72887190712
      ], 
      [
        1634271030, 
        17613.662327459562
      ], 
      [
        1634271045, 
        13701.115267870728
      ], 
      [
        1634271060, 
        10724.544878757777
      ], 
      [
        1634271075, 
        8328.809584259292
      ], 
      [
        1634271090, 
        7062.367084590014
      ]
    ], 
    "name": "geth.eth/db/chaindata/disk/write.meter", 
    "columns": [
      "time", 
      "mean"
    ]
  }, 
  "disk_read": {
    "values": [
      [
        1634270790, 
        20663825.528162368
      ], 
      [
        1634270805, 
        20050987.4750011
      ], 
      [
        1634270820, 
        19481316.903787695
      ], 
      [
        1634270835, 
        18555163.934425246
      ], 
      [
        1634270850, 
        17631754.721182957
      ], 
      [
        1634270865, 
        16971369.682552457
      ], 
      [
        1634270880, 
        16535057.860592077
      ], 
      [
        1634270895, 
        16717434.34673225
      ], 
      [
        1634270910, 
        32581050.701644503
      ], 
      [
        1634270925, 
        40976198.11988852
      ], 
      [
        1634270940, 
        42551161.969398625
      ], 
      [
        1634270955, 
        52838056.66634678
      ], 
      [
        1634270970, 
        55512625.93106476
      ], 
      [
        1634270985, 
        52693969.66743728
      ], 
      [
        1634271000, 
        52838108.77192558
      ], 
      [
        1634271015, 
        46054550.98566065
      ], 
      [
        1634271030, 
        41074692.43240021
      ], 
      [
        1634271045, 
        36978978.783048704
      ], 
      [
        1634271060, 
        33842022.34403817
      ], 
      [
        1634271075, 
        31160287.086942453
      ], 
      [
        1634271090, 
        29772752.619409677
      ]
    ], 
    "name": "geth.eth/db/chaindata/disk/read.meter", 
    "columns": [
      "time", 
      "mean"
    ]
  },