{
  "stat": {
    "blockchaincache_size": {
      "max": 15805248.0, 
      "mean": 5504885.714285715, 
      "variance": 39901240320055.72, 
      "pvalue": 0.0007481234269557667, 
      "min": 523144.0
    }, 
    "kvdb_bytes_read": {
      "max": 3249456.2, 
      "mean": 1220019.8666666667, 
      "variance": 2405600894876.7354, 
      "pvalue": 0.00020753758296686563, 
      "min": 4051.9
    }, 
    "sync_blocks_highest": {
      "max": 3.0, 
      "mean": 1.0714285714285714, 
      "variance": 1.3163265306122447, 
      "pvalue": 0.4582405647692008, 
      "min": 0.0
    }, 
    "import_blocks": {
      "max": 3.0, 
      "mean": 1.2857142857142858, 
      "variance": 1.9897959183673468, 
      "pvalue": 0.32847875652454306, 
      "min": 0.0
    }, 
    "peer_stats": {
      "max": 29.0, 
      "mean": 29.0, 
      "variance": 0.0, 
      "pvalue": 5.415069936115101e-18, 
      "min": 29.0
    }, 
    "sync_blocks_recieved": {
      "max": 3.0, 
      "mean": 1.0714285714285714, 
      "variance": 1.3163265306122447, 
      "pvalue": 0.4567467975682358, 
      "min": 0.0
    }, 
    "kvdb_bytes_write": {
      "max": 790601.8, 
      "mean": 274816.65714285715, 
      "variance": 89832675905.35295, 
      "pvalue": 0.25032234395007036, 
      "min": 0.0
    }
  }, 
  "blockchaincache_size": {
    "metric": {
      "__name__": "blockchaincache_size", 
      "job": "openethereum", 
      "instance": "172.17.0.1:3033"
    }, 
    "values": [
      [
        1634246348, 
        "9839816"
      ], 
      [
        1634246363, 
        "8167288"
      ], 
      [
        1634246378, 
        "3120808"
      ], 
      [
        1634246393, 
        "112200"
      ], 
      [
        1634246408, 
        "5192416"
      ], 
      [
        1634246423, 
        "15805248"
      ], 
      [
        1634246438, 
        "1216168"
      ], 
      [
        1634246453, 
        "1347368"
      ], 
      [
        1634246468, 
        "1534488"
      ], 
      [
        1634246483, 
        "1657528"
      ], 
      [
        1634246498, 
        "1773192"
      ], 
      [
        1634246513, 
        "523144"
      ], 
      [
        1634246528, 
        "2529696"
      ], 
      [
        1634246543, 
        "10641512"
      ], 
      [
        1634246558, 
        "3004008"
      ], 
      [
        1634246573, 
        "3004008"
      ], 
      [
        1634246588, 
        "3097480"
      ], 
      [
        1634246603, 
        "3097480"
      ], 
      [
        1634246618, 
        "28000904"
      ], 
      [
        1634246633, 
        "5608144"
      ], 
      [
        1634246648, 
        "6329704"
      ]
    ]
  }, 
  "kvdb_bytes_read": {
    "metric": {
      "instance": "172.17.0.1:3033", 
      "job": "openethereum"
    }, 
    "values": [
      [
        1634246348, 
        "1731460.7"
      ], 
      [
        1634246363, 
        "1602293.1"
      ], 
      [
        1634246378, 
        "354105"
      ], 
      [
        1634246393, 
        "455564.8"
      ], 
      [
        1634246408, 
        "512076.4"
      ], 
      [
        1634246423, 
        "2932101.3"
      ], 
      [
        1634246438, 
        "672424.5"
      ], 
      [
        1634246453, 
        "292711.7"
      ], 
      [
        1634246468, 
        "179807.6"
      ], 
      [
        1634246483, 
        "320478.6"
      ], 
      [
        1634246498, 
        "339615.1"
      ], 
      [
        1634246513, 
        "1937635"
      ], 
      [
        1634246528, 
        "2602401.8"
      ], 
      [
        1634246543, 
        "1312183.8"
      ], 
      [
        1634246558, 
        "12531.8"
      ], 
      [
        1634246573, 
        "12596"
      ], 
      [
        1634246588, 
        "524311.7"
      ], 
      [
        1634246603, 
        "4051.9"
      ], 
      [
        1634246618, 
        "6568575.9"
      ], 
      [
        1634246633, 
        "3249456.2"
      ], 
      [
        1634246648, 
        "4034.3"
      ]
    ]
  }, 
  "sync_blocks_highest": {
    "metric": {
      "instance": "172.17.0.1:3033", 
      "job": "openethereum"
    }, 
    "values": [
      [
        1634246348, 
        "1.5"
      ], 
      [
        1634246363, 
        "1.5"
      ], 
      [
        1634246378, 
        "1.5"
      ], 
      [
        1634246393, 
        "1.5"
      ], 
      [
        1634246408, 
        "1.5"
      ], 
      [
        1634246423, 
        "0"
      ], 
      [
        1634246438, 
        "1.5"
      ], 
      [
        1634246453, 
        "0"
      ], 
      [
        1634246468, 
        "0"
      ], 
      [
        1634246483, 
        "1.5"
      ], 
      [
        1634246498, 
        "3"
      ], 
      [
        1634246513, 
        "4.5"
      ], 
      [
        1634246528, 
        "1.5"
      ], 
      [
        1634246543, 
        "1.5"
      ], 
      [
        1634246558, 
        "0"
      ], 
      [
        1634246573, 
        "0"
      ], 
      [
        1634246588, 
        "0"
      ], 
      [
        1634246603, 
        "0"
      ], 
      [
        1634246618, 
        "0"
      ], 
      [
        1634246633, 
        "1.5"
      ], 
      [
        1634246648, 
        "0"
      ]
    ]
  }, 
  "import_blocks": {
    "metric": {
      "instance": "172.17.0.1:3033", 
      "job": "openethereum"
    }, 
    "values": [
      [
        1634246348, 
        "1.5"
      ], 
      [
        1634246363, 
        "0"
      ], 
      [
        1634246378, 
        "0"
      ], 
      [
        1634246393, 
        "3"
      ], 
      [
        1634246408, 
        "0"
      ], 
      [
        1634246423, 
        "1.5"
      ], 
      [
        1634246438, 
        "1.5"
      ], 
      [
        1634246453, 
        "1.5"
      ], 
      [
        1634246468, 
        "1.5"
      ], 
      [
        1634246483, 
        "1.5"
      ], 
      [
        1634246498, 
        "1.5"
      ], 
      [
        1634246513, 
        "6"
      ], 
      [
        1634246528, 
        "1.5"
      ], 
      [
        1634246543, 
        "3"
      ], 
      [
        1634246558, 
        "0"
      ], 
      [
        1634246573, 
        "0"
      ], 
      [
        1634246588, 
        "1.5"
      ], 
      [
        1634246603, 
        "0"
      ], 
      [
        1634246618, 
        "1.5"
      ], 
      [
        1634246633, 
        "0"
      ], 
      [
        1634246648, 
        "0"
      ]
    ]
  }, 
  "peer_stats": {
    "metric": {
      "__name__": "net_peers", 
      "job": "openethereum", 
      "instance": "172.17.0.1:3033"
    }, 
    "values": [
      [
        1634246348, 
        "29"
      ], 
      [
        1634246363, 
        "29"
      ], 
      [
        1634246378, 
        "29"
      ], 
      [
        1634246393, 
        "29"
      ], 
      [
        1634246408, 
        "29"
      ], 
      [
        1634246423, 
        "29"
      ], 
      [
        1634246438, 
        "29"
      ], 
      [
        1634246453, 
        "29"
      ], 
      [
        1634246468, 
        "29"
      ], 
      [
        1634246483, 
        "29"
      ], 
      [
        1634246498, 
        "29"
      ], 
      [
        1634246513, 
        "29"
      ], 
      [
        1634246528, 
        "29"
      ], 
      [
        1634246543, 
        "29"
      ], 
      [
        1634246558, 
        "29"
      ], 
      [
        1634246573, 
        "29"
      ], 
      [
        1634246588, 
        "29"
      ], 
      [
        1634246603, 
        "29"
      ], 
      [
        1634246618, 
        "29"
      ], 
      [
        1634246633, 
        "29"
      ], 
      [
        1634246648, 
        "29"
      ]
    ]
  }, 
  "sync_blocks_recieved": {
    "metric": {
      "instance": "172.17.0.1:3033", 
      "job": "openethereum"
    },