{
  "stat": {
    "blockchaincache_size": {
      "max": 9839816.0, 
      "mean": 4390538.666666667, 
      "variance": 8593040880014.222, 
      "pvalue": 0.002458669398885227, 
      "min": 1927424.0
    }, 
    "kvdb_bytes_read": {
      "max": 1731460.7, 
      "mean": 542768.6714285713, 
      "variance": 310795789972.37714, 
      "pvalue": 0.0023603859192111386, 
      "min": 16381.8
    }, 
    "sync_blocks_highest": {
      "max": 3.0, 
      "mean": 1.6428571428571428, 
      "variance": 1.4795918367346939, 
      "pvalue": 0.010306455487558487, 
      "min": 0.0
    }, 
    "import_blocks": {
      "max": 4.5, 
      "mean": 1.5, 
      "variance": 2.7857142857142856, 
      "pvalue": 0.22258133733869823, 
      "min": 0.0
    }, 
    "peer_stats": {
      "max": 29.0, 
      "mean": 29.0, 
      "variance": 0.0, 
      "pvalue": 5.415069936115101e-18, 
      "min": 29.0
    }, 
    "sync_blocks_recieved": {
      "max": 3.0, 
      "mean": 1.6428571428571428, 
      "variance": 1.4795918367346939, 
      "pvalue": 0.01015625211271421, 
      "min": 0.0
    }, 
    "kvdb_bytes_write": {
      "max": 874956.8, 
      "mean": 294709.5761904762, 
      "variance": 109055272133.50182, 
      "pvalue": 0.26502462756430545, 
      "min": 0.0
    }
  }, 
  "blockchaincache_size": {
    "metric": {
      "__name__": "blockchaincache_size", 
      "job": "openethereum", 
      "instance": "172.17.0.1:3033"
    }, 
    "values": [
      [
        1634246047, 
        "10105608"
      ], 
      [
        1634246062, 
        "1927424"
      ], 
      [
        1634246077, 
        "1927424"
      ], 
      [
        1634246092, 
        "2044928"
      ], 
      [
        1634246107, 
        "2044928"
      ], 
      [
        1634246122, 
        "2346688"
      ], 
      [
        1634246137, 
        "2516416"
      ], 
      [
        1634246152, 
        "2562864"
      ], 
      [
        1634246167, 
        "2599264"
      ], 
      [
        1634246182, 
        "2739104"
      ], 
      [
        1634246197, 
        "2739104"
      ], 
      [
        1634246212, 
        "3114912"
      ], 
      [
        1634246227, 
        "3115184"
      ], 
      [
        1634246242, 
        "8006864"
      ], 
      [
        1634246257, 
        "8312432"
      ], 
      [
        1634246272, 
        "8509296"
      ], 
      [
        1634246287, 
        "6042640"
      ], 
      [
        1634246302, 
        "6248464"
      ], 
      [
        1634246317, 
        "744"
      ], 
      [
        1634246332, 
        "5457208"
      ], 
      [
        1634246347, 
        "9839816"
      ]
    ]
  }, 
  "kvdb_bytes_read": {
    "metric": {
      "instance": "172.17.0.1:3033", 
      "job": "openethereum"
    }, 
    "values": [
      [
        1634246047, 
        "1731080.1"
      ], 
      [
        1634246062, 
        "1815213"
      ], 
      [
        1634246077, 
        "6125.5"
      ], 
      [
        1634246092, 
        "16381.8"
      ], 
      [
        1634246107, 
        "283755.3"
      ], 
      [
        1634246122, 
        "244498.4"
      ], 
      [
        1634246137, 
        "417062"
      ], 
      [
        1634246152, 
        "118225.2"
      ], 
      [
        1634246167, 
        "314817.6"
      ], 
      [
        1634246182, 
        "44975.6"
      ], 
      [
        1634246197, 
        "116502.5"
      ], 
      [
        1634246212, 
        "408595"
      ], 
      [
        1634246227, 
        "475834.5"
      ], 
      [
        1634246242, 
        "579408.1"
      ], 
      [
        1634246257, 
        "573097.2"
      ], 
      [
        1634246272, 
        "410094.8"
      ], 
      [
        1634246287, 
        "27294.6"
      ], 
      [
        1634246302, 
        "569674"
      ], 
      [
        1634246317, 
        "1133391"
      ], 
      [
        1634246332, 
        "380655.2"
      ], 
      [
        1634246347, 
        "1731460.7"
      ]
    ]
  }, 
  "sync_blocks_highest": {
    "metric": {
      "instance": "172.17.0.1:3033", 
      "job": "openethereum"
    }, 
    "values": [
      [
        1634246047, 
        "1.5"
      ], 
      [
        1634246062, 
        "3"
      ], 
      [
        1634246077, 
        "0"
      ], 
      [
        1634246092, 
        "0"
      ], 
      [
        1634246107, 
        "3"
      ], 
      [
        1634246122, 
        "1.5"
      ], 
      [
        1634246137, 
        "3"
      ], 
      [
        1634246152, 
        "0"
      ], 
      [
        1634246167, 
        "3"
      ], 
      [
        1634246182, 
        "0"
      ], 
      [
        1634246197, 
        "1.5"
      ], 
      [
        1634246212, 
        "3"
      ], 
      [
        1634246227, 
        "1.5"
      ], 
      [
        1634246242, 
        "3"
      ], 
      [
        1634246257, 
        "0"
      ], 
      [
        1634246272, 
        "3"
      ], 
      [
        1634246287, 
        "1.5"
      ], 
      [
        1634246302, 
        "3"
      ], 
      [
        1634246317, 
        "1.5"
      ], 
      [
        1634246332, 
        "0"
      ], 
      [
        1634246347, 
        "1.5"
      ]
    ]
  }, 
  "import_blocks": {
    "metric": {
      "instance": "172.17.0.1:3033", 
      "job": "openethereum"
    }, 
    "values": [
      [
        1634246047, 
        "1.5"
      ], 
      [
        1634246062, 
        "3"
      ], 
      [
        1634246077, 
        "0"
      ], 
      [
        1634246092, 
        "0"
      ], 
      [
        1634246107, 
        "0"
      ], 
      [
        1634246122, 
        "1.5"
      ], 
      [
        1634246137, 
        "3"
      ], 
      [
        1634246152, 
        "1.5"
      ], 
      [
        1634246167, 
        "1.5"
      ], 
      [
        1634246182, 
        "0"
      ], 
      [
        1634246197, 
        "0"
      ], 
      [
        1634246212, 
        "4.5"
      ], 
      [
        1634246227, 
        "3"
      ], 
      [
        1634246242, 
        "0"
      ], 
      [
        1634246257, 
        "1.5"
      ], 
      [
        1634246272, 
        "3"
      ], 
      [
        1634246287, 
        "0"
      ], 
      [
        1634246302, 
        "6"
      ], 
      [
        1634246317, 
        "0"
      ], 
      [
        1634246332, 
        "0"
      ], 
      [
        1634246347, 
        "1.5"
      ]
    ]
  }, 
  "peer_stats": {
    "metric": {
      "__name__": "net_peers", 
      "job": "openethereum", 
      "instance": "172.17.0.1:3033"
    }, 
    "values": [
      [
        1634246047, 
        "29"
      ], 
      [
        1634246062, 
        "29"
      ], 
      [
        1634246077, 
        "29"
      ], 
      [
        1634246092, 
        "29"
      ], 
      [
        1634246107, 
        "29"
      ], 
      [
        1634246122, 
        "29"
      ], 
      [
        1634246137, 
        "29"
      ], 
      [
        1634246152, 
        "29"
      ], 
      [
        1634246167, 
        "29"
      ], 
      [
        1634246182, 
        "29"
      ], 
      [
        1634246197, 
        "29"
      ], 
      [
        1634246212, 
        "29"
      ], 
      [
        1634246227, 
        "29"
      ], 
      [
        1634246242, 
        "29"
      ], 
      [
        1634246257, 
        "29"
      ], 
      [
        1634246272, 
        "29"
      ], 
      [
        1634246287, 
        "29"
      ], 
      [
        1634246302, 
        "29"
      ], 
      [
        1634246317, 
        "29"
      ], 
      [
        1634246332, 
        "29"
      ], 
      [
        1634246347, 
        "29"
      ]
    ]
  }, 
  "sync_blocks_recieved": {
    "metric": {
      "instance": "172.17.0.1:3033", 
      "job": "openethereum"
    },