{
  "stat": {
    "blockchaincache_size": {
      "max": 6187640.0, 
      "mean": 6175049.142857143, 
      "variance": 3170593671.836737, 
      "pvalue": 4.0959193006708765e-10, 
      "min": 6187640.0
    }, 
    "kvdb_bytes_read": {
      "max": 487407.54221333325, 
      "mean": 53420.451633015866, 
      "variance": 27625175004.41992, 
      "pvalue": 4.95797630306365e-11, 
      "min": 0.0
    }, 
    "sync_blocks_highest": {
      "max": 0.0, 
      "mean": 0.11087619047619046, 
      "variance": 0.24587059229024968, 
      "pvalue": 2.8319709257100463e-05, 
      "min": 0.0
    }, 
    "import_blocks": {
      "max": 0.0, 
      "mean": 0.3326285714285714, 
      "variance": 2.2128353306122444, 
      "pvalue": 0.00018710185884173824, 
      "min": 0.0
    }, 
    "peer_stats": {
      "max": 2.0, 
      "mean": 0.47619047619047616, 
      "variance": 0.6303854875283446, 
      "pvalue": 1.2691179144107524e-15, 
      "min": 0.0
    }, 
    "sync_blocks_recieved": {
      "max": 0.0, 
      "mean": 0.0, 
      "variance": 0.0, 
      "pvalue": 3.3613251445260905e-06, 
      "min": 0.0
    }, 
    "kvdb_bytes_write": {
      "max": 0.0, 
      "mean": 61529.30790603174, 
      "variance": 75717114627.9052, 
      "pvalue": 1.0742508247829336e-05, 
      "min": 0.0
    }
  }, 
  "blockchaincache_size": {
    "metric": {
      "__name__": "blockchaincache_size", 
      "job": "openethereum", 
      "instance": "172.17.0.1:3033"
    }, 
    "values": [
      [
        1633944390, 
        "5923232"
      ], 
      [
        1633944405, 
        "6187640"
      ], 
      [
        1633944420, 
        "6187640"
      ], 
      [
        1633944435, 
        "6187640"
      ], 
      [
        1633944450, 
        "6187640"
      ], 
      [
        1633944465, 
        "6187640"
      ], 
      [
        1633944480, 
        "6187640"
      ], 
      [
        1633944495, 
        "6187640"
      ], 
      [
        1633944510, 
        "6187640"
      ], 
      [
        1633944525, 
        "6187640"
      ], 
      [
        1633944540, 
        "6187640"
      ], 
      [
        1633944555, 
        "6187640"
      ], 
      [
        1633944570, 
        "6187640"
      ], 
      [
        1633944585, 
        "6187640"
      ], 
      [
        1633944600, 
        "6187640"
      ], 
      [
        1633944615, 
        "6187640"
      ], 
      [
        1633944630, 
        "6187640"
      ], 
      [
        1633944645, 
        "6187640"
      ], 
      [
        1633944660, 
        "6187640"
      ], 
      [
        1633944675, 
        "6187640"
      ], 
      [
        1633944690, 
        "6187640"
      ]
    ]
  }, 
  "kvdb_bytes_read": {
    "metric": {
      "instance": "172.17.0.1:3033", 
      "job": "openethereum"
    }, 
    "values": [
      [
        1633944390, 
        "634421.94208"
      ], 
      [
        1633944405, 
        "487407.54221333325"
      ], 
      [
        1633944420, 
        "0"
      ], 
      [
        1633944435, 
        "0"
      ], 
      [
        1633944450, 
        "0"
      ], 
      [
        1633944465, 
        "0"
      ], 
      [
        1633944480, 
        "0"
      ], 
      [
        1633944495, 
        "0"
      ], 
      [
        1633944510, 
        "0"
      ], 
      [
        1633944525, 
        "0"
      ], 
      [
        1633944540, 
        "0"
      ], 
      [
        1633944555, 
        "0"
      ], 
      [
        1633944570, 
        "0"
      ], 
      [
        1633944585, 
        "0"
      ], 
      [
        1633944600, 
        "0"
      ], 
      [
        1633944615, 
        "0"
      ], 
      [
        1633944630, 
        "0"
      ], 
      [
        1633944645, 
        "0"
      ], 
      [
        1633944660, 
        "0"
      ], 
      [
        1633944675, 
        "0"
      ], 
      [
        1633944690, 
        "0"
      ]
    ]
  }, 
  "sync_blocks_highest": {
    "metric": {
      "instance": "172.17.0.1:3033", 
      "job": "openethereum"
    }, 
    "values": [
      [
        1633944390, 
        "2.3284"
      ], 
      [
        1633944405, 
        "0"
      ], 
      [
        1633944420, 
        "0"
      ], 
      [
        1633944435, 
        "0"
      ], 
      [
        1633944450, 
        "0"
      ], 
      [
        1633944465, 
        "0"
      ], 
      [
        1633944480, 
        "0"
      ], 
      [
        1633944495, 
        "0"
      ], 
      [
        1633944510, 
        "0"
      ], 
      [
        1633944525, 
        "0"
      ], 
      [
        1633944540, 
        "0"
      ], 
      [
        1633944555, 
        "0"
      ], 
      [
        1633944570, 
        "0"
      ], 
      [
        1633944585, 
        "0"
      ], 
      [
        1633944600, 
        "0"
      ], 
      [
        1633944615, 
        "0"
      ], 
      [
        1633944630, 
        "0"
      ], 
      [
        1633944645, 
        "0"
      ], 
      [
        1633944660, 
        "0"
      ], 
      [
        1633944675, 
        "0"
      ], 
      [
        1633944690, 
        "0"
      ]
    ]
  }, 
  "import_blocks": {
    "metric": {
      "instance": "172.17.0.1:3033", 
      "job": "openethereum"
    }, 
    "values": [
      [
        1633944390, 
        "6.985199999999999"
      ], 
      [
        1633944405, 
        "0"
      ], 
      [
        1633944420, 
        "0"
      ], 
      [
        1633944435, 
        "0"
      ], 
      [
        1633944450, 
        "0"
      ], 
      [
        1633944465, 
        "0"
      ], 
      [
        1633944480, 
        "0"
      ], 
      [
        1633944495, 
        "0"
      ], 
      [
        1633944510, 
        "0"
      ], 
      [
        1633944525, 
        "0"
      ], 
      [
        1633944540, 
        "0"
      ], 
      [
        1633944555, 
        "0"
      ], 
      [
        1633944570, 
        "0"
      ], 
      [
        1633944585, 
        "0"
      ], 
      [
        1633944600, 
        "0"
      ], 
      [
        1633944615, 
        "0"
      ], 
      [
        1633944630, 
        "0"
      ], 
      [
        1633944645, 
        "0"
      ], 
      [
        1633944660, 
        "0"
      ], 
      [
        1633944675, 
        "0"
      ], 
      [
        1633944690, 
        "0"
      ]
    ]
  }, 
  "peer_stats": {
    "metric": {
      "__name__": "net_peers", 
      "job": "openethereum", 
      "instance": "172.17.0.1:3033"
    }, 
    "values": [
      [
        1633944390, 
        "3"
      ], 
      [
        1633944405, 
        "2"
      ], 
      [
        1633944420, 
        "1"
      ], 
      [
        1633944435, 
        "1"
      ], 
      [
        1633944450, 
        "1"
      ], 
      [
        1633944465, 
        "1"
      ], 
      [
        1633944480, 
        "1"
      ], 
      [
        1633944495, 
        "0"
      ], 
      [
        1633944510, 
        "0"
      ], 
      [
        1633944525, 
        "0"
      ], 
      [
        1633944540, 
        "0"
      ], 
      [
        1633944555, 
        "0"
      ], 
      [
        1633944570, 
        "0"
      ], 
      [
        1633944585, 
        "0"
      ], 
      [
        1633944600, 
        "0"
      ], 
      [
        1633944615, 
        "0"
      ], 
      [
        1633944630, 
        "0"
      ], 
      [
        1633944645, 
        "0"
      ], 
      [
        1633944660, 
        "0"
      ], 
      [
        1633944675, 
        "0"
      ], 
      [
        1633944690, 
        "0"
      ]
    ]
  }, 
  "sync_blocks_recieved": {
    "metric": {
      "instance": "172.17.0.1:3033", 
      "job": "openethereum"
    },