{
  "stat": {
    "blockchaincache_size": {
      "max": 5895764.0, 
      "mean": 5656578.133333334, 
      "variance": 34110544370.91556, 
      "pvalue": 0.0001226272268907127, 
      "min": 5339380.8
    }, 
    "kvdb_bytes_read": {
      "max": 1003693.9999999995, 
      "mean": 508523.40388148144, 
      "variance": 118603592467.59799, 
      "pvalue": 0.00038993973778550365, 
      "min": 0.0
    }, 
    "sync_blocks_highest": {
      "max": 8.549999999999962, 
      "mean": 2.3547333333333333, 
      "variance": 51.96358830666666, 
      "pvalue": 0.04569670985061189, 
      "min": 0.0
    }, 
    "import_blocks": {
      "max": 4.139499999999996, 
      "mean": 1.2293555555555555, 
      "variance": 3.282147433580247, 
      "pvalue": 0.40346556111693876, 
      "min": 0.0
    }, 
    "peer_stats": {
      "max": 6.299999999999999, 
      "mean": 2.533333333333333, 
      "variance": 4.915555555555556, 
      "pvalue": 1.0123208147586003e-11, 
      "min": 0.0
    }, 
    "sync_blocks_recieved": {
      "max": 176.9708999999986, 
      "mean": 57.913022222222224, 
      "variance": 52405.34495278618, 
      "pvalue": 0.05006648500685118, 
      "min": 0.0
    }, 
    "kvdb_bytes_write": {
      "max": 834808.2477493328, 
      "mean": 279059.6189303704, 
      "variance": 139474103252.54822, 
      "pvalue": 0.21973076401342917, 
      "min": 0.0
    }
  }, 
  "blockchaincache_size": {
    "metric": {
      "__name__": "blockchaincache_size", 
      "job": "openethereum", 
      "instance": "172.17.0.1:3033"
    }, 
    "values": [
      [
        1633944104, 
        "5710944"
      ], 
      [
        1633944149, 
        "5710944"
      ], 
      [
        1633944164, 
        "5710944"
      ], 
      [
        1633944179, 
        "5710944"
      ], 
      [
        1633944194, 
        "5710944"
      ], 
      [
        1633944209, 
        "5711216"
      ], 
      [
        1633944224, 
        "5711640"
      ], 
      [
        1633944269, 
        "5536816"
      ], 
      [
        1633944284, 
        "5882208"
      ], 
      [
        1633944299, 
        "5883992"
      ], 
      [
        1633944329, 
        "5338720"
      ], 
      [
        1633944344, 
        "5339664"
      ], 
      [
        1633944359, 
        "5339664"
      ], 
      [
        1633944374, 
        "5626800"
      ], 
      [
        1633944389, 
        "5923232"
      ]
    ]
  }, 
  "kvdb_bytes_read": {
    "metric": {
      "instance": "172.17.0.1:3033", 
      "job": "openethereum"
    }, 
    "values": [
      [
        1633944089, 
        "722458.9362400001"
      ], 
      [
        1633944104, 
        "575016.3481333334"
      ], 
      [
        1633944149, 
        "487148.1"
      ], 
      [
        1633944164, 
        "0"
      ], 
      [
        1633944179, 
        "0"
      ], 
      [
        1633944194, 
        "487172.8"
      ], 
      [
        1633944209, 
        "953878.1"
      ], 
      [
        1633944224, 
        "439978.59119999997"
      ], 
      [
        1633944239, 
        "694113.55424"
      ], 
      [
        1633944269, 
        "250015.91144"
      ], 
      [
        1633944284, 
        "481604"
      ], 
      [
        1633944299, 
        "1285984.1"
      ], 
      [
        1633944314, 
        "45139.74789333333"
      ], 
      [
        1633944329, 
        "537817.6"
      ], 
      [
        1633944344, 
        "814803.87864"
      ], 
      [
        1633944359, 
        "0"
      ], 
      [
        1633944374, 
        "798361.9"
      ], 
      [
        1633944389, 
        "579927.7020800001"
      ]
    ]
  }, 
  "sync_blocks_highest": {
    "metric": {
      "instance": "172.17.0.1:3033", 
      "job": "openethereum"
    }, 
    "values": [
      [
        1633944089, 
        "0"
      ], 
      [
        1633944104, 
        "0"
      ], 
      [
        1633944149, 
        "0"
      ], 
      [
        1633944164, 
        "0"
      ], 
      [
        1633944179, 
        "0"
      ], 
      [
        1633944194, 
        "31.5"
      ], 
      [
        1633944209, 
        "0"
      ], 
      [
        1633944224, 
        "4.2568"
      ], 
      [
        1633944239, 
        "0"
      ], 
      [
        1633944269, 
        "0"
      ], 
      [
        1633944284, 
        "0"
      ], 
      [
        1633944299, 
        "0"
      ], 
      [
        1633944314, 
        "0"
      ], 
      [
        1633944329, 
        "0"
      ], 
      [
        1633944344, 
        "0"
      ], 
      [
        1633944359, 
        "0"
      ], 
      [
        1633944374, 
        "4.5"
      ], 
      [
        1633944389, 
        "2.1284"
      ]
    ]
  }, 
  "import_blocks": {
    "metric": {
      "instance": "172.17.0.1:3033", 
      "job": "openethereum"
    }, 
    "values": [
      [
        1633944089, 
        "0"
      ], 
      [
        1633944104, 
        "0"
      ], 
      [
        1633944149, 
        "0"
      ], 
      [
        1633944164, 
        "0"
      ], 
      [
        1633944179, 
        "0"
      ], 
      [
        1633944194, 
        "0"
      ], 
      [
        1633944209, 
        "3"
      ], 
      [
        1633944224, 
        "0"
      ], 
      [
        1633944239, 
        "3.7432000000000003"
      ], 
      [
        1633944269, 
        "0"
      ], 
      [
        1633944284, 
        "3"
      ], 
      [
        1633944299, 
        "1.5"
      ], 
      [
        1633944314, 
        "0"
      ], 
      [
        1633944329, 
        "1.5"
      ], 
      [
        1633944344, 
        "0"
      ], 
      [
        1633944359, 
        "0"
      ], 
      [
        1633944374, 
        "3"
      ], 
      [
        1633944389, 
        "6.3852"
      ]
    ]
  }, 
  "peer_stats": {
    "metric": {
      "__name__": "net_peers", 
      "job": "openethereum", 
      "instance": "172.17.0.1:3033"
    }, 
    "values": [
      [
        1633944104, 
        "3"
      ], 
      [
        1633944149, 
        "2"
      ], 
      [
        1633944164, 
        "0"
      ], 
      [
        1633944179, 
        "0"
      ], 
      [
        1633944194, 
        "2"
      ], 
      [
        1633944209, 
        "6"
      ], 
      [
        1633944224, 
        "2"
      ], 
      [
        1633944269, 
        "0"
      ], 
      [
        1633944284, 
        "0"
      ], 
      [
        1633944299, 
        "2"
      ], 
      [
        1633944329, 
        "7"
      ], 
      [
        1633944344, 
        "5"
      ], 
      [
        1633944359, 
        "1"
      ], 
      [
        1633944374, 
        "5"
      ], 
      [
        1633944389, 
        "3"
      ]
    ]
  }, 
  "sync_blocks_recieved": {
    "metric": {
      "instance": "172.17.0.1:3033", 
      "job": "openethereum"
    }, 
    "values": [
      [
        1633944089, 
        "0"
      ], 
      [
        1633944104, 
        "0"
      ], 
      [
        1633944149, 
        "0"
      ], 
      [
        1633944164, 
        "0"
      ], 
      [
        1633944179, 
        "0"
      ], 
      [
        1633944194, 
        "0"
      ], 
      [
        1633944209, 
        "31.5"
      ], 
      [
        1633944224, 
        "2.1284"
      ], 
      [
        1633944239, 
        "0"
      ], 
      [
        1633944269, 
        "0"
      ], 
      [
        1633944284, 
        "0"
      ], 
      [
        1633944299, 
        "0"
      ], 
      [
        1633944314, 
        "1001.306"
      ], 
      [
        1633944329, 
        "0"
      ], 
      [
        1633944344, 
        "0"
      ], 
      [
        1633944359, 
        "0"
      ], 
      [
        1633944374, 
        "7.5"
      ], 
      [
        1633944389, 
        "0"
      ]
    ]
  }, 
  "kvdb_bytes_write": {
    "metric": {
      "instance": "172.17.0.1:3033", 
      "job": "openethereum"
    },