{
  "stat": {
    "blockchaincache_size": {
      "max": 6593707.2, 
      "mean": 6176998.933333334, 
      "variance": 35842145782.32888, 
      "pvalue": 1.7888727333127833e-07, 
      "min": 6025959.199999999
    }, 
    "kvdb_bytes_read": {
      "max": 1027700.8999999999, 
      "mean": 542884.1859097437, 
      "variance": 127938598106.7525, 
      "pvalue": 0.0022496512011434618, 
      "min": 0.0
    }, 
    "sync_blocks_highest": {
      "max": 11.99999999999999, 
      "mean": 2.269230769230769, 
      "variance": 22.64158964828402, 
      "pvalue": 0.22991168151421448, 
      "min": 0.0
    }, 
    "import_blocks": {
      "max": 3.0770399999999967, 
      "mean": 0.5098769230769231, 
      "variance": 1.6461860279289942, 
      "pvalue": 0.024309747782157262, 
      "min": 0.0
    }, 
    "peer_stats": {
      "max": 5.0, 
      "mean": 1.7333333333333334, 
      "variance": 2.328888888888888, 
      "pvalue": 1.0123196775008158e-11, 
      "min": 0.0
    }, 
    "sync_blocks_recieved": {
      "max": 13.199999999999985, 
      "mean": 2.3560307692307694, 
      "variance": 30.278356442130175, 
      "pvalue": 0.08655671564267892, 
      "min": 0.0
    }, 
    "kvdb_bytes_write": {
      "max": 494540.6459359991, 
      "mean": 85422.20076102564, 
      "variance": 54306062018.34138, 
      "pvalue": 0.002167930761760653, 
      "min": 0.0
    }
  }, 
  "blockchaincache_size": {
    "metric": {
      "__name__": "blockchaincache_size", 
      "job": "openethereum", 
      "instance": "172.17.0.1:3033"
    }, 
    "values": [
      [
        1633952814, 
        "6025864"
      ], 
      [
        1633952829, 
        "6026000"
      ], 
      [
        1633952874, 
        "6111016"
      ], 
      [
        1633952904, 
        "6111016"
      ], 
      [
        1633952949, 
        "6111016"
      ], 
      [
        1633952979, 
        "6111016"
      ], 
      [
        1633952994, 
        "6111016"
      ], 
      [
        1633953009, 
        "6111016"
      ], 
      [
        1633953024, 
        "6111016"
      ], 
      [
        1633953039, 
        "6111016"
      ], 
      [
        1633953054, 
        "6532368"
      ], 
      [
        1633953069, 
        "6077264"
      ], 
      [
        1633953084, 
        "6736832"
      ], 
      [
        1633953099, 
        "6123408"
      ], 
      [
        1633953114, 
        "6245120"
      ]
    ]
  }, 
  "kvdb_bytes_read": {
    "metric": {
      "instance": "172.17.0.1:3033", 
      "job": "openethereum"
    }, 
    "values": [
      [
        1633952814, 
        "755547.2"
      ], 
      [
        1633952844, 
        "772641.0240800001"
      ], 
      [
        1633952859, 
        "724614.5203466668"
      ], 
      [
        1633952904, 
        "1054830.2"
      ], 
      [
        1633952979, 
        "416213"
      ], 
      [
        1633952994, 
        "0"
      ], 
      [
        1633953009, 
        "0"
      ], 
      [
        1633953024, 
        "0"
      ], 
      [
        1633953039, 
        "517723"
      ], 
      [
        1633953054, 
        "459444.9376"
      ], 
      [
        1633953069, 
        "438550.4348"
      ], 
      [
        1633953099, 
        "908315.4"
      ], 
      [
        1633953114, 
        "1009614.7"
      ]
    ]
  }, 
  "sync_blocks_highest": {
    "metric": {
      "instance": "172.17.0.1:3033", 
      "job": "openethereum"
    }, 
    "values": [
      [
        1633952814, 
        "0"
      ], 
      [
        1633952844, 
        "1.8716000000000002"
      ], 
      [
        1633952859, 
        "0"
      ], 
      [
        1633952904, 
        "0"
      ], 
      [
        1633952979, 
        "0"
      ], 
      [
        1633952994, 
        "0"
      ], 
      [
        1633953009, 
        "0"
      ], 
      [
        1633953024, 
        "0"
      ], 
      [
        1633953039, 
        "16.5"
      ], 
      [
        1633953054, 
        "2.1284"
      ], 
      [
        1633953069, 
        "0"
      ], 
      [
        1633953099, 
        "9"
      ], 
      [
        1633953114, 
        "0"
      ]
    ]
  }, 
  "import_blocks": {
    "metric": {
      "instance": "172.17.0.1:3033", 
      "job": "openethereum"
    }, 
    "values": [
      [
        1633952814, 
        "0"
      ], 
      [
        1633952844, 
        "0"
      ], 
      [
        1633952859, 
        "0"
      ], 
      [
        1633952904, 
        "0"
      ], 
      [
        1633952979, 
        "0"
      ], 
      [
        1633952994, 
        "0"
      ], 
      [
        1633953009, 
        "0"
      ], 
      [
        1633953024, 
        "0"
      ], 
      [
        1633953039, 
        "0"
      ], 
      [
        1633953054, 
        "0"
      ], 
      [
        1633953069, 
        "2.1284"
      ], 
      [
        1633953099, 
        "0"
      ], 
      [
        1633953114, 
        "4.5"
      ]
    ]
  }, 
  "peer_stats": {
    "metric": {
      "__name__": "net_peers", 
      "job": "openethereum", 
      "instance": "172.17.0.1:3033"
    }, 
    "values": [
      [
        1633952814, 
        "5"
      ], 
      [
        1633952829, 
        "5"
      ], 
      [
        1633952874, 
        "3"
      ], 
      [
        1633952904, 
        "2"
      ], 
      [
        1633952949, 
        "1"
      ], 
      [
        1633952979, 
        "1"
      ], 
      [
        1633952994, 
        "0"
      ], 
      [
        1633953009, 
        "0"
      ], 
      [
        1633953024, 
        "0"
      ], 
      [
        1633953039, 
        "2"
      ], 
      [
        1633953054, 
        "1"
      ], 
      [
        1633953069, 
        "1"
      ], 
      [
        1633953084, 
        "1"
      ], 
      [
        1633953099, 
        "2"
      ], 
      [
        1633953114, 
        "2"
      ]
    ]
  }, 
  "sync_blocks_recieved": {
    "metric": {
      "instance": "172.17.0.1:3033", 
      "job": "openethereum"
    }, 
    "values": [
      [
        1633952814, 
        "0"
      ], 
      [
        1633952844, 
        "0"
      ], 
      [
        1633952859, 
        "0"
      ], 
      [
        1633952904, 
        "0"
      ], 
      [
        1633952979, 
        "0"
      ], 
      [
        1633952994, 
        "0"
      ], 
      [
        1633953009, 
        "0"
      ], 
      [
        1633953024, 
        "0"
      ], 
      [
        1633953039, 
        "19.5"
      ], 
      [
        1633953054, 
        "2.1284"
      ], 
      [
        1633953069, 
        "0"
      ], 
      [
        1633953099, 
        "9"
      ], 
      [
        1633953114, 
        "0"
      ]
    ]
  }, 
  "kvdb_bytes_write": {
    "metric": {
      "instance": "172.17.0.1:3033", 
      "job": "openethereum"
    }, 
    "values": [
      [
        1633952814, 
        "0"
      ], 
      [
        1633952844, 
        "0"
      ], 
      [
        1633952859, 
        "0"
      ], 
      [
        1633952904, 
        "0"
      ], 
      [
        1633952979, 
        "0"
      ], 
      [
        1633952994, 
        "0"
      ], 
      [
        1633953009, 
        "0"
      ], 
      [
        1633953024, 
        "0"
      ], 
      [
        1633953039, 
        "0"
      ], 
      [
        1633953054, 
        "0"
      ], 
      [
        1633953069, 
        "251726.00989333336"
      ], 
      [
        1633953099, 
        "0"
      ], 
      [
        1633953114, 
        "858762.6"
      ]
    ]
  }
}