{
  "stat": {
    "blockchaincache_size": {
      "max": 6025864.0, 
      "mean": 4963589.0, 
      "variance": 335460126047.0, 
      "pvalue": 0.2090780475865101, 
      "min": 4497824.0
    }, 
    "kvdb_bytes_read": {
      "max": 926570.1386266663, 
      "mean": 445263.1406264204, 
      "variance": 131091388362.45491, 
      "pvalue": 0.04678110734189964, 
      "min": 0.0
    }, 
    "sync_blocks_highest": {
      "max": 7.649999999999973, 
      "mean": 1.7, 
      "variance": 40.46, 
      "pvalue": 0.0010276867806153522, 
      "min": 0.0
    }, 
    "import_blocks": {
      "max": 1.6285199999999995, 
      "mean": 0.32856, 
      "variance": 0.4399634304, 
      "pvalue": 0.01366982866703027, 
      "min": 0.0
    }, 
    "peer_stats": {
      "max": 5.25, 
      "mean": 2.125, 
      "variance": 3.734375, 
      "pvalue": 2.2412321003544014e-12, 
      "min": 0.0
    }, 
    "sync_blocks_recieved": {
      "max": 7.649999999999973, 
      "mean": 1.7, 
      "variance": 40.46, 
      "pvalue": 0.001043653901919244, 
      "min": 0.0
    }, 
    "kvdb_bytes_write": {
      "max": 376336.0937679998, 
      "mean": 70736.20750399999, 
      "variance": 23599426301.626953, 
      "pvalue": 0.0012904700603812423, 
      "min": 0.0
    }
  }, 
  "blockchaincache_size": {
    "metric": {
      "__name__": "blockchaincache_size", 
      "job": "openethereum", 
      "instance": "172.17.0.1:3033"
    }, 
    "values": [
      [
        1633952528, 
        "4497824"
      ], 
      [
        1633952543, 
        "4497824"
      ], 
      [
        1633952618, 
        "4497824"
      ], 
      [
        1633952633, 
        "4497824"
      ], 
      [
        1633952648, 
        "4497824"
      ], 
      [
        1633952663, 
        "4497824"
      ], 
      [
        1633952678, 
        "4497960"
      ], 
      [
        1633952693, 
        "4498368"
      ], 
      [
        1633952708, 
        "4499048"
      ], 
      [
        1633952723, 
        "5073168"
      ], 
      [
        1633952738, 
        "5073576"
      ], 
      [
        1633952753, 
        "5578600"
      ], 
      [
        1633952768, 
        "5578736"
      ], 
      [
        1633952783, 
        "5579296"
      ], 
      [
        1633952798, 
        "6025864"
      ], 
      [
        1633952813, 
        "6025864"
      ]
    ]
  }, 
  "kvdb_bytes_read": {
    "metric": {
      "instance": "172.17.0.1:3033", 
      "job": "openethereum"
    }, 
    "values": [
      [
        1633952513, 
        "813827.3694666667"
      ], 
      [
        1633952528, 
        "1189636.6"
      ], 
      [
        1633952618, 
        "20492.882729637782"
      ], 
      [
        1633952633, 
        "0"
      ], 
      [
        1633952648, 
        "0"
      ], 
      [
        1633952663, 
        "0"
      ], 
      [
        1633952678, 
        "736255.1"
      ], 
      [
        1633952693, 
        "378612.15687999997"
      ], 
      [
        1633952708, 
        "388104.51303999993"
      ], 
      [
        1633952738, 
        "714456.25856"
      ], 
      [
        1633952753, 
        "0"
      ], 
      [
        1633952768, 
        "594349.9"
      ], 
      [
        1633952783, 
        "534165.1287199999"
      ], 
      [
        1633952798, 
        "553500"
      ], 
      [
        1633952813, 
        "755547.2"
      ]
    ]
  }, 
  "sync_blocks_highest": {
    "metric": {
      "instance": "172.17.0.1:3033", 
      "job": "openethereum"
    }, 
    "values": [
      [
        1633952513, 
        "0"
      ], 
      [
        1633952528, 
        "0"
      ], 
      [
        1633952618, 
        "0"
      ], 
      [
        1633952633, 
        "0"
      ], 
      [
        1633952648, 
        "0"
      ], 
      [
        1633952663, 
        "0"
      ], 
      [
        1633952678, 
        "25.5"
      ], 
      [
        1633952693, 
        "0"
      ], 
      [
        1633952708, 
        "0"
      ], 
      [
        1633952738, 
        "0"
      ], 
      [
        1633952753, 
        "0"
      ], 
      [
        1633952768, 
        "0"
      ], 
      [
        1633952783, 
        "0"
      ], 
      [
        1633952798, 
        "0"
      ], 
      [
        1633952813, 
        "0"
      ]
    ]
  }, 
  "import_blocks": {
    "metric": {
      "instance": "172.17.0.1:3033", 
      "job": "openethereum"
    }, 
    "values": [
      [
        1633952513, 
        "0"
      ], 
      [
        1633952528, 
        "0"
      ], 
      [
        1633952618, 
        "0"
      ], 
      [
        1633952633, 
        "0"
      ], 
      [
        1633952648, 
        "0"
      ], 
      [
        1633952663, 
        "0"
      ], 
      [
        1633952678, 
        "1.5"
      ], 
      [
        1633952693, 
        "0"
      ], 
      [
        1633952708, 
        "0"
      ], 
      [
        1633952738, 
        "0"
      ], 
      [
        1633952753, 
        "0"
      ], 
      [
        1633952768, 
        "1.5"
      ], 
      [
        1633952783, 
        "1.9284"
      ], 
      [
        1633952798, 
        "0"
      ], 
      [
        1633952813, 
        "0"
      ]
    ]
  }, 
  "peer_stats": {
    "metric": {
      "__name__": "net_peers", 
      "job": "openethereum", 
      "instance": "172.17.0.1:3033"
    }, 
    "values": [
      [
        1633952528, 
        "3"
      ], 
      [
        1633952543, 
        "3"
      ], 
      [
        1633952618, 
        "0"
      ], 
      [
        1633952633, 
        "0"
      ], 
      [
        1633952648, 
        "0"
      ], 
      [
        1633952663, 
        "0"
      ], 
      [
        1633952678, 
        "6"
      ], 
      [
        1633952693, 
        "5"
      ], 
      [
        1633952708, 
        "2"
      ], 
      [
        1633952723, 
        "1"
      ], 
      [
        1633952738, 
        "1"
      ], 
      [
        1633952753, 
        "1"
      ], 
      [
        1633952768, 
        "4"
      ], 
      [
        1633952783, 
        "2"
      ], 
      [
        1633952798, 
        "1"
      ], 
      [
        1633952813, 
        "5"
      ]
    ]
  }, 
  "sync_blocks_recieved": {
    "metric": {
      "instance": "172.17.0.1:3033", 
      "job": "openethereum"
    }, 
    "values": [
      [
        1633952513, 
        "0"
      ], 
      [
        1633952528, 
        "0"
      ], 
      [
        1633952618, 
        "0"
      ], 
      [
        1633952633, 
        "0"
      ], 
      [
        1633952648, 
        "0"
      ], 
      [
        1633952663, 
        "0"
      ], 
      [
        1633952678, 
        "25.5"
      ], 
      [
        1633952693, 
        "0"
      ], 
      [
        1633952708, 
        "0"
      ], 
      [
        1633952738, 
        "0"
      ], 
      [
        1633952753, 
        "0"
      ], 
      [
        1633952768, 
        "0"
      ], 
      [
        1633952783, 
        "0"
      ], 
      [
        1633952798, 
        "0"
      ], 
      [
        1633952813, 
        "0"
      ]
    ]
  }, 
  "kvdb_bytes_write": {
    "metric": {
      "instance": "172.17.0.1:3033", 
      "job": "openethereum"
    },