{
  "known_broadcasts": {
    "values": [
      [
        1633861425, 
        1.1162445444895859
      ], 
      [
        1633861440, 
        0.8803479454386917
      ], 
      [
        1633861455, 
        0.7212763833556157
      ], 
      [
        1633861470, 
        0.5863902911635333
      ], 
      [
        1633861485, 
        0.5066238730165892
      ], 
      [
        1633861500, 
        0.42486490253576686
      ], 
      [
        1633861515, 
        0.3585275268355902
      ], 
      [
        1633861530, 
        0.2801915990084206
      ], 
      [
        1633861545, 
        0.24688301327221313
      ], 
      [
        1633861560, 
        0.23487076915585375
      ], 
      [
        1633861575, 
        0.18228424118163156
      ], 
      [
        1633861590, 
        0.17997918653835854
      ], 
      [
        1633861605, 
        0.19115105541551733
      ], 
      [
        1633861620, 
        0.14938579567861607
      ], 
      [
        1633861635, 
        0.11593897574593992
      ], 
      [
        1633861650, 
        0.0906070652046477
      ], 
      [
        1633861665, 
        0.07032054344559197
      ], 
      [
        1633861680, 
        0.15158046574399042
      ], 
      [
        1633861695, 
        0.1690597449906534
      ], 
      [
        1633861710, 
        0.1468338305440814
      ]
    ], 
    "name": "geth.eth/fetcher/block/broadcasts/drop.meter", 
    "columns": [
      "time", 
      "mean"
    ]
  }, 
  "memory_used": {
    "values": [
      [
        1633861425, 
        2145138384
      ], 
      [
        1633861440, 
        2129377068
      ], 
      [
        1633861455, 
        2026941032
      ], 
      [
        1633861470, 
        2032796116
      ], 
      [
        1633861485, 
        2040554840
      ], 
      [
        1633861500, 
        2048515156
      ], 
      [
        1633861515, 
        2077860816
      ], 
      [
        1633861530, 
        2118848112
      ], 
      [
        1633861545, 
        2132686240
      ], 
      [
        1633861560, 
        2140266240
      ], 
      [
        1633861575, 
        1485880568
      ], 
      [
        1633861590, 
        1491753816
      ], 
      [
        1633861605, 
        1501405720
      ], 
      [
        1633861620, 
        1505846536
      ], 
      [
        1633861635, 
        1510608768
      ], 
      [
        1633861650, 
        1514450504
      ], 
      [
        1633861665, 
        1536995376
      ], 
      [
        1633861680, 
        1618544228
      ], 
      [
        1633861695, 
        1704271128
      ], 
      [
        1633861710, 
        1785608492
      ]
    ], 
    "name": "geth.system/memory/used.gauge", 
    "columns": [
      "time", 
      "mean"
    ]
  }, 
  "stat": {
    "known_broadcasts": {
      "max": 0.8921427753912365, 
      "mean": 0.3401680876380443, 
      "variance": 0.07776765741161148, 
      "pvalue": 1.2951352156644014e-07, 
      "min": 0.08959273911669492
    }, 
    "memory_used": {
      "max": 2140509847.2, 
      "mean": 1827417457.0, 
      "variance": 7.446780945554776e+16, 
      "pvalue": 0.35395130098290106, 
      "min": 1491460153.6
    }, 
    "disk_write": {
      "max": 2673769.943695494, 
      "mean": 755053.6904925643, 
      "variance": 848014438574.3206, 
      "pvalue": 1.9456760706597988e-11, 
      "min": 36756.199316922924
    }, 
    "disk_read": {
      "max": 22301600.282074418, 
      "mean": 7679078.135158846, 
      "variance": 55758394414902.414, 
      "pvalue": 3.139793916915589e-10, 
      "min": 741606.5078732971
    }, 
    "traffic_egress": {
      "max": 331491.073759359, 
      "mean": 109701.87241631646, 
      "variance": 12186400763.543592, 
      "pvalue": 6.047455890655671e-14, 
      "min": 10447.590858774582
    }, 
    "peer_stats": {
      "max": 26.100000000000016, 
      "mean": 22.3, 
      "variance": 36.06000000000001, 
      "pvalue": 1.2321009613660752e-16, 
      "min": 18.0
    }, 
    "traffic_ingress": {
      "max": 167077.4095895479, 
      "mean": 73779.87850582204, 
      "variance": 2761981259.453891, 
      "pvalue": 1.2714667946055651e-11, 
      "min": 17916.294941857548
    }, 
    "known_announcements": {
      "max": 1.8426923088238512, 
      "mean": 0.727191499434214, 
      "variance": 0.3173533696162116, 
      "pvalue": 9.652576365324863e-12, 
      "min": 0.19964610528372095
    }
  }, 
  "disk_write": {
    "values": [
      [
        1633861425, 
        15188.734068809556
      ], 
      [
        1633861440, 
        3249136.0790828355
      ], 
      [
        1633861455, 
        2643487.5155172125
      ], 
      [
        1633861470, 
        2065908.7329921585
      ], 
      [
        1633861485, 
        1603391.3393213456
      ], 
      [
        1633861500, 
        1253090.849317722
      ], 
      [
        1633861515, 
        972559.864414503
      ], 
      [
        1633861530, 
        760061.8729246805
      ], 
      [
        1633861545, 
        589900.2810048368
      ], 
      [
        1633861560, 
        461029.0752308505
      ], 
      [
        1633861575, 
        357812.1442320625
      ], 
      [
        1633861590, 
        279632.52284109144
      ], 
      [
        1633861605, 
        217060.6995477826
      ], 
      [
        1633861620, 
        169634.35144010326
      ], 
      [
        1633861635, 
        131653.96929440234
      ], 
      [
        1633861650, 
        102888.43508889058
      ], 
      [
        1633861665, 
        79852.16884992064
      ], 
      [
        1633861680, 
        62416.55446609221
      ], 
      [
        1633861695, 
        48477.29114916237
      ], 
      [
        1633861710, 
        37891.32906682362
      ]
    ], 
    "name": "geth.eth/db/chaindata/disk/write.meter", 
    "columns": [
      "time", 
      "mean"
    ]
  }, 
  "disk_read": {
    "values": [
      [
        1633861425, 
        19384249.65068526
      ], 
      [
        1633861440, 
        17750639.129993103
      ], 
      [
        1633861455, 
        14481096.646217156
      ], 
      [
        1633861470, 
        11317071.412928635
      ], 
      [
        1633861485, 
        8783229.102192497
      ], 
      [
        1633861500, 
        6864150.790098593
      ], 
      [
        1633861515, 
        5339989.027861438
      ], 
      [
        1633861530, 
        4216135.158766593
      ], 
      [
        1633861545, 
        3358224.1937171705
      ], 
      [
        1633861560, 
        2624474.0953959366
      ], 
      [
        1633861575, 
        2036865.9356782022
      ], 
      [
        1633861590, 
        1591824.0044792145
      ], 
      [
        1633861605, 
        1235488.5305558117
      ], 
      [
        1633861620, 
        966104.2881261902
      ], 
      [
        1633861635, 
        749797.8045388189
      ], 
      [
        1633861650, 
        585971.8712283825
      ], 
      [
        1633861665, 
        798554.0549739515
      ], 
      [
        1633861680, 
        6145749.750850109
      ], 
      [
        1633861695, 
        22260003.243699912
      ], 
      [
        1633861710, 
        23091944.011189952
      ]
    ], 
    "name": "geth.eth/db/chaindata/disk/read.meter", 
    "columns": [
      "time", 
      "mean"
    ]
  },