{
  "known_broadcasts": {
    "values": [
      [
        1633861125, 
        0.5509431149904188
      ], 
      [
        1633861140, 
        0.5185167791724387
      ], 
      [
        1633861155, 
        0.49777450094927417
      ], 
      [
        1633861170, 
        0.6630392143161135
      ], 
      [
        1633861185, 
        0.7084078139277764
      ], 
      [
        1633861200, 
        0.5536253237969779
      ], 
      [
        1633861215, 
        0.5895822294685521
      ], 
      [
        1633861230, 
        0.7069715905388909
      ], 
      [
        1633861245, 
        0.754066501769354
      ], 
      [
        1633861260, 
        0.7534869171152168
      ], 
      [
        1633861275, 
        0.5847845239332158
      ], 
      [
        1633861290, 
        0.724216501612895
      ], 
      [
        1633861305, 
        0.7626283774652355
      ], 
      [
        1633861320, 
        0.7435844600152546
      ], 
      [
        1633861335, 
        0.7230013481003092
      ], 
      [
        1633861350, 
        0.7494951657885913
      ], 
      [
        1633861365, 
        0.949893758039325
      ], 
      [
        1633861380, 
        1.0732534870228783
      ], 
      [
        1633861395, 
        1.13914326851492
      ], 
      [
        1633861410, 
        1.1404332644095865
      ]
    ], 
    "name": "geth.eth/fetcher/block/broadcasts/drop.meter", 
    "columns": [
      "time", 
      "mean"
    ]
  }, 
  "memory_used": {
    "values": [
      [
        1633861125, 
        1944789232
      ], 
      [
        1633861140, 
        1849614956
      ], 
      [
        1633861155, 
        1880862520
      ], 
      [
        1633861170, 
        1875409824
      ], 
      [
        1633861185, 
        1899003624
      ], 
      [
        1633861200, 
        1835414824
      ], 
      [
        1633861215, 
        1904290064
      ], 
      [
        1633861230, 
        1861264700
      ], 
      [
        1633861245, 
        1886856032
      ], 
      [
        1633861260, 
        1851387252
      ], 
      [
        1633861275, 
        1876071152
      ], 
      [
        1633861290, 
        1863665036
      ], 
      [
        1633861305, 
        1851068808
      ], 
      [
        1633861320, 
        1816115268
      ], 
      [
        1633861335, 
        1855082248
      ], 
      [
        1633861350, 
        2092488032
      ], 
      [
        1633861365, 
        1710390320
      ], 
      [
        1633861380, 
        1865800144
      ], 
      [
        1633861395, 
        2058114040
      ], 
      [
        1633861410, 
        1957695136
      ]
    ], 
    "name": "geth.system/memory/used.gauge", 
    "columns": [
      "time", 
      "mean"
    ]
  }, 
  "stat": {
    "known_broadcasts": {
      "max": 1.1392077683096533, 
      "mean": 0.7443424070473613, 
      "variance": 0.03544332351081152, 
      "pvalue": 0.04646740239237347, 
      "min": 0.5174796652612804
    }, 
    "memory_used": {
      "max": 2059832739.6000001, 
      "mean": 1886769160.6, 
      "variance": 6304239499806356.0, 
      "pvalue": 0.008742409473760857, 
      "min": 1810829020.6
    }, 
    "disk_write": {
      "max": 19801.56409329577, 
      "mean": 15486.504329444064, 
      "variance": 6579369.070047558, 
      "pvalue": 0.22846559988824022, 
      "min": 12309.945100295901
    }, 
    "disk_read": {
      "max": 27094762.513186097, 
      "mean": 24501887.50714543, 
      "variance": 5017789564991.711, 
      "pvalue": 0.00010657035896949912, 
      "min": 20163297.372421272
    }, 
    "traffic_egress": {
      "max": 31832.60940771611, 
      "mean": 27157.33346812427, 
      "variance": 1445238187.1213653, 
      "pvalue": 1.568360181842295e-13, 
      "min": 13770.331597285423
    }, 
    "peer_stats": {
      "max": 46.1, 
      "mean": 44.975, 
      "variance": 1.5118749999999996, 
      "pvalue": 1.2320928975701614e-16, 
      "min": 43.0
    }, 
    "traffic_ingress": {
      "max": 144621.51630049513, 
      "mean": 129664.9416787372, 
      "variance": 117324720.81247625, 
      "pvalue": 1.7409069422210936e-13, 
      "min": 115757.63738768667
    }, 
    "known_announcements": {
      "max": 2.2607942564501857, 
      "mean": 1.2876037430679195, 
      "variance": 0.17805292197985484, 
      "pvalue": 8.859436029254609e-09, 
      "min": 0.7659689595126508
    }
  }, 
  "disk_write": {
    "values": [
      [
        1633861125, 
        16208.58297076353
      ], 
      [
        1633861140, 
        14512.51627401282
      ], 
      [
        1633861155, 
        15889.127234944694
      ], 
      [
        1633861170, 
        17336.813510176566
      ], 
      [
        1633861185, 
        19773.52341805815
      ], 
      [
        1633861200, 
        19297.8344454314
      ], 
      [
        1633861215, 
        20334.336922810526
      ], 
      [
        1633861230, 
        16682.592928397593
      ], 
      [
        1633861245, 
        13999.403135552931
      ], 
      [
        1633861260, 
        12571.189944702688
      ], 
      [
        1633861275, 
        11712.31368810073
      ], 
      [
        1633861290, 
        12341.399385148277
      ], 
      [
        1633861305, 
        12633.980848849173
      ], 
      [
        1633861320, 
        12868.623514415991
      ], 
      [
        1633861335, 
        12425.485490827346
      ], 
      [
        1633861350, 
        18330.992610032583
      ], 
      [
        1633861365, 
        16632.70714743013
      ], 
      [
        1633861380, 
        15525.716379956073
      ], 
      [
        1633861395, 
        15203.39470016459
      ], 
      [
        1633861410, 
        15449.55203910542
      ]
    ], 
    "name": "geth.eth/db/chaindata/disk/write.meter", 
    "columns": [
      "time", 
      "mean"
    ]
  }, 
  "disk_read": {
    "values": [
      [
        1633861125, 
        24320692.122851536
      ], 
      [
        1633861140, 
        22761745.955697425
      ], 
      [
        1633861155, 
        24047246.182137452
      ], 
      [
        1633861170, 
        24241017.46895678
      ], 
      [
        1633861185, 
        24875488.21414994
      ], 
      [
        1633861200, 
        23726674.43660962
      ], 
      [
        1633861215, 
        25214808.7354887
      ], 
      [
        1633861230, 
        25181221.05026631
      ], 
      [
        1633861245, 
        26493215.99219418
      ], 
      [
        1633861260, 
        26087492.672032155
      ], 
      [
        1633861275, 
        27356382.226642117
      ], 
      [
        1633861290, 
        27080993.054583147
      ], 
      [
        1633861305, 
        26875931.996826958
      ], 
      [
        1633861320, 
        25844187.157950528
      ], 
      [
        1633861335, 
        26723620.336760923
      ], 
      [
        1633861350, 
        25404511.40672104
      ], 
      [
        1633861365, 
        23374217.629395843
      ], 
      [
        1633861380, 
        21231146.634288285
      ], 
      [
        1633861395, 
        20226043.92105943
      ], 
      [
        1633861410, 
        18971112.948296238
      ]
    ], 
    "name": "geth.eth/db/chaindata/disk/read.meter", 
    "columns": [
      "time", 
      "mean"
    ]
  },