{
  "stat": {
    "blockchaincache_size": {
      "max": 5824207.6, 
      "mean": 5542729.0, 
      "variance": 31412166199.0, 
      "pvalue": 0.0015279002344747651, 
      "min": 5475680.0
    }, 
    "kvdb_bytes_read": {
      "max": 1211066.975, 
      "mean": 497123.2333333334, 
      "variance": 283095733455.32227, 
      "pvalue": 0.46818237082147124, 
      "min": 0.0
    }, 
    "sync_blocks_highest": {
      "max": 0.0, 
      "mean": 0.0, 
      "variance": 0.0, 
      "pvalue": 0.007373497417962655, 
      "min": 0.0
    }, 
    "import_blocks": {
      "max": 6.75, 
      "mean": 2.0, 
      "variance": 8.75, 
      "pvalue": 0.4471765981408445, 
      "min": 0.0
    }, 
    "peer_stats": {
      "max": 5.299999999999999, 
      "mean": 1.5, 
      "variance": 4.75, 
      "pvalue": 3.990860189600674e-08, 
      "min": 0.0
    }, 
    "sync_blocks_recieved": {
      "max": 3.375, 
      "mean": 0.75, 
      "variance": 2.8125, 
      "pvalue": 0.09954262623902355, 
      "min": 0.0
    }, 
    "kvdb_bytes_write": {
      "max": 1216300.475, 
      "mean": 388896.81666666665, 
      "variance": 305763007467.6013, 
      "pvalue": 0.45385848069313683, 
      "min": 0.0
    }
  }, 
  "blockchaincache_size": {
    "metric": {
      "__name__": "blockchaincache_size", 
      "job": "openethereum", 
      "instance": "172.17.0.1:3033"
    }, 
    "values": [
      [
        1634254788, 
        "5475680"
      ], 
      [
        1634254908, 
        "5475680"
      ], 
      [
        1634254923, 
        "5475680"
      ], 
      [
        1634254938, 
        "5475680"
      ], 
      [
        1634254953, 
        "5475680"
      ], 
      [
        1634254968, 
        "5475680"
      ], 
      [
        1634254983, 
        "5476104"
      ], 
      [
        1634255043, 
        "6011648"
      ]
    ]
  }, 
  "kvdb_bytes_read": {
    "metric": {
      "instance": "172.17.0.1:3033", 
      "job": "openethereum"
    }, 
    "values": [
      [
        1634254923, 
        "0"
      ], 
      [
        1634254938, 
        "0"
      ], 
      [
        1634254953, 
        "0"
      ], 
      [
        1634254968, 
        "621546.7"
      ], 
      [
        1634254983, 
        "1241537.6"
      ], 
      [
        1634255043, 
        "1119655.1"
      ]
    ]
  }, 
  "sync_blocks_highest": {
    "metric": {
      "instance": "172.17.0.1:3033", 
      "job": "openethereum"
    }, 
    "values": [
      [
        1634254923, 
        "0"
      ], 
      [
        1634254938, 
        "0"
      ], 
      [
        1634254953, 
        "0"
      ], 
      [
        1634254968, 
        "0"
      ], 
      [
        1634254983, 
        "0"
      ], 
      [
        1634255043, 
        "0"
      ]
    ]
  }, 
  "import_blocks": {
    "metric": {
      "instance": "172.17.0.1:3033", 
      "job": "openethereum"
    }, 
    "values": [
      [
        1634254923, 
        "0"
      ], 
      [
        1634254938, 
        "0"
      ], 
      [
        1634254953, 
        "0"
      ], 
      [
        1634254968, 
        "0"
      ], 
      [
        1634254983, 
        "4.5"
      ], 
      [
        1634255043, 
        "7.5"
      ]
    ]
  }, 
  "peer_stats": {
    "metric": {
      "__name__": "net_peers", 
      "job": "openethereum", 
      "instance": "172.17.0.1:3033"
    }, 
    "values": [
      [
        1634254788, 
        "2"
      ], 
      [
        1634254908, 
        "0"
      ], 
      [
        1634254923, 
        "0"
      ], 
      [
        1634254938, 
        "0"
      ], 
      [
        1634254953, 
        "0"
      ], 
      [
        1634254968, 
        "0"
      ], 
      [
        1634254983, 
        "6"
      ], 
      [
        1634255043, 
        "4"
      ]
    ]
  }, 
  "sync_blocks_recieved": {
    "metric": {
      "instance": "172.17.0.1:3033", 
      "job": "openethereum"
    }, 
    "values": [
      [
        1634254923, 
        "0"
      ], 
      [
        1634254938, 
        "0"
      ], 
      [
        1634254953, 
        "0"
      ], 
      [
        1634254968, 
        "0"
      ], 
      [
        1634254983, 
        "4.5"
      ], 
      [
        1634255043, 
        "0"
      ]
    ]
  }, 
  "kvdb_bytes_write": {
    "metric": {
      "instance": "172.17.0.1:3033", 
      "job": "openethereum"
    }, 
    "values": [
      [
        1634254923, 
        "0"
      ], 
      [
        1634254938, 
        "0"
      ], 
      [
        1634254953, 
        "0"
      ], 
      [
        1634254968, 
        "0"
      ], 
      [
        1634254983, 
        "1067470.4"
      ], 
      [
        1634255043, 
        "1265910.5"
      ]
    ]
  }
}