{
  "stat": {
    "blockchaincache_size": {
      "max": 6452188.799999999, 
      "mean": 5995133.647058823, 
      "variance": 145247158164.81662, 
      "pvalue": 0.03518370290522584, 
      "min": 5379763.2
    }, 
    "kvdb_bytes_read": {
      "max": 1190719.0499999998, 
      "mean": 345643.0690484065, 
      "variance": 224396135524.7742, 
      "pvalue": 0.09959642133498764, 
      "min": 0.0
    }, 
    "sync_blocks_highest": {
      "max": 5.8753, 
      "mean": 1.093825, 
      "variance": 12.508846959375001, 
      "pvalue": 0.004462074151211195, 
      "min": 0.0
    }, 
    "import_blocks": {
      "max": 4.5, 
      "mean": 0.7508609597335756, 
      "variance": 2.251302558375306, 
      "pvalue": 0.048968581170519214, 
      "min": 0.0
    }, 
    "peer_stats": {
      "max": 4.599999999999998, 
      "mean": 1.588235294117647, 
      "variance": 3.653979238754326, 
      "pvalue": 3.682891058016073e-15, 
      "min": 0.0
    }, 
    "sync_blocks_recieved": {
      "max": 216.3759, 
      "mean": 52.281325, 
      "variance": 39510.055856334366, 
      "pvalue": 0.005663857736896763, 
      "min": 0.0
    }, 
    "kvdb_bytes_write": {
      "max": 778231.4750000001, 
      "mean": 152216.7688515491, 
      "variance": 80993576049.61006, 
      "pvalue": 0.048672756424840105, 
      "min": 0.0
    }
  }, 
  "blockchaincache_size": {
    "metric": {
      "__name__": "blockchaincache_size", 
      "job": "openethereum", 
      "instance": "172.17.0.1:3033"
    }, 
    "values": [
      [
        1634254458, 
        "6183048"
      ], 
      [
        1634254473, 
        "6183048"
      ], 
      [
        1634254488, 
        "6183048"
      ], 
      [
        1634254503, 
        "6183048"
      ], 
      [
        1634254518, 
        "6183048"
      ], 
      [
        1634254533, 
        "6183048"
      ], 
      [
        1634254548, 
        "6183048"
      ], 
      [
        1634254578, 
        "6184560"
      ], 
      [
        1634254608, 
        "6849552"
      ], 
      [
        1634254638, 
        "5381312"
      ], 
      [
        1634254653, 
        "5381312"
      ], 
      [
        1634254683, 
        "5373568"
      ], 
      [
        1634254698, 
        "5777608"
      ], 
      [
        1634254713, 
        "5778160"
      ], 
      [
        1634254728, 
        "5778160"
      ], 
      [
        1634254743, 
        "5778856"
      ], 
      [
        1634254758, 
        "6352848"
      ]
    ]
  }, 
  "kvdb_bytes_read": {
    "metric": {
      "instance": "172.17.0.1:3033", 
      "job": "openethereum"
    }, 
    "values": [
      [
        1634254458, 
        "356175.1942678373"
      ], 
      [
        1634254473, 
        "234504.2"
      ], 
      [
        1634254488, 
        "0"
      ], 
      [
        1634254503, 
        "0"
      ], 
      [
        1634254518, 
        "0"
      ], 
      [
        1634254533, 
        "0"
      ], 
      [
        1634254548, 
        "28304.3"
      ], 
      [
        1634254563, 
        "0"
      ], 
      [
        1634254578, 
        "1012354.7"
      ], 
      [
        1634254638, 
        "186482.06519999998"
      ], 
      [
        1634254653, 
        "0"
      ], 
      [
        1634254668, 
        "218640.9453066667"
      ], 
      [
        1634254683, 
        "934435.9"
      ], 
      [
        1634254698, 
        "1457649.6"
      ], 
      [
        1634254713, 
        "1101742.2"
      ], 
      [
        1634254728, 
        "0"
      ]
    ]
  }, 
  "sync_blocks_highest": {
    "metric": {
      "instance": "172.17.0.1:3033", 
      "job": "openethereum"
    }, 
    "values": [
      [
        1634254458, 
        "0"
      ], 
      [
        1634254473, 
        "0"
      ], 
      [
        1634254488, 
        "0"
      ], 
      [
        1634254503, 
        "0"
      ], 
      [
        1634254518, 
        "0"
      ], 
      [
        1634254533, 
        "0"
      ], 
      [
        1634254548, 
        "0"
      ], 
      [
        1634254563, 
        "0"
      ], 
      [
        1634254578, 
        "0"
      ], 
      [
        1634254638, 
        "0"
      ], 
      [
        1634254653, 
        "0"
      ], 
      [
        1634254668, 
        "14.5012"
      ], 
      [
        1634254683, 
        "3"
      ], 
      [
        1634254698, 
        "0"
      ], 
      [
        1634254713, 
        "0"
      ], 
      [
        1634254728, 
        "0"
      ]
    ]
  }, 
  "import_blocks": {
    "metric": {
      "instance": "172.17.0.1:3033", 
      "job": "openethereum"
    }, 
    "values": [
      [
        1634254458, 
        "1.5137753557372085"
      ], 
      [
        1634254473, 
        "0"
      ], 
      [
        1634254488, 
        "0"
      ], 
      [
        1634254503, 
        "0"
      ], 
      [
        1634254518, 
        "0"
      ], 
      [
        1634254533, 
        "0"
      ], 
      [
        1634254548, 
        "0"
      ], 
      [
        1634254563, 
        "0"
      ], 
      [
        1634254578, 
        "4.5"
      ], 
      [
        1634254638, 
        "0"
      ], 
      [
        1634254653, 
        "0"
      ], 
      [
        1634254668, 
        "0"
      ], 
      [
        1634254683, 
        "4.5"
      ], 
      [
        1634254698, 
        "1.5"
      ], 
      [
        1634254713, 
        "0"
      ], 
      [
        1634254728, 
        "0"
      ]
    ]
  }, 
  "peer_stats": {
    "metric": {
      "__name__": "net_peers", 
      "job": "openethereum", 
      "instance": "172.17.0.1:3033"
    }, 
    "values": [
      [
        1634254458, 
        "0"
      ], 
      [
        1634254473, 
        "0"
      ], 
      [
        1634254488, 
        "0"
      ], 
      [
        1634254503, 
        "0"
      ], 
      [
        1634254518, 
        "0"
      ], 
      [
        1634254533, 
        "0"
      ], 
      [
        1634254548, 
        "0"
      ], 
      [
        1634254578, 
        "3"
      ], 
      [
        1634254608, 
        "2"
      ], 
      [
        1634254638, 
        "1"
      ], 
      [
        1634254653, 
        "1"
      ], 
      [
        1634254683, 
        "4"
      ], 
      [
        1634254698, 
        "2"
      ], 
      [
        1634254713, 
        "1"
      ], 
      [
        1634254728, 
        "2"
      ], 
      [
        1634254743, 
        "7"
      ], 
      [
        1634254758, 
        "4"
      ]
    ]
  }, 
  "sync_blocks_recieved": {
    "metric": {
      "instance": "172.17.0.1:3033", 
      "job": "openethereum"
    }, 
    "values": [
      [
        1634254458, 
        "0"
      ], 
      [
        1634254473, 
        "0"
      ], 
      [
        1634254488, 
        "0"
      ], 
      [
        1634254503, 
        "0"
      ], 
      [
        1634254518, 
        "0"
      ], 
      [
        1634254533, 
        "0"
      ], 
      [
        1634254548, 
        "0"
      ], 
      [
        1634254563, 
        "0"
      ], 
      [
        1634254578, 
        "0"
      ], 
      [
        1634254638, 
        "0"
      ], 
      [
        1634254653, 
        "0"
      ], 
      [
        1634254668, 
        "14.5012"
      ], 
      [
        1634254683, 
        "0"
      ], 
      [
        1634254698, 
        "0"
      ], 
      [
        1634254713, 
        "0"
      ], 
      [
        1634254728, 
        "822"
      ]
    ]
  }, 
  "kvdb_bytes_write": {
    "metric": {
      "instance": "172.17.0.1:3033", 
      "job": "openethereum"
    },