{
  "known_broadcasts": {
    "values": [
      [
        1633836780, 
        0.5637230493159245
      ], 
      [
        1633836795, 
        0.49317237621967597
      ], 
      [
        1633836810, 
        0.3934129849182219
      ], 
      [
        1633836825, 
        0.312660355064409
      ], 
      [
        1633836840, 
        0.24434610531930007
      ], 
      [
        1633836855, 
        0.20435062937094411
      ], 
      [
        1633836870, 
        0.15970134875607034
      ], 
      [
        1633836885, 
        0.1239449220450506
      ], 
      [
        1633836900, 
        0.1122155919289553
      ], 
      [
        1633836915, 
        0.13187013322125762
      ], 
      [
        1633836930, 
        0.13876050652311855
      ], 
      [
        1633836945, 
        0.14386237946632022
      ], 
      [
        1633836960, 
        0.15666923059511156
      ], 
      [
        1633836975, 
        0.2271919701395524
      ], 
      [
        1633836990, 
        0.19113522166411245
      ], 
      [
        1633837005, 
        0.14834088962771774
      ], 
      [
        1633837020, 
        0.21922382635192794
      ], 
      [
        1633837035, 
        0.18362990309531943
      ], 
      [
        1633837050, 
        0.24925734909149158
      ], 
      [
        1633837065, 
        0.23626225302046103
      ], 
      [
        1633837080, 
        0.19999167946330257
      ]
    ], 
    "name": "geth.eth/fetcher/block/broadcasts/drop.meter", 
    "columns": [
      "time", 
      "mean"
    ]
  }, 
  "memory_used": {
    "values": [
      [
        1633836780, 
        2044742032
      ], 
      [
        1633836795, 
        1607379928
      ], 
      [
        1633836810, 
        1646953288
      ], 
      [
        1633836825, 
        1651694760
      ], 
      [
        1633836840, 
        1780228444
      ], 
      [
        1633836855, 
        1787460024
      ], 
      [
        1633836870, 
        1792139648
      ], 
      [
        1633836885, 
        1796448520
      ], 
      [
        1633836900, 
        1802536456
      ], 
      [
        1633836915, 
        1412138400
      ], 
      [
        1633836930, 
        1648131052
      ], 
      [
        1633836945, 
        1646915720
      ], 
      [
        1633836960, 
        1727985572
      ], 
      [
        1633836975, 
        1571873856
      ], 
      [
        1633836990, 
        1730293468
      ], 
      [
        1633837005, 
        1750696704
      ], 
      [
        1633837020, 
        1545475424
      ], 
      [
        1633837035, 
        1706594792
      ], 
      [
        1633837050, 
        1679597372
      ], 
      [
        1633837065, 
        2025515216
      ], 
      [
        1633837080, 
        1725538968
      ]
    ], 
    "name": "geth.system/memory/used.gauge", 
    "columns": [
      "time", 
      "mean"
    ]
  }, 
  "stat": {
    "known_broadcasts": {
      "max": 0.49317237621967597, 
      "mean": 0.23017727167610688, 
      "variance": 0.013695606905039256, 
      "pvalue": 8.765020890678581e-14, 
      "min": 0.1239449220450506
    }, 
    "memory_used": {
      "max": 2025515216.0, 
      "mean": 1718111411.6190476, 
      "variance": 1.943266676732407e+16, 
      "pvalue": 0.0009996960972682568, 
      "min": 1545475424.0
    }, 
    "disk_write": {
      "max": 33639.149528505535, 
      "mean": 13050.60201683692, 
      "variance": 138610111.3623172, 
      "pvalue": 0.004227040253836594, 
      "min": 869.3402009763813
    }, 
    "disk_read": {
      "max": 63297618.952837445, 
      "mean": 25586925.840383552, 
      "variance": 406534854991558.75, 
      "pvalue": 0.49613997837963386, 
      "min": 3772546.160868719
    }, 
    "traffic_egress": {
      "max": 74709.55284388654, 
      "mean": 18982.4688478414, 
      "variance": 758665003.1297194, 
      "pvalue": 0.0055368712174822775, 
      "min": 1722.9771508929744
    }, 
    "peer_stats": {
      "max": 24.0, 
      "mean": 17.38095238095238, 
      "variance": 78.42630385487531, 
      "pvalue": 2.3643342175012104e-17, 
      "min": 7.0
    }, 
    "traffic_ingress": {
      "max": 287287.56617198896, 
      "mean": 144392.11109120373, 
      "variance": 5186302733.671311, 
      "pvalue": 0.0007632403185961527, 
      "min": 54462.869760129484
    }, 
    "known_announcements": {
      "max": 1.6605301178593952, 
      "mean": 0.6004049089861557, 
      "variance": 0.18991967233705678, 
      "pvalue": 8.094204550936442e-14, 
      "min": 0.2642007131385731
    }
  }, 
  "disk_write": {
    "values": [
      [
        1633836780, 
        1306.218316923504
      ], 
      [
        1633836795, 
        1112.3902120471853
      ], 
      [
        1633836810, 
        869.3402009763813
      ], 
      [
        1633836825, 
        674.6987691708556
      ], 
      [
        1633836840, 
        43326.9596132782
      ], 
      [
        1633836855, 
        33639.149528505535
      ], 
      [
        1633836870, 
        26289.2146074952
      ], 
      [
        1633836885, 
        20403.17555569639
      ], 
      [
        1633836900, 
        15945.214679211069
      ], 
      [
        1633836915, 
        12400.236416182086
      ], 
      [
        1633836930, 
        9707.973140072861
      ], 
      [
        1633836945, 
        7552.816046562191
      ], 
      [
        1633836960, 
        5914.52154843428
      ], 
      [
        1633836975, 
        4626.713473575855
      ], 
      [
        1633836990, 
        3627.8686395503382
      ], 
      [
        1633837005, 
        3208.76584122894
      ], 
      [
        1633837020, 
        3123.980958616259
      ], 
      [
        1633837035, 
        27661.08305362403
      ], 
      [
        1633837050, 
        21635.315107272258
      ], 
      [
        1633837065, 
        16808.726686417955
      ], 
      [
        1633837080, 
        14228.279958733967
      ]
    ], 
    "name": "geth.eth/db/chaindata/disk/write.meter", 
    "columns": [
      "time", 
      "mean"
    ]
  }, 
  "disk_read": {
    "values": [
      [
        1633836780, 
        21685525.91543995
      ], 
      [
        1633836795, 
        21614943.069853768
      ], 
      [
        1633836810, 
        16892218.889501207
      ], 
      [
        1633836825, 
        13121207.076190522
      ], 
      [
        1633836840, 
        10254843.676112369
      ], 
      [
        1633836855, 
        7958829.464623511
      ], 
      [
        1633836870, 
        6219877.100122364
      ], 
      [
        1633836885, 
        4827274.085718445
      ], 
      [
        1633836900, 
        3772546.160868719
      ], 
      [
        1633836915, 
        2927889.735824508
      ], 
      [
        1633836930, 
        6268749.776584569
      ], 
      [
        1633836945, 
        27450659.5092329
      ], 
      [
        1633836960, 
        28029737.564568914
      ], 
      [
        1633836975, 
        30254839.05244096
      ], 
      [
        1633836990, 
        29509326.19100415
      ], 
      [
        1633837005, 
        30091492.29331324
      ], 
      [
        1633837020, 
        28597859.15833807
      ], 
      [
        1633837035, 
        54900514.343563646
      ], 
      [
        1633837050, 
        72708746.7150234
      ], 
      [
        1633837065, 
        63297618.952837445
      ], 
      [
        1633837080, 
        56940743.91689197
      ]
    ], 
    "name": "geth.eth/db/chaindata/disk/read.meter", 
    "columns": [
      "time", 
      "mean"
    ]
  },