{
  "known_broadcasts": {
    "values": [
      [
        1633836480, 
        0.5354451266416099
      ], 
      [
        1633836495, 
        0.5722233970921915
      ], 
      [
        1633836510, 
        0.5466635484659119
      ], 
      [
        1633836525, 
        0.745103549321926
      ], 
      [
        1633836540, 
        0.7090902909809897
      ], 
      [
        1633836555, 
        0.6451951822693834
      ], 
      [
        1633836570, 
        0.5595538603492161
      ], 
      [
        1633836585, 
        0.4850016842278361
      ], 
      [
        1633836600, 
        0.44694805845331154
      ], 
      [
        1633836615, 
        0.5470914091896565
      ], 
      [
        1633836630, 
        0.5557536584262749
      ], 
      [
        1633836645, 
        0.46069700672615976
      ], 
      [
        1633836660, 
        0.5442518074247378
      ], 
      [
        1633836675, 
        0.548451225049174
      ], 
      [
        1633836690, 
        0.6036396149903223
      ], 
      [
        1633836705, 
        0.5168722794526354
      ], 
      [
        1633836720, 
        0.40393905522733453
      ], 
      [
        1633836735, 
        0.49260649826926867
      ], 
      [
        1633836750, 
        0.3923314580485409
      ], 
      [
        1633836765, 
        0.4059029621919315
      ], 
      [
        1633836780, 
        0.4702397970411252
      ]
    ], 
    "name": "geth.eth/fetcher/block/broadcasts/drop.meter", 
    "columns": [
      "time", 
      "mean"
    ]
  }, 
  "memory_used": {
    "values": [
      [
        1633836480, 
        2083481680
      ], 
      [
        1633836495, 
        1989258904
      ], 
      [
        1633836510, 
        2018042140
      ], 
      [
        1633836525, 
        2065281032
      ], 
      [
        1633836540, 
        1664391928
      ], 
      [
        1633836555, 
        1679862432
      ], 
      [
        1633836570, 
        1982670576
      ], 
      [
        1633836585, 
        1590922848
      ], 
      [
        1633836600, 
        1788771672
      ], 
      [
        1633836615, 
        1857283832
      ], 
      [
        1633836630, 
        1704619172
      ], 
      [
        1633836645, 
        2025941944
      ], 
      [
        1633836660, 
        1796812900
      ], 
      [
        1633836675, 
        2052821952
      ], 
      [
        1633836690, 
        1742751520
      ], 
      [
        1633836705, 
        1966443336
      ], 
      [
        1633836720, 
        1639685352
      ], 
      [
        1633836735, 
        1835447656
      ], 
      [
        1633836750, 
        1798433288
      ], 
      [
        1633836765, 
        1735156224
      ], 
      [
        1633836780, 
        1908337176
      ]
    ], 
    "name": "geth.system/memory/used.gauge", 
    "columns": [
      "time", 
      "mean"
    ]
  }, 
  "stat": {
    "known_broadcasts": {
      "max": 0.7090902909809897, 
      "mean": 0.5327143557066446, 
      "variance": 0.008116890628213956, 
      "pvalue": 0.00032938120540919644, 
      "min": 0.40393905522733453
    }, 
    "memory_used": {
      "max": 2065281032.0, 
      "mean": 1853638931.6190476, 
      "variance": 2.3092753522266628e+16, 
      "pvalue": 0.14168845568767646, 
      "min": 1639685352.0
    }, 
    "disk_write": {
      "max": 121938.50306568033, 
      "mean": 34516.41045978609, 
      "variance": 1787517812.6230252, 
      "pvalue": 0.38950940618950347, 
      "min": 1788.171064184305
    }, 
    "disk_read": {
      "max": 65068823.27581428, 
      "mean": 38644405.64634476, 
      "variance": 257678661509316.28, 
      "pvalue": 1.7952452070734066e-08, 
      "min": 22388878.79058142
    }, 
    "traffic_egress": {
      "max": 10931.686607373213, 
      "mean": 4700.6308652513735, 
      "variance": 7386603.289275039, 
      "pvalue": 0.47697682239679107, 
      "min": 2280.497436674598
    }, 
    "peer_stats": {
      "max": 51.5, 
      "mean": 50.26190476190476, 
      "variance": 0.7052154195011339, 
      "pvalue": 0.10432163839077396, 
      "min": 49.0
    }, 
    "traffic_ingress": {
      "max": 249392.57075712387, 
      "mean": 185928.76976649353, 
      "variance": 1797742013.9544663, 
      "pvalue": 0.2268063987581016, 
      "min": 130755.86311357676
    }, 
    "known_announcements": {
      "max": 2.260688726563094, 
      "mean": 1.8326832117088698, 
      "variance": 0.06454975508305376, 
      "pvalue": 0.020441581708361134, 
      "min": 1.5238373030682624
    }
  }, 
  "disk_write": {
    "values": [
      [
        1633836480, 
        22240.155933563026
      ], 
      [
        1633836495, 
        156022.25868671824
      ], 
      [
        1633836510, 
        121938.50306568033
      ], 
      [
        1633836525, 
        94667.52029073815
      ], 
      [
        1633836540, 
        73994.53102779048
      ], 
      [
        1633836555, 
        57439.35532453714
      ], 
      [
        1633836570, 
        44889.23056046162
      ], 
      [
        1633836585, 
        34850.60309658371
      ], 
      [
        1633836600, 
        27235.973466878226
      ], 
      [
        1633836615, 
        21163.609039340983
      ], 
      [
        1633836630, 
        16551.412670725345
      ], 
      [
        1633836645, 
        12845.624468344
      ], 
      [
        1633836660, 
        10050.6911139154
      ], 
      [
        1633836675, 
        7823.822832471624
      ], 
      [
        1633836690, 
        6132.735220642227
      ], 
      [
        1633836705, 
        4765.558843875658
      ], 
      [
        1633836720, 
        3724.3152971251625
      ], 
      [
        1633836735, 
        2921.624236652768
      ], 
      [
        1633836750, 
        2285.2692884693997
      ], 
      [
        1633836765, 
        1788.171064184305
      ], 
      [
        1633836780, 
        1513.6541268102158
      ]
    ], 
    "name": "geth.eth/db/chaindata/disk/write.meter", 
    "columns": [
      "time", 
      "mean"
    ]
  }, 
  "disk_read": {
    "values": [
      [
        1633836480, 
        17098636.940626338
      ], 
      [
        1633836495, 
        22911895.526165217
      ], 
      [
        1633836510, 
        36848305.78266826
      ], 
      [
        1633836525, 
        56058598.1288025
      ], 
      [
        1633836540, 
        64792118.420865946
      ], 
      [
        1633836555, 
        72143896.68863153
      ], 
      [
        1633836570, 
        65068823.27581428
      ], 
      [
        1633836585, 
        57750404.60925118
      ], 
      [
        1633836600, 
        50184377.29789561
      ], 
      [
        1633836615, 
        45486284.083876565
      ], 
      [
        1633836630, 
        40873693.2204648
      ], 
      [
        1633836645, 
        38141080.35878528
      ], 
      [
        1633836660, 
        34278705.436860316
      ], 
      [
        1633836675, 
        32530115.184424274
      ], 
      [
        1633836690, 
        29697057.73044827
      ], 
      [
        1633836705, 
        27919361.2371116
      ], 
      [
        1633836720, 
        25769806.23813509
      ], 
      [
        1633836735, 
        24917198.302243866
      ], 
      [
        1633836750, 
        23414550.216780882
      ], 
      [
        1633836765, 
        23258731.102806523
      ], 
      [
        1633836780, 
        22388878.79058142
      ]
    ], 
    "name": "geth.eth/db/chaindata/disk/read.meter", 
    "columns": [
      "time", 
      "mean"
    ]
  },