{
  "stat": {
    "blockchaincache_size": {
      "max": 2500000.0, 
      "mean": 2370133.3333333335, 
      "variance": 33730702222.22223, 
      "pvalue": 0.00035396570961992486, 
      "min": 2110400.0
    }, 
    "kvdb_bytes_read": {
      "max": 1293089.9999999998, 
      "mean": 589914.6669957363, 
      "variance": 268462805724.02005, 
      "pvalue": 0.08997500109928136, 
      "min": 0.0
    }, 
    "sync_blocks_highest": {
      "max": 8.699999999999985, 
      "mean": 1.6153846153846154, 
      "variance": 16.428994082840237, 
      "pvalue": 0.058665024270737935, 
      "min": 0.0
    }, 
    "import_blocks": {
      "max": 1.4972799999999948, 
      "mean": 0.2879384615384616, 
      "variance": 0.994902691597633, 
      "pvalue": 0.005109510084731599, 
      "min": 0.0
    }, 
    "peer_stats": {
      "max": 4.0, 
      "mean": 1.3333333333333333, 
      "variance": 2.5555555555555562, 
      "pvalue": 9.605884077400986e-10, 
      "min": 0.0
    }, 
    "sync_blocks_recieved": {
      "max": 13.199999999999974, 
      "mean": 2.3076923076923075, 
      "variance": 41.75147928994083, 
      "pvalue": 0.023997436594487435, 
      "min": 0.0
    }, 
    "kvdb_bytes_write": {
      "max": 190260.11823999934, 
      "mean": 36588.484276923075, 
      "variance": 16064606180.19177, 
      "pvalue": 0.0004827177850327948, 
      "min": 0.0
    }
  }, 
  "blockchaincache_size": {
    "metric": {
      "__name__": "blockchaincache_size", 
      "job": "openethereum", 
      "instance": "172.17.0.1:3033"
    }, 
    "values": [
      [
        1633919769, 
        "2110400"
      ], 
      [
        1633919784, 
        "2110400"
      ], 
      [
        1633919799, 
        "2110400"
      ], 
      [
        1633919814, 
        "2110400"
      ], 
      [
        1633919829, 
        "2500000"
      ], 
      [
        1633919844, 
        "2500000"
      ], 
      [
        1633919874, 
        "2500000"
      ], 
      [
        1633919994, 
        "2500000"
      ], 
      [
        1633920009, 
        "2500000"
      ], 
      [
        1633920024, 
        "2500000"
      ], 
      [
        1633920039, 
        "2500000"
      ], 
      [
        1633920054, 
        "2500000"
      ]
    ]
  }, 
  "kvdb_bytes_read": {
    "metric": {
      "instance": "172.17.0.1:3033", 
      "job": "openethereum"
    }, 
    "values": [
      [
        1633919754, 
        "498081.5463733334"
      ], 
      [
        1633919769, 
        "933793.4"
      ], 
      [
        1633919784, 
        "1449630.3"
      ], 
      [
        1633919799, 
        "0"
      ], 
      [
        1633919814, 
        "655672.4"
      ], 
      [
        1633919829, 
        "1188729.8"
      ], 
      [
        1633919844, 
        "1146944"
      ], 
      [
        1633919874, 
        "1119784.2"
      ], 
      [
        1633919994, 
        "24210.324571237903"
      ], 
      [
        1633920009, 
        "37080.4"
      ], 
      [
        1633920024, 
        "0"
      ], 
      [
        1633920039, 
        "0"
      ], 
      [
        1633920054, 
        "614964.3"
      ]
    ]
  }, 
  "sync_blocks_highest": {
    "metric": {
      "instance": "172.17.0.1:3033", 
      "job": "openethereum"
    }, 
    "values": [
      [
        1633919754, 
        "0"
      ], 
      [
        1633919769, 
        "0"
      ], 
      [
        1633919784, 
        "0"
      ], 
      [
        1633919799, 
        "0"
      ], 
      [
        1633919814, 
        "4.5"
      ], 
      [
        1633919829, 
        "0"
      ], 
      [
        1633919844, 
        "0"
      ], 
      [
        1633919874, 
        "1.5"
      ], 
      [
        1633919994, 
        "0"
      ], 
      [
        1633920009, 
        "0"
      ], 
      [
        1633920024, 
        "0"
      ], 
      [
        1633920039, 
        "0"
      ], 
      [
        1633920054, 
        "15"
      ]
    ]
  }, 
  "import_blocks": {
    "metric": {
      "instance": "172.17.0.1:3033", 
      "job": "openethereum"
    }, 
    "values": [
      [
        1633919754, 
        "3.7432000000000003"
      ], 
      [
        1633919769, 
        "0"
      ], 
      [
        1633919784, 
        "0"
      ], 
      [
        1633919799, 
        "0"
      ], 
      [
        1633919814, 
        "0"
      ], 
      [
        1633919829, 
        "0"
      ], 
      [
        1633919844, 
        "0"
      ], 
      [
        1633919874, 
        "0"
      ], 
      [
        1633919994, 
        "0"
      ], 
      [
        1633920009, 
        "0"
      ], 
      [
        1633920024, 
        "0"
      ], 
      [
        1633920039, 
        "0"
      ], 
      [
        1633920054, 
        "0"
      ]
    ]
  }, 
  "peer_stats": {
    "metric": {
      "__name__": "net_peers", 
      "job": "openethereum", 
      "instance": "172.17.0.1:3033"
    }, 
    "values": [
      [
        1633919769, 
        "1"
      ], 
      [
        1633919784, 
        "0"
      ], 
      [
        1633919799, 
        "0"
      ], 
      [
        1633919814, 
        "3"
      ], 
      [
        1633919829, 
        "4"
      ], 
      [
        1633919844, 
        "4"
      ], 
      [
        1633919874, 
        "3"
      ], 
      [
        1633919994, 
        "0"
      ], 
      [
        1633920009, 
        "0"
      ], 
      [
        1633920024, 
        "0"
      ], 
      [
        1633920039, 
        "0"
      ], 
      [
        1633920054, 
        "1"
      ]
    ]
  }, 
  "sync_blocks_recieved": {
    "metric": {
      "instance": "172.17.0.1:3033", 
      "job": "openethereum"
    }, 
    "values": [
      [
        1633919754, 
        "0"
      ], 
      [
        1633919769, 
        "0"
      ], 
      [
        1633919784, 
        "0"
      ], 
      [
        1633919799, 
        "0"
      ], 
      [
        1633919814, 
        "6"
      ], 
      [
        1633919829, 
        "0"
      ], 
      [
        1633919844, 
        "0"
      ], 
      [
        1633919874, 
        "0"
      ], 
      [
        1633919994, 
        "0"
      ], 
      [
        1633920009, 
        "0"
      ], 
      [
        1633920024, 
        "0"
      ], 
      [
        1633920039, 
        "0"
      ], 
      [
        1633920054, 
        "24"
      ]
    ]
  }, 
  "kvdb_bytes_write": {
    "metric": {
      "instance": "172.17.0.1:3033", 
      "job": "openethereum"
    }, 
    "values": [
      [
        1633919754, 
        "475650.2956"
      ], 
      [
        1633919769, 
        "0"
      ], 
      [
        1633919784, 
        "0"
      ], 
      [
        1633919799, 
        "0"
      ], 
      [
        1633919814, 
        "0"
      ], 
      [
        1633919829, 
        "0"
      ], 
      [
        1633919844, 
        "0"
      ], 
      [
        1633919874, 
        "0"
      ], 
      [
        1633919994, 
        "0"
      ], 
      [
        1633920009, 
        "0"
      ], 
      [
        1633920024, 
        "0"
      ], 
      [
        1633920039, 
        "0"
      ], 
      [
        1633920054, 
        "0"
      ]
    ]
  }
}