{
  "stat": {
    "blockchaincache_size": {
      "max": 1814270.8, 
      "mean": 1787398.4, 
      "variance": 3201859645.4399986, 
      "pvalue": 0.0001858395326358738, 
      "min": 1702000.4
    }, 
    "kvdb_bytes_read": {
      "max": 904744.6228, 
      "mean": 347652.76809622376, 
      "variance": 136777395303.44391, 
      "pvalue": 0.4841286949763584, 
      "min": 0.0
    }, 
    "sync_blocks_highest": {
      "max": 1.0358, 
      "mean": 0.18832727272727273, 
      "variance": 0.35467161652892565, 
      "pvalue": 0.0046071702295246725, 
      "min": 0.0
    }, 
    "import_blocks": {
      "max": 2.0716, 
      "mean": 0.37665454545454546, 
      "variance": 1.4186864661157026, 
      "pvalue": 0.012411754109494508, 
      "min": 0.0
    }, 
    "peer_stats": {
      "max": 3.099999999999998, 
      "mean": 1.0, 
      "variance": 1.8, 
      "pvalue": 2.056012055036982e-08, 
      "min": 0.0
    }, 
    "sync_blocks_recieved": {
      "max": 0.0, 
      "mean": 0.0, 
      "variance": 0.0, 
      "pvalue": 0.0005409657680775522, 
      "min": 0.0
    }, 
    "kvdb_bytes_write": {
      "max": 263239.3478, 
      "mean": 47861.6996, 
      "variance": 22907403741.333836, 
      "pvalue": 0.003667243596025979, 
      "min": 0.0
    }
  }, 
  "blockchaincache_size": {
    "metric": {
      "__name__": "blockchaincache_size", 
      "job": "openethereum", 
      "instance": "172.17.0.1:3033"
    }, 
    "values": [
      [
        1633919453, 
        "1618448"
      ], 
      [
        1633919483, 
        "1804120"
      ], 
      [
        1633919513, 
        "1804120"
      ], 
      [
        1633919543, 
        "1804120"
      ], 
      [
        1633919663, 
        "1804120"
      ], 
      [
        1633919678, 
        "1804120"
      ], 
      [
        1633919693, 
        "1804120"
      ], 
      [
        1633919708, 
        "1804120"
      ], 
      [
        1633919723, 
        "1804120"
      ], 
      [
        1633919753, 
        "1822576"
      ]
    ]
  }, 
  "kvdb_bytes_read": {
    "metric": {
      "instance": "172.17.0.1:3033", 
      "job": "openethereum"
    }, 
    "values": [
      [
        1633919453, 
        "186594.4"
      ], 
      [
        1633919483, 
        "1026391.3"
      ], 
      [
        1633919498, 
        "783097.9456"
      ], 
      [
        1633919513, 
        "740256.45072"
      ], 
      [
        1633919663, 
        "5767.711538461538"
      ], 
      [
        1633919678, 
        "0"
      ], 
      [
        1633919693, 
        "0"
      ], 
      [
        1633919708, 
        "0"
      ], 
      [
        1633919723, 
        "529666"
      ], 
      [
        1633919738, 
        "1099.8814933333335"
      ], 
      [
        1633919753, 
        "551306.7597066667"
      ]
    ]
  }, 
  "sync_blocks_highest": {
    "metric": {
      "instance": "172.17.0.1:3033", 
      "job": "openethereum"
    }, 
    "values": [
      [
        1633919453, 
        "0"
      ], 
      [
        1633919483, 
        "0"
      ], 
      [
        1633919498, 
        "2.0716"
      ], 
      [
        1633919513, 
        "0"
      ], 
      [
        1633919663, 
        "0"
      ], 
      [
        1633919678, 
        "0"
      ], 
      [
        1633919693, 
        "0"
      ], 
      [
        1633919708, 
        "0"
      ], 
      [
        1633919723, 
        "0"
      ], 
      [
        1633919738, 
        "0"
      ], 
      [
        1633919753, 
        "0"
      ]
    ]
  }, 
  "import_blocks": {
    "metric": {
      "instance": "172.17.0.1:3033", 
      "job": "openethereum"
    }, 
    "values": [
      [
        1633919453, 
        "0"
      ], 
      [
        1633919483, 
        "0"
      ], 
      [
        1633919498, 
        "0"
      ], 
      [
        1633919513, 
        "0"
      ], 
      [
        1633919663, 
        "0"
      ], 
      [
        1633919678, 
        "0"
      ], 
      [
        1633919693, 
        "0"
      ], 
      [
        1633919708, 
        "0"
      ], 
      [
        1633919723, 
        "0"
      ], 
      [
        1633919738, 
        "0"
      ], 
      [
        1633919753, 
        "4.1432"
      ]
    ]
  }, 
  "peer_stats": {
    "metric": {
      "__name__": "net_peers", 
      "job": "openethereum", 
      "instance": "172.17.0.1:3033"
    }, 
    "values": [
      [
        1633919453, 
        "0"
      ], 
      [
        1633919483, 
        "4"
      ], 
      [
        1633919513, 
        "2"
      ], 
      [
        1633919543, 
        "2"
      ], 
      [
        1633919663, 
        "0"
      ], 
      [
        1633919678, 
        "0"
      ], 
      [
        1633919693, 
        "0"
      ], 
      [
        1633919708, 
        "0"
      ], 
      [
        1633919723, 
        "0"
      ], 
      [
        1633919753, 
        "2"
      ]
    ]
  }, 
  "sync_blocks_recieved": {
    "metric": {
      "instance": "172.17.0.1:3033", 
      "job": "openethereum"
    }, 
    "values": [
      [
        1633919453, 
        "0"
      ], 
      [
        1633919483, 
        "0"
      ], 
      [
        1633919498, 
        "0"
      ], 
      [
        1633919513, 
        "0"
      ], 
      [
        1633919663, 
        "0"
      ], 
      [
        1633919678, 
        "0"
      ], 
      [
        1633919693, 
        "0"
      ], 
      [
        1633919708, 
        "0"
      ], 
      [
        1633919723, 
        "0"
      ], 
      [
        1633919738, 
        "0"
      ], 
      [
        1633919753, 
        "0"
      ]
    ]
  }, 
  "kvdb_bytes_write": {
    "metric": {
      "instance": "172.17.0.1:3033", 
      "job": "openethereum"
    }, 
    "values": [
      [
        1633919453, 
        "0.2"
      ], 
      [
        1633919483, 
        "0"
      ], 
      [
        1633919498, 
        "0"
      ], 
      [
        1633919513, 
        "0"
      ], 
      [
        1633919663, 
        "0"
      ], 
      [
        1633919678, 
        "0"
      ], 
      [
        1633919693, 
        "0"
      ], 
      [
        1633919708, 
        "0"
      ], 
      [
        1633919723, 
        "0"
      ], 
      [
        1633919738, 
        "0"
      ], 
      [
        1633919753, 
        "526478.4956"
      ]
    ]
  }
}