{
  "known_broadcasts": {
    "values": [
      [
        1633853325, 
        0.29792749187021295
      ], 
      [
        1633853340, 
        0.24471216547635508
      ], 
      [
        1633853355, 
        0.24289137941896927
      ], 
      [
        1633853370, 
        0.19525373388961123
      ], 
      [
        1633853385, 
        0.15259206564628003
      ], 
      [
        1633853400, 
        0.1785561069447817
      ], 
      [
        1633853415, 
        0.23929590613383994
      ], 
      [
        1633853430, 
        0.1992079328566777
      ], 
      [
        1633853445, 
        0.2037882155562208
      ], 
      [
        1633853460, 
        0.22887006402430143
      ], 
      [
        1633853475, 
        0.2089278122074583
      ], 
      [
        1633853490, 
        0.25240047195369125
      ], 
      [
        1633853505, 
        0.39008895191082005
      ], 
      [
        1633853520, 
        0.3970816336290023
      ], 
      [
        1633853535, 
        0.37746610988541884
      ], 
      [
        1633853550, 
        0.3935715835156437
      ], 
      [
        1633853565, 
        0.3820792518181334
      ], 
      [
        1633853580, 
        0.40261794587789357
      ], 
      [
        1633853595, 
        0.45697106836458
      ], 
      [
        1633853610, 
        0.3847238430494512
      ]
    ], 
    "name": "geth.eth/fetcher/block/broadcasts/drop.meter", 
    "columns": [
      "time", 
      "mean"
    ]
  }, 
  "memory_used": {
    "values": [
      [
        1633853325, 
        1769240796
      ], 
      [
        1633853340, 
        1573102056
      ], 
      [
        1633853355, 
        1864235252
      ], 
      [
        1633853370, 
        1648085936
      ], 
      [
        1633853385, 
        1897135888
      ], 
      [
        1633853400, 
        1590269608
      ], 
      [
        1633853415, 
        1813256048
      ], 
      [
        1633853430, 
        1583198104
      ], 
      [
        1633853445, 
        1779818696
      ], 
      [
        1633853460, 
        2028596792
      ], 
      [
        1633853475, 
        1663357048
      ], 
      [
        1633853490, 
        1902411984
      ], 
      [
        1633853505, 
        1842739032
      ], 
      [
        1633853520, 
        1806522936
      ], 
      [
        1633853535, 
        1959526440
      ], 
      [
        1633853550, 
        1609736720
      ], 
      [
        1633853565, 
        1780124496
      ], 
      [
        1633853580, 
        2037653376
      ], 
      [
        1633853595, 
        1675734952
      ], 
      [
        1633853610, 
        1905831520
      ]
    ], 
    "name": "geth.system/memory/used.gauge", 
    "columns": [
      "time", 
      "mean"
    ]
  }, 
  "stat": {
    "known_broadcasts": {
      "max": 0.40533560200222796, 
      "mean": 0.29145118670146714, 
      "variance": 0.008620667245735115, 
      "pvalue": 5.392664306571747e-13, 
      "min": 0.1772579048798566
    }, 
    "memory_used": {
      "max": 2029049621.2, 
      "mean": 1786528884.0, 
      "variance": 2.0273098937592092e+16, 
      "pvalue": 0.19496744090098328, 
      "min": 1582693301.6000001
    }, 
    "disk_write": {
      "max": 33241.84893930155, 
      "mean": 10534.624475055776, 
      "variance": 120855238.16896792, 
      "pvalue": 0.00013220836585716962, 
      "min": 1985.1571433473741
    }, 
    "disk_read": {
      "max": 47063115.295920804, 
      "mean": 26942004.072832614, 
      "variance": 105099094875566.03, 
      "pvalue": 0.017953239618700226, 
      "min": 18410885.740610696
    }, 
    "traffic_egress": {
      "max": 105856.99746187647, 
      "mean": 43960.923726868066, 
      "variance": 1012086082.1736389, 
      "pvalue": 1.0712652941442752e-13, 
      "min": 10598.033106829433
    }, 
    "peer_stats": {
      "max": 46.025, 
      "mean": 45.15, 
      "variance": 0.5525, 
      "pvalue": 1.2320891028598728e-16, 
      "min": 43.975
    }, 
    "traffic_ingress": {
      "max": 149587.67019255794, 
      "mean": 125786.66266981236, 
      "variance": 161588361.0305638, 
      "pvalue": 1.6524231053688776e-13, 
      "min": 112428.43242939273
    }, 
    "known_announcements": {
      "max": 2.633736865192319, 
      "mean": 1.7632044358178374, 
      "variance": 0.29700064239032226, 
      "pvalue": 0.01142649855439681, 
      "min": 1.0615879655442422
    }
  }, 
  "disk_write": {
    "values": [
      [
        1633853325, 
        42215.89934609205
      ], 
      [
        1633853340, 
        32769.53049683888
      ], 
      [
        1633853355, 
        25615.538175365655
      ], 
      [
        1633853370, 
        19885.775243582066
      ], 
      [
        1633853385, 
        15540.862963017047
      ], 
      [
        1633853400, 
        12073.514358807717
      ], 
      [
        1633853415, 
        9453.528576674886
      ], 
      [
        1633853430, 
        7342.36821913172
      ], 
      [
        1633853445, 
        5811.483582042065
      ], 
      [
        1633853460, 
        4629.236007442011
      ], 
      [
        1633853475, 
        3677.990141336989
      ], 
      [
        1633853490, 
        2960.453877953177
      ], 
      [
        1633853505, 
        3029.2477593084022
      ], 
      [
        1633853520, 
        2979.7558680652014
      ], 
      [
        1633853535, 
        2385.6955753934635
      ], 
      [
        1633853550, 
        1952.5495695387951
      ], 
      [
        1633853565, 
        1986.8733314425626
      ], 
      [
        1633853580, 
        5517.940735054503
      ], 
      [
        1633853595, 
        5514.394358529603
      ], 
      [
        1633853610, 
        5349.851315498781
      ]
    ], 
    "name": "geth.eth/db/chaindata/disk/write.meter", 
    "columns": [
      "time", 
      "mean"
    ]
  }, 
  "disk_read": {
    "values": [
      [
        1633853325, 
        54223400.63427047
      ], 
      [
        1633853340, 
        46686258.17284977
      ], 
      [
        1633853355, 
        41560558.55141919
      ], 
      [
        1633853370, 
        37141447.44171925
      ], 
      [
        1633853385, 
        33680675.856182545
      ], 
      [
        1633853400, 
        30185881.610318936
      ], 
      [
        1633853415, 
        27719330.04846497
      ], 
      [
        1633853430, 
        25811811.452817503
      ], 
      [
        1633853445, 
        24086830.06282469
      ], 
      [
        1633853460, 
        22864108.14883531
      ], 
      [
        1633853475, 
        21598762.532232694
      ], 
      [
        1633853490, 
        20856818.95019317
      ], 
      [
        1633853505, 
        20424078.191057898
      ], 
      [
        1633853520, 
        20018351.87433966
      ], 
      [
        1633853535, 
        19075117.046587363
      ], 
      [
        1633853550, 
        18415192.830011934
      ], 
      [
        1633853565, 
        18329051.041987225
      ], 
      [
        1633853580, 
        18733753.65178946
      ], 
      [
        1633853595, 
        18672179.371241078
      ], 
      [
        1633853610, 
        18756473.987509154
      ]
    ], 
    "name": "geth.eth/db/chaindata/disk/read.meter", 
    "columns": [
      "time", 
      "mean"
    ]
  },