{
  "known_broadcasts": {
    "values": [
      [
        1633845210, 
        0.6971010935207156
      ], 
      [
        1633845225, 
        0.5771929747871346
      ], 
      [
        1633845240, 
        0.8113123290118411
      ], 
      [
        1633845255, 
        0.8388413287326072
      ], 
      [
        1633845270, 
        0.7597673595742773
      ], 
      [
        1633845285, 
        0.6104789264586707
      ], 
      [
        1633845300, 
        0.6509383183378908
      ], 
      [
        1633845315, 
        0.6776697845145964
      ], 
      [
        1633845330, 
        0.631073994759998
      ], 
      [
        1633845345, 
        0.672196318089307
      ], 
      [
        1633845360, 
        0.6279257667981555
      ], 
      [
        1633845375, 
        0.6755708130305846
      ], 
      [
        1633845390, 
        0.542726646292033
      ], 
      [
        1633845405, 
        0.4212125469847098
      ], 
      [
        1633845420, 
        0.32918035081913194
      ], 
      [
        1633845435, 
        0.3514250264466867
      ], 
      [
        1633845450, 
        0.3657248215463127
      ], 
      [
        1633845465, 
        0.51460453794424
      ], 
      [
        1633845480, 
        0.48200755221770913
      ], 
      [
        1633845495, 
        0.4679955936553403
      ]
    ], 
    "name": "geth.eth/fetcher/block/broadcasts/drop.meter", 
    "columns": [
      "time", 
      "mean"
    ]
  }, 
  "memory_used": {
    "values": [
      [
        1633845210, 
        1917496760
      ], 
      [
        1633845225, 
        1577290472
      ], 
      [
        1633845240, 
        1769143976
      ], 
      [
        1633845255, 
        1996892872
      ], 
      [
        1633845270, 
        1623113188
      ], 
      [
        1633845285, 
        1841119600
      ], 
      [
        1633845300, 
        1754282532
      ], 
      [
        1633845315, 
        1719728184
      ], 
      [
        1633845330, 
        1918845744
      ], 
      [
        1633845345, 
        1662074424
      ], 
      [
        1633845360, 
        1871905216
      ], 
      [
        1633845375, 
        1772963624
      ], 
      [
        1633845390, 
        1927920084
      ], 
      [
        1633845405, 
        1529976840
      ], 
      [
        1633845420, 
        1797854920
      ], 
      [
        1633845435, 
        1647325792
      ], 
      [
        1633845450, 
        1781884328
      ], 
      [
        1633845465, 
        1960664200
      ], 
      [
        1633845480, 
        1807117808
      ], 
      [
        1633845495, 
        1670338288
      ]
    ], 
    "name": "geth.system/memory/used.gauge", 
    "columns": [
      "time", 
      "mean"
    ]
  }, 
  "stat": {
    "known_broadcasts": {
      "max": 0.8126887789978794, 
      "mean": 0.5852473041760972, 
      "variance": 0.020906403038358747, 
      "pvalue": 0.05058989911214554, 
      "min": 0.35031279266530896
    }, 
    "memory_used": {
      "max": 1962475633.6, 
      "mean": 1777396942.6, 
      "variance": 1.6453126465458732e+16, 
      "pvalue": 0.1266062842796572, 
      "min": 1574924790.4
    }, 
    "disk_write": {
      "max": 131789.63903774827, 
      "mean": 46250.725418012225, 
      "variance": 1635724175.138977, 
      "pvalue": 0.00010737997585550995, 
      "min": 20676.742580424117
    }, 
    "disk_read": {
      "max": 42468860.06612911, 
      "mean": 25761182.578072008, 
      "variance": 78882419590721.78, 
      "pvalue": 0.26288287731343096, 
      "min": 18209543.61527316
    }, 
    "traffic_egress": {
      "max": 38821.42975648456, 
      "mean": 15121.897139057484, 
      "variance": 147822663.78279215, 
      "pvalue": 1.3390485718283484e-10, 
      "min": 4837.963542357636
    }, 
    "peer_stats": {
      "max": 44.1, 
      "mean": 42.75, 
      "variance": 1.1375, 
      "pvalue": 1.2320933719097104e-16, 
      "min": 41.475
    }, 
    "traffic_ingress": {
      "max": 199780.56439579136, 
      "mean": 144246.18536939198, 
      "variance": 1184046385.2007225, 
      "pvalue": 6.70686996900846e-05, 
      "min": 108879.78141802373
    }, 
    "known_announcements": {
      "max": 1.816785237657386, 
      "mean": 1.3435566987084149, 
      "variance": 0.12117538741522169, 
      "pvalue": 2.6405279091799925e-08, 
      "min": 0.7499362662589325
    }
  }, 
  "disk_write": {
    "values": [
      [
        1633845210, 
        21115.212028929018
      ], 
      [
        1633845225, 
        21865.773034707807
      ], 
      [
        1633845240, 
        21500.471939958123
      ], 
      [
        1633845255, 
        20759.19432438353
      ], 
      [
        1633845270, 
        19110.159445195237
      ], 
      [
        1633845285, 
        24248.810833632702
      ], 
      [
        1633845300, 
        22287.4076387364
      ], 
      [
        1633845315, 
        23427.208084442154
      ], 
      [
        1633845330, 
        25179.08237300367
      ], 
      [
        1633845345, 
        24961.68213832513
      ], 
      [
        1633845360, 
        26818.851201770944
      ], 
      [
        1633845375, 
        166310.51426787855
      ], 
      [
        1633845390, 
        129972.7508677414
      ], 
      [
        1633845405, 
        100872.42593604371
      ], 
      [
        1633845420, 
        78832.45832847696
      ], 
      [
        1633845435, 
        61182.219049802356
      ], 
      [
        1633845450, 
        47825.40044439453
      ], 
      [
        1633845465, 
        37155.49420976889
      ], 
      [
        1633845480, 
        29043.270966247124
      ], 
      [
        1633845495, 
        22546.12124680617
      ]
    ], 
    "name": "geth.eth/db/chaindata/disk/write.meter", 
    "columns": [
      "time", 
      "mean"
    ]
  }, 
  "disk_read": {
    "values": [
      [
        1633845210, 
        18288999.556984894
      ], 
      [
        1633845225, 
        18733865.01226681
      ], 
      [
        1633845240, 
        18353430.14858011
      ], 
      [
        1633845255, 
        18951966.449107684
      ], 
      [
        1633845270, 
        18234535.157442898
      ], 
      [
        1633845285, 
        18633343.952701543
      ], 
      [
        1633845300, 
        18079398.064259544
      ], 
      [
        1633845315, 
        18545471.47103004
      ], 
      [
        1633845330, 
        18216393.38111598
      ], 
      [
        1633845345, 
        18631738.36694606
      ], 
      [
        1633845360, 
        18457229.40435384
      ], 
      [
        1633845375, 
        23612510.16012336
      ], 
      [
        1633845390, 
        43374075.80420568
      ], 
      [
        1633845405, 
        42421217.132546134
      ], 
      [
        1633845420, 
        36886796.82257541
      ], 
      [
        1633845435, 
        34110977.510278784
      ], 
      [
        1633845450, 
        33414489.253794335
      ], 
      [
        1633845465, 
        33110753.682762366
      ], 
      [
        1633845480, 
        32616552.43231111
      ], 
      [
        1633845495, 
        32549907.798053704
      ]
    ], 
    "name": "geth.eth/db/chaindata/disk/read.meter", 
    "columns": [
      "time", 
      "mean"
    ]
  },