{
  "known_broadcasts": {
    "values": [
      [
        1633844910, 
        0.6028116382505601
      ], 
      [
        1633844925, 
        0.7530967306193783
      ], 
      [
        1633844940, 
        0.6605955688580369
      ], 
      [
        1633844955, 
        0.5267666000578262
      ], 
      [
        1633844970, 
        0.4631654140859196
      ], 
      [
        1633844985, 
        0.4533721270403287
      ], 
      [
        1633845000, 
        0.4649639954756729
      ], 
      [
        1633845015, 
        0.41179825027755157
      ], 
      [
        1633845030, 
        0.52623916355442
      ], 
      [
        1633845045, 
        0.8554443831260347
      ], 
      [
        1633845060, 
        0.9352329035140028
      ], 
      [
        1633845075, 
        0.8335577096621046
      ], 
      [
        1633845090, 
        0.9136740764994657
      ], 
      [
        1633845105, 
        0.9534150624018094
      ], 
      [
        1633845120, 
        0.8102282991830436
      ], 
      [
        1633845135, 
        0.7891954269150672
      ], 
      [
        1633845150, 
        0.7641774280178238
      ], 
      [
        1633845165, 
        0.732774180457615
      ], 
      [
        1633845180, 
        0.8321743390111633
      ], 
      [
        1633845195, 
        0.8304411558322254
      ]
    ], 
    "name": "geth.eth/fetcher/block/broadcasts/drop.meter", 
    "columns": [
      "time", 
      "mean"
    ]
  }, 
  "memory_used": {
    "values": [
      [
        1633844910, 
        1928707700
      ], 
      [
        1633844925, 
        1589244432
      ], 
      [
        1633844940, 
        1737357508
      ], 
      [
        1633844955, 
        1939879432
      ], 
      [
        1633844970, 
        1827130712
      ], 
      [
        1633844985, 
        1773926528
      ], 
      [
        1633845000, 
        1968015852
      ], 
      [
        1633845015, 
        1614088224
      ], 
      [
        1633845030, 
        1805370240
      ], 
      [
        1633845045, 
        2014849152
      ], 
      [
        1633845060, 
        1607266560
      ], 
      [
        1633845075, 
        1796213584
      ], 
      [
        1633845090, 
        1987853560
      ], 
      [
        1633845105, 
        1671004424
      ], 
      [
        1633845120, 
        1845561172
      ], 
      [
        1633845135, 
        2044531960
      ], 
      [
        1633845150, 
        1660612188
      ], 
      [
        1633845165, 
        1883928896
      ], 
      [
        1633845180, 
        1792359832
      ], 
      [
        1633845195, 
        1747285784
      ]
    ], 
    "name": "geth.system/memory/used.gauge", 
    "columns": [
      "time", 
      "mean"
    ]
  }, 
  "stat": {
    "known_broadcasts": {
      "max": 0.9361420114583932, 
      "mean": 0.7056562226420026, 
      "variance": 0.02977966582837971, 
      "pvalue": 0.10251224385877716, 
      "min": 0.45129343320218984
    }, 
    "memory_used": {
      "max": 2016333292.4, 
      "mean": 1811759387.0, 
      "variance": 1.861884429797183e+16, 
      "pvalue": 0.44971373302270196, 
      "min": 1606365453.6
    }, 
    "disk_write": {
      "max": 17336.27804499391, 
      "mean": 7900.979403165668, 
      "variance": 25350479.003824152, 
      "pvalue": 6.405476323418358e-06, 
      "min": 3011.773345598106
    }, 
    "disk_read": {
      "max": 20999185.346604865, 
      "mean": 18637117.109898243, 
      "variance": 1070751111381.1842, 
      "pvalue": 0.00013089770042916233, 
      "min": 17676018.482105814
    }, 
    "traffic_egress": {
      "max": 4961.763909762158, 
      "mean": 3695.2954752039013, 
      "variance": 718228.0654121988, 
      "pvalue": 0.3272117222850476, 
      "min": 2676.6102955170563
    }, 
    "peer_stats": {
      "max": 46.05, 
      "mean": 43.725, 
      "variance": 2.561875000000001, 
      "pvalue": 1.2321020681654703e-16, 
      "min": 41.475
    }, 
    "traffic_ingress": {
      "max": 143937.68912867585, 
      "mean": 121961.18715605536, 
      "variance": 111977162.26030886, 
      "pvalue": 3.2645393510311445e-14, 
      "min": 108836.44659478749
    }, 
    "known_announcements": {
      "max": 1.913878692638275, 
      "mean": 1.492885905876872, 
      "variance": 0.13162719061963118, 
      "pvalue": 5.137505992749154e-06, 
      "min": 0.9371347375805273
    }
  }, 
  "disk_write": {
    "values": [
      [
        1633844910, 
        12083.586244022537
      ], 
      [
        1633844925, 
        9790.44472367089
      ], 
      [
        1633844940, 
        7824.504147634143
      ], 
      [
        1633844955, 
        6266.440473431761
      ], 
      [
        1633844970, 
        5266.359677567293
      ], 
      [
        1633844985, 
        4478.193797664289
      ], 
      [
        1633845000, 
        3674.2740502882443
      ], 
      [
        1633845015, 
        3157.844188090796
      ], 
      [
        1633845030, 
        2732.0434375436625
      ], 
      [
        1633845045, 
        3261.282953954073
      ], 
      [
        1633845060, 
        3026.4959723378133
      ], 
      [
        1633845075, 
        3332.7714261532237
      ], 
      [
        1633845090, 
        3388.5133298403307
      ], 
      [
        1633845105, 
        7232.46000717995
      ], 
      [
        1633845120, 
        9650.13046643134
      ], 
      [
        1633845135, 
        9580.072757010528
      ], 
      [
        1633845150, 
        10509.095983722907
      ], 
      [
        1633845165, 
        14966.05314225686
      ], 
      [
        1633845180, 
        17162.58553418697
      ], 
      [
        1633845195, 
        20636.435750325756
      ]
    ], 
    "name": "geth.eth/db/chaindata/disk/write.meter", 
    "columns": [
      "time", 
      "mean"
    ]
  }, 
  "disk_read": {
    "values": [
      [
        1633844910, 
        21760208.67316349
      ], 
      [
        1633844925, 
        20959131.487312306
      ], 
      [
        1633844940, 
        19425987.54750243
      ], 
      [
        1633844955, 
        19496460.528583515
      ], 
      [
        1633844970, 
        18515736.525686104
      ], 
      [
        1633844985, 
        18715508.190074544
      ], 
      [
        1633845000, 
        18418084.72856928
      ], 
      [
        1633845015, 
        18508965.599205557
      ], 
      [
        1633845030, 
        18153313.94321902
      ], 
      [
        1633845045, 
        18318247.94558506
      ], 
      [
        1633845060, 
        17646002.21554289
      ], 
      [
        1633845075, 
        17808484.28375353
      ], 
      [
        1633845090, 
        17677598.285609126
      ], 
      [
        1633845105, 
        18397481.34824554
      ], 
      [
        1633845120, 
        17980881.6952867
      ], 
      [
        1633845135, 
        18105491.641441442
      ], 
      [
        1633845150, 
        17753246.144744843
      ], 
      [
        1633845165, 
        18420732.147593133
      ], 
      [
        1633845180, 
        18092090.048570953
      ], 
      [
        1633845195, 
        18588689.218275316
      ]
    ], 
    "name": "geth.eth/db/chaindata/disk/read.meter", 
    "columns": [
      "time", 
      "mean"
    ]
  },