{
  "known_broadcasts": {
    "values": [
      [
        1633894485, 
        0.5564151698173637
      ], 
      [
        1633894500, 
        0.8803146370109163
      ], 
      [
        1633894515, 
        0.8589172177281528
      ], 
      [
        1633894530, 
        0.8941582811288793
      ], 
      [
        1633894545, 
        0.7007048524412206
      ], 
      [
        1633894560, 
        0.784207568400175
      ], 
      [
        1633894575, 
        0.8992567720074285
      ], 
      [
        1633894590, 
        0.8947025137854776
      ], 
      [
        1633894605, 
        0.9169796320589186
      ], 
      [
        1633894620, 
        1.0205089400930205
      ], 
      [
        1633894635, 
        1.1159693539764128
      ], 
      [
        1633894650, 
        0.9457000134606703
      ], 
      [
        1633894665, 
        1.09821649068925
      ], 
      [
        1633894680, 
        0.8866102142972558
      ], 
      [
        1633894695, 
        0.853775757581616
      ], 
      [
        1633894710, 
        0.7260814710227483
      ], 
      [
        1633894725, 
        0.7498851710184924
      ], 
      [
        1633894740, 
        0.7993419497242433
      ], 
      [
        1633894755, 
        1.2093855300510772
      ], 
      [
        1633894770, 
        1.165383989849657
      ]
    ], 
    "name": "geth.eth/fetcher/block/broadcasts/drop.meter", 
    "columns": [
      "time", 
      "mean"
    ]
  }, 
  "memory_used": {
    "values": [
      [
        1633894485, 
        1623743928
      ], 
      [
        1633894500, 
        1828852276
      ], 
      [
        1633894515, 
        2021731000
      ], 
      [
        1633894530, 
        1675382368
      ], 
      [
        1633894545, 
        1877162368
      ], 
      [
        1633894560, 
        1800001472
      ], 
      [
        1633894575, 
        1721778384
      ], 
      [
        1633894590, 
        1925335228
      ], 
      [
        1633894605, 
        1558651672
      ], 
      [
        1633894620, 
        1766638216
      ], 
      [
        1633894635, 
        1969634376
      ], 
      [
        1633894650, 
        1874170020
      ], 
      [
        1633894665, 
        1770249496
      ], 
      [
        1633894680, 
        1948191264
      ], 
      [
        1633894695, 
        1592346312
      ], 
      [
        1633894710, 
        2053685884
      ], 
      [
        1633894725, 
        1573585760
      ], 
      [
        1633894740, 
        1696306092
      ], 
      [
        1633894755, 
        1875533704
      ], 
      [
        1633894770, 
        1622056668
      ]
    ], 
    "name": "geth.system/memory/used.gauge", 
    "columns": [
      "time", 
      "mean"
    ]
  }, 
  "stat": {
    "known_broadcasts": {
      "max": 1.167584066859728, 
      "mean": 0.8978257763071488, 
      "variance": 0.025371521064087667, 
      "pvalue": 1.2220681388689618e-07, 
      "min": 0.6934903683100277
    }, 
    "memory_used": {
      "max": 2023328744.2, 
      "mean": 1788751824.4, 
      "variance": 2.225951784345401e+16, 
      "pvalue": 0.20994217025663608, 
      "min": 1572839055.6
    }, 
    "disk_write": {
      "max": 100173.6226547516, 
      "mean": 34469.4051381995, 
      "variance": 991835009.9519145, 
      "pvalue": 0.03465305091719127, 
      "min": 8907.844057460254
    }, 
    "disk_read": {
      "max": 41990400.77660359, 
      "mean": 22785882.239849873, 
      "variance": 95312075462188.92, 
      "pvalue": 0.0007881535743453907, 
      "min": 16512008.013382666
    }, 
    "traffic_egress": {
      "max": 4699.826836516089, 
      "mean": 3817.77504945543, 
      "variance": 316039.0195447576, 
      "pvalue": 0.34212498591512164, 
      "min": 3033.9578780478337
    }, 
    "peer_stats": {
      "max": 51.025, 
      "mean": 50.325, 
      "variance": 0.20687499999999992, 
      "pvalue": 0.09437363704310808, 
      "min": 50.0
    }, 
    "traffic_ingress": {
      "max": 233886.72468029318, 
      "mean": 161352.29451188367, 
      "variance": 1173246213.1897333, 
      "pvalue": 0.0005156587916750594, 
      "min": 133788.43220248361
    }, 
    "known_announcements": {
      "max": 2.469262989280313, 
      "mean": 2.0920072190520655, 
      "variance": 0.09981784839384533, 
      "pvalue": 0.3461292857502132, 
      "min": 1.5980680538981917
    }
  }, 
  "disk_write": {
    "values": [
      [
        1633894485, 
        8001.963250004364
      ], 
      [
        1633894500, 
        8959.371826311228
      ], 
      [
        1633894515, 
        8955.521994694775
      ], 
      [
        1633894530, 
        11736.305907523514
      ], 
      [
        1633894545, 
        14695.256931029384
      ], 
      [
        1633894560, 
        17048.783151299387
      ], 
      [
        1633894575, 
        17494.84412914886
      ], 
      [
        1633894590, 
        27433.50314160972
      ], 
      [
        1633894605, 
        26287.623611032395
      ], 
      [
        1633894620, 
        28153.845089160295
      ], 
      [
        1633894635, 
        26615.15712526422
      ], 
      [
        1633894650, 
        25017.251914898396
      ], 
      [
        1633894665, 
        21583.73437956664
      ], 
      [
        1633894680, 
        19908.488007035474
      ], 
      [
        1633894695, 
        17510.848943668614
      ], 
      [
        1633894710, 
        127215.40164808798
      ], 
      [
        1633894725, 
        98750.3711287865
      ], 
      [
        1633894740, 
        77186.44662704848
      ], 
      [
        1633894755, 
        59951.410204599735
      ], 
      [
        1633894770, 
        46881.9737532202
      ]
    ], 
    "name": "geth.eth/db/chaindata/disk/write.meter", 
    "columns": [
      "time", 
      "mean"
    ]
  }, 
  "disk_read": {
    "values": [
      [
        1633894485, 
        16655490.311035456
      ], 
      [
        1633894500, 
        17210778.832525305
      ], 
      [
        1633894515, 
        16767235.297755579
      ], 
      [
        1633894530, 
        17360594.08350523
      ], 
      [
        1633894545, 
        17126783.610440057
      ], 
      [
        1633894560, 
        17614324.82413136
      ], 
      [
        1633894575, 
        17299480.16260277
      ], 
      [
        1633894590, 
        17894740.44522973
      ], 
      [
        1633894605, 
        17516563.398236725
      ], 
      [
        1633894620, 
        18127310.94810875
      ], 
      [
        1633894635, 
        17489247.29534424
      ], 
      [
        1633894650, 
        17556436.981844112
      ], 
      [
        1633894665, 
        16536081.387163406
      ], 
      [
        1633894680, 
        16703643.566773176
      ], 
      [
        1633894695, 
        16054613.911548603
      ], 
      [
        1633894710, 
        36102182.42154918
      ], 
      [
        1633894725, 
        42060060.58455837
      ], 
      [
        1633894740, 
        39429466.97561005
      ], 
      [
        1633894755, 
        38225875.28811359
      ], 
      [
        1633894770, 
        41986734.470921755
      ]
    ], 
    "name": "geth.eth/db/chaindata/disk/read.meter", 
    "columns": [
      "time", 
      "mean"
    ]
  },