{
  "known_broadcasts": {
    "values": [
      [
        1633894185, 
        1.0906195833346541
      ], 
      [
        1633894200, 
        0.8676781402533491
      ], 
      [
        1633894215, 
        0.8154132348319332
      ], 
      [
        1633894230, 
        0.7306236108783573
      ], 
      [
        1633894245, 
        0.7876533366932106
      ], 
      [
        1633894260, 
        0.7410217070650401
      ], 
      [
        1633894275, 
        0.6937927005452135
      ], 
      [
        1633894290, 
        0.5557867336547426
      ], 
      [
        1633894305, 
        0.5835882344460523
      ], 
      [
        1633894320, 
        0.5040513601138242
      ], 
      [
        1633894335, 
        0.7287838784195696
      ], 
      [
        1633894350, 
        0.6732275209716825
      ], 
      [
        1633894365, 
        0.7217172340809532
      ], 
      [
        1633894380, 
        0.6826218893952872
      ], 
      [
        1633894395, 
        0.7134814458887253
      ], 
      [
        1633894410, 
        0.656716859523908
      ], 
      [
        1633894425, 
        0.6210742485069318
      ], 
      [
        1633894440, 
        0.48537357320379637
      ], 
      [
        1633894455, 
        0.49695803551215917
      ], 
      [
        1633894470, 
        0.40995471855284354
      ]
    ], 
    "name": "geth.eth/fetcher/block/broadcasts/drop.meter", 
    "columns": [
      "time", 
      "mean"
    ]
  }, 
  "memory_used": {
    "values": [
      [
        1633894185, 
        1609735016
      ], 
      [
        1633894200, 
        1899846412
      ], 
      [
        1633894215, 
        1555626376
      ], 
      [
        1633894230, 
        1789877468
      ], 
      [
        1633894245, 
        2028983984
      ], 
      [
        1633894260, 
        1706645520
      ], 
      [
        1633894275, 
        1975174512
      ], 
      [
        1633894290, 
        1643899252
      ], 
      [
        1633894305, 
        1890971248
      ], 
      [
        1633894320, 
        1923580524
      ], 
      [
        1633894335, 
        1949609648
      ], 
      [
        1633894350, 
        1873199048
      ], 
      [
        1633894365, 
        1781954712
      ], 
      [
        1633894380, 
        1975262680
      ], 
      [
        1633894395, 
        1609218480
      ], 
      [
        1633894410, 
        1805711312
      ], 
      [
        1633894425, 
        1986296880
      ], 
      [
        1633894440, 
        1892491732
      ], 
      [
        1633894455, 
        1794819784
      ], 
      [
        1633894470, 
        1984058044
      ]
    ], 
    "name": "geth.system/memory/used.gauge", 
    "columns": [
      "time", 
      "mean"
    ]
  }, 
  "stat": {
    "known_broadcasts": {
      "max": 0.8788252124074145, 
      "mean": 0.6780069022936117, 
      "variance": 0.022472667006386813, 
      "pvalue": 0.312795933060098, 
      "min": 0.48160263047124874
    }, 
    "memory_used": {
      "max": 1988431235.2, 
      "mean": 1833848131.6, 
      "variance": 1.9760335750819324e+16, 
      "pvalue": 0.22730576078221704, 
      "min": 1606538874.8
    }, 
    "disk_write": {
      "max": 19352.545142504274, 
      "mean": 15232.280721662755, 
      "variance": 13117495.029755825, 
      "pvalue": 0.18626841334407757, 
      "min": 9057.861416597982
    }, 
    "disk_read": {
      "max": 22828817.411734547, 
      "mean": 20169400.77950942, 
      "variance": 4048261871402.289, 
      "pvalue": 0.2635094999970607, 
      "min": 17078753.638685036
    }, 
    "traffic_egress": {
      "max": 3987.5115861003196, 
      "mean": 3602.0190405707167, 
      "variance": 85518.94290002747, 
      "pvalue": 0.31302260891999323, 
      "min": 3134.4120681691106
    }, 
    "peer_stats": {
      "max": 51.0, 
      "mean": 50.0, 
      "variance": 0.55, 
      "pvalue": 0.0019114620421074185, 
      "min": 49.0
    }, 
    "traffic_ingress": {
      "max": 134754.6508069429, 
      "mean": 124086.84635208461, 
      "variance": 52714284.076821625, 
      "pvalue": 1.8484003819112916e-14, 
      "min": 113600.52032460104
    }, 
    "known_announcements": {
      "max": 2.0803747507514325, 
      "mean": 1.697130699491769, 
      "variance": 0.07938983318132378, 
      "pvalue": 0.0010318610761725115, 
      "min": 1.2523064370091181
    }
  }, 
  "disk_write": {
    "values": [
      [
        1633894185, 
        18676.409335657
      ], 
      [
        1633894200, 
        19831.553330919236
      ], 
      [
        1633894215, 
        19000.82505917923
      ], 
      [
        1633894230, 
        17681.30450520006
      ], 
      [
        1633894245, 
        19327.33418521928
      ], 
      [
        1633894260, 
        17735.943113069883
      ], 
      [
        1633894275, 
        16599.634553883658
      ], 
      [
        1633894290, 
        16265.01482885443
      ], 
      [
        1633894305, 
        15918.162356832338
      ], 
      [
        1633894320, 
        17405.983947832385
      ], 
      [
        1633894335, 
        18622.089863377158
      ], 
      [
        1633894350, 
        17331.07816675102
      ], 
      [
        1633894365, 
        14983.036065249846
      ], 
      [
        1633894380, 
        13722.25622081498
      ], 
      [
        1633894395, 
        12109.330343383912
      ], 
      [
        1633894410, 
        11190.213390404677
      ], 
      [
        1633894425, 
        10503.00829281179
      ], 
      [
        1633894440, 
        10689.570832415995
      ], 
      [
        1633894455, 
        9116.909016142301
      ], 
      [
        1633894470, 
        7935.9570252559115
      ]
    ], 
    "name": "geth.eth/db/chaindata/disk/write.meter", 
    "columns": [
      "time", 
      "mean"
    ]
  }, 
  "disk_read": {
    "values": [
      [
        1633894185, 
        22824060.223878738
      ], 
      [
        1633894200, 
        22366743.67175588
      ], 
      [
        1633894215, 
        21150386.990053117
      ], 
      [
        1633894230, 
        21297731.23083131
      ], 
      [
        1633894245, 
        20576683.762029316
      ], 
      [
        1633894260, 
        20926407.06867916
      ], 
      [
        1633894275, 
        21081399.56263032
      ], 
      [
        1633894290, 
        21181067.473723933
      ], 
      [
        1633894305, 
        20684573.329860117
      ], 
      [
        1633894320, 
        22555566.490726363
      ], 
      [
        1633894335, 
        22919203.980994917
      ], 
      [
        1633894350, 
        21887051.972809874
      ], 
      [
        1633894365, 
        19974932.83607923
      ], 
      [
        1633894380, 
        19520967.928567015
      ], 
      [
        1633894395, 
        18042065.623189222
      ], 
      [
        1633894410, 
        18031206.500693344
      ], 
      [
        1633894425, 
        17244617.387612928
      ], 
      [
        1633894440, 
        17406792.657457285
      ], 
      [
        1633894455, 
        16613306.016667318
      ], 
      [
        1633894470, 
        17103250.881949127
      ]
    ], 
    "name": "geth.eth/db/chaindata/disk/read.meter", 
    "columns": [
      "time", 
      "mean"
    ]
  },