{
  "stat": {
    "blockchaincache_size": {
      "max": 6313671.2, 
      "mean": 5346980.0, 
      "variance": 1965139493410.2856, 
      "pvalue": 0.0009779166540206225, 
      "min": 2006412.0
    }, 
    "kvdb_bytes_read": {
      "max": 1155285.1199999999, 
      "mean": 538384.9818297436, 
      "variance": 208221005684.7469, 
      "pvalue": 0.0824804845488546, 
      "min": 0.0
    }, 
    "sync_blocks_highest": {
      "max": 1.7999999999999936, 
      "mean": 0.34615384615384615, 
      "variance": 1.4378698224852078, 
      "pvalue": 0.0026507673829310463, 
      "min": 0.0
    }, 
    "import_blocks": {
      "max": 4.5, 
      "mean": 0.9560307692307692, 
      "variance": 2.6605225959763312, 
      "pvalue": 0.20784136047292306, 
      "min": 0.0
    }, 
    "peer_stats": {
      "max": 8.35, 
      "mean": 1.7142857142857142, 
      "variance": 8.204081632653061, 
      "pvalue": 4.5938532056304243e-11, 
      "min": 0.0
    }, 
    "sync_blocks_recieved": {
      "max": 0.0, 
      "mean": 0.0, 
      "variance": 0.0, 
      "pvalue": 0.0001919542268183349, 
      "min": 0.0
    }, 
    "kvdb_bytes_write": {
      "max": 624672.9399999995, 
      "mean": 160829.6763323077, 
      "variance": 68786471385.98944, 
      "pvalue": 0.032203516749406434, 
      "min": 0.0
    }
  }, 
  "blockchaincache_size": {
    "metric": {
      "__name__": "blockchaincache_size", 
      "job": "openethereum", 
      "instance": "172.17.0.1:3033"
    }, 
    "values": [
      [
        1633969683, 
        "6400792"
      ], 
      [
        1633969743, 
        "5985504"
      ], 
      [
        1633969758, 
        "5985504"
      ], 
      [
        1633969773, 
        "5985504"
      ], 
      [
        1633969788, 
        "5985504"
      ], 
      [
        1633969803, 
        "5985504"
      ], 
      [
        1633969818, 
        "6266760"
      ], 
      [
        1633969848, 
        "5132216"
      ], 
      [
        1633969878, 
        "5566960"
      ], 
      [
        1633969893, 
        "5864608"
      ], 
      [
        1633969908, 
        "5864608"
      ], 
      [
        1633969923, 
        "5864608"
      ], 
      [
        1633969968, 
        "1912864"
      ], 
      [
        1633969983, 
        "2056784"
      ]
    ]
  }, 
  "kvdb_bytes_read": {
    "metric": {
      "instance": "172.17.0.1:3033", 
      "job": "openethereum"
    }, 
    "values": [
      [
        1633969743, 
        "60479.637839999996"
      ], 
      [
        1633969758, 
        "0"
      ], 
      [
        1633969773, 
        "0"
      ], 
      [
        1633969788, 
        "0"
      ], 
      [
        1633969803, 
        "386996.7"
      ], 
      [
        1633969818, 
        "1179043.8"
      ], 
      [
        1633969848, 
        "676598.9382399999"
      ], 
      [
        1633969878, 
        "893008.6"
      ], 
      [
        1633969893, 
        "1139446"
      ], 
      [
        1633969908, 
        "861447.1"
      ], 
      [
        1633969923, 
        "0"
      ], 
      [
        1633969938, 
        "822852.0877066667"
      ], 
      [
        1633969968, 
        "979131.9"
      ]
    ]
  }, 
  "sync_blocks_highest": {
    "metric": {
      "instance": "172.17.0.1:3033", 
      "job": "openethereum"
    }, 
    "values": [
      [
        1633969743, 
        "0"
      ], 
      [
        1633969758, 
        "0"
      ], 
      [
        1633969773, 
        "0"
      ], 
      [
        1633969788, 
        "0"
      ], 
      [
        1633969803, 
        "0"
      ], 
      [
        1633969818, 
        "0"
      ], 
      [
        1633969848, 
        "0"
      ], 
      [
        1633969878, 
        "0"
      ], 
      [
        1633969893, 
        "4.5"
      ], 
      [
        1633969908, 
        "0"
      ], 
      [
        1633969923, 
        "0"
      ], 
      [
        1633969938, 
        "0"
      ], 
      [
        1633969968, 
        "0"
      ]
    ]
  }, 
  "import_blocks": {
    "metric": {
      "instance": "172.17.0.1:3033", 
      "job": "openethereum"
    }, 
    "values": [
      [
        1633969743, 
        "0"
      ], 
      [
        1633969758, 
        "0"
      ], 
      [
        1633969773, 
        "0"
      ], 
      [
        1633969788, 
        "0"
      ], 
      [
        1633969803, 
        "0"
      ], 
      [
        1633969818, 
        "4.5"
      ], 
      [
        1633969848, 
        "1.9284"
      ], 
      [
        1633969878, 
        "1.5"
      ], 
      [
        1633969893, 
        "0"
      ], 
      [
        1633969908, 
        "0"
      ], 
      [
        1633969923, 
        "0"
      ], 
      [
        1633969938, 
        "0"
      ], 
      [
        1633969968, 
        "4.5"
      ]
    ]
  }, 
  "peer_stats": {
    "metric": {
      "__name__": "net_peers", 
      "job": "openethereum", 
      "instance": "172.17.0.1:3033"
    }, 
    "values": [
      [
        1633969683, 
        "2"
      ], 
      [
        1633969743, 
        "0"
      ], 
      [
        1633969758, 
        "0"
      ], 
      [
        1633969773, 
        "0"
      ], 
      [
        1633969788, 
        "0"
      ], 
      [
        1633969803, 
        "0"
      ], 
      [
        1633969818, 
        "2"
      ], 
      [
        1633969848, 
        "1"
      ], 
      [
        1633969878, 
        "1"
      ], 
      [
        1633969893, 
        "1"
      ], 
      [
        1633969908, 
        "0"
      ], 
      [
        1633969923, 
        "0"
      ], 
      [
        1633969968, 
        "9"
      ], 
      [
        1633969983, 
        "8"
      ]
    ]
  }, 
  "sync_blocks_recieved": {
    "metric": {
      "instance": "172.17.0.1:3033", 
      "job": "openethereum"
    }, 
    "values": [
      [
        1633969743, 
        "0"
      ], 
      [
        1633969758, 
        "0"
      ], 
      [
        1633969773, 
        "0"
      ], 
      [
        1633969788, 
        "0"
      ], 
      [
        1633969803, 
        "0"
      ], 
      [
        1633969818, 
        "0"
      ], 
      [
        1633969848, 
        "0"
      ], 
      [
        1633969878, 
        "0"
      ], 
      [
        1633969893, 
        "0"
      ], 
      [
        1633969908, 
        "0"
      ], 
      [
        1633969923, 
        "0"
      ], 
      [
        1633969938, 
        "0"
      ], 
      [
        1633969968, 
        "0"
      ]
    ]
  }, 
  "kvdb_bytes_write": {
    "metric": {
      "instance": "172.17.0.1:3033", 
      "job": "openethereum"
    }, 
    "values": [
      [
        1633969743, 
        "0"
      ], 
      [
        1633969758, 
        "0"
      ], 
      [
        1633969773, 
        "0"
      ], 
      [
        1633969788, 
        "0"
      ], 
      [
        1633969803, 
        "0"
      ], 
      [
        1633969818, 
        "829909.9"
      ], 
      [
        1633969848, 
        "336752.89232"
      ], 
      [
        1633969878, 
        "436274.7"
      ], 
      [
        1633969893, 
        "0"
      ], 
      [
        1633969908, 
        "0"
      ], 
      [
        1633969923, 
        "0"
      ], 
      [
        1633969938, 
        "0"
      ], 
      [
        1633969968, 
        "487848.3"
      ]
    ]
  }
}