{
  "stat": {
    "blockchaincache_size": {
      "max": 6734382.3999999985, 
      "mean": 5865576.615384615, 
      "variance": 353735132420.5444, 
      "pvalue": 5.648957812156268e-05, 
      "min": 5175408.0
    }, 
    "kvdb_bytes_read": {
      "max": 1115026.04, 
      "mean": 475072.92060095235, 
      "variance": 196688496936.64746, 
      "pvalue": 0.18706603248020037, 
      "min": 0.0
    }, 
    "sync_blocks_highest": {
      "max": 0.0, 
      "mean": 0.0, 
      "variance": 0.0, 
      "pvalue": 0.0003124682373337368, 
      "min": 0.0
    }, 
    "import_blocks": {
      "max": 4.5, 
      "mean": 0.9107, 
      "variance": 2.85551939, 
      "pvalue": 0.1532041526818766, 
      "min": 0.0
    }, 
    "peer_stats": {
      "max": 3.0, 
      "mean": 1.0769230769230769, 
      "variance": 1.455621301775148, 
      "pvalue": 2.0950659073697855e-10, 
      "min": 0.0
    }, 
    "sync_blocks_recieved": {
      "max": 0.0, 
      "mean": 0.0, 
      "variance": 0.0, 
      "pvalue": 0.0003217089755012161, 
      "min": 0.0
    }, 
    "kvdb_bytes_write": {
      "max": 900009.4649999996, 
      "mean": 187362.52292857142, 
      "variance": 128659647719.9954, 
      "pvalue": 0.05099142653296225, 
      "min": 0.0
    }
  }, 
  "blockchaincache_size": {
    "metric": {
      "__name__": "blockchaincache_size", 
      "job": "openethereum", 
      "instance": "172.17.0.1:3033"
    }, 
    "values": [
      [
        1633969398, 
        "5175408"
      ], 
      [
        1633969413, 
        "5175408"
      ], 
      [
        1633969428, 
        "5175408"
      ], 
      [
        1633969443, 
        "5175408"
      ], 
      [
        1633969458, 
        "7234768"
      ], 
      [
        1633969473, 
        "6235464"
      ], 
      [
        1633969518, 
        "5893600"
      ], 
      [
        1633969533, 
        "5733344"
      ], 
      [
        1633969548, 
        "5733344"
      ], 
      [
        1633969563, 
        "5754992"
      ], 
      [
        1633969578, 
        "6282280"
      ], 
      [
        1633969593, 
        "6282280"
      ], 
      [
        1633969683, 
        "6400792"
      ]
    ]
  }, 
  "kvdb_bytes_read": {
    "metric": {
      "instance": "172.17.0.1:3033", 
      "job": "openethereum"
    }, 
    "values": [
      [
        1633969398, 
        "57820.62857142857"
      ], 
      [
        1633969413, 
        "0"
      ], 
      [
        1633969428, 
        "0"
      ], 
      [
        1633969443, 
        "0"
      ], 
      [
        1633969458, 
        "796297"
      ], 
      [
        1633969473, 
        "1071458.3"
      ], 
      [
        1633969518, 
        "534288.67488"
      ], 
      [
        1633969533, 
        "383648.36632"
      ], 
      [
        1633969548, 
        "0"
      ], 
      [
        1633969563, 
        "1016464"
      ], 
      [
        1633969578, 
        "672622.5774399999"
      ], 
      [
        1633969593, 
        "1168275.5"
      ]
    ]
  }, 
  "sync_blocks_highest": {
    "metric": {
      "instance": "172.17.0.1:3033", 
      "job": "openethereum"
    }, 
    "values": [
      [
        1633969398, 
        "0"
      ], 
      [
        1633969413, 
        "0"
      ], 
      [
        1633969428, 
        "0"
      ], 
      [
        1633969443, 
        "0"
      ], 
      [
        1633969458, 
        "0"
      ], 
      [
        1633969473, 
        "0"
      ], 
      [
        1633969518, 
        "0"
      ], 
      [
        1633969533, 
        "0"
      ], 
      [
        1633969548, 
        "0"
      ], 
      [
        1633969563, 
        "0"
      ], 
      [
        1633969578, 
        "0"
      ], 
      [
        1633969593, 
        "0"
      ]
    ]
  }, 
  "import_blocks": {
    "metric": {
      "instance": "172.17.0.1:3033", 
      "job": "openethereum"
    }, 
    "values": [
      [
        1633969398, 
        "0"
      ], 
      [
        1633969413, 
        "0"
      ], 
      [
        1633969428, 
        "0"
      ], 
      [
        1633969443, 
        "0"
      ], 
      [
        1633969458, 
        "0"
      ], 
      [
        1633969473, 
        "4.5"
      ], 
      [
        1633969518, 
        "1.9284"
      ], 
      [
        1633969533, 
        "0"
      ], 
      [
        1633969548, 
        "0"
      ], 
      [
        1633969563, 
        "4.5"
      ], 
      [
        1633969578, 
        "0"
      ], 
      [
        1633969593, 
        "0"
      ]
    ]
  }, 
  "peer_stats": {
    "metric": {
      "__name__": "net_peers", 
      "job": "openethereum", 
      "instance": "172.17.0.1:3033"
    }, 
    "values": [
      [
        1633969398, 
        "0"
      ], 
      [
        1633969413, 
        "0"
      ], 
      [
        1633969428, 
        "0"
      ], 
      [
        1633969443, 
        "0"
      ], 
      [
        1633969458, 
        "0"
      ], 
      [
        1633969473, 
        "1"
      ], 
      [
        1633969518, 
        "1"
      ], 
      [
        1633969533, 
        "1"
      ], 
      [
        1633969548, 
        "0"
      ], 
      [
        1633969563, 
        "3"
      ], 
      [
        1633969578, 
        "3"
      ], 
      [
        1633969593, 
        "3"
      ], 
      [
        1633969683, 
        "2"
      ]
    ]
  }, 
  "sync_blocks_recieved": {
    "metric": {
      "instance": "172.17.0.1:3033", 
      "job": "openethereum"
    }, 
    "values": [
      [
        1633969398, 
        "0"
      ], 
      [
        1633969413, 
        "0"
      ], 
      [
        1633969428, 
        "0"
      ], 
      [
        1633969443, 
        "0"
      ], 
      [
        1633969458, 
        "0"
      ], 
      [
        1633969473, 
        "0"
      ], 
      [
        1633969518, 
        "0"
      ], 
      [
        1633969533, 
        "0"
      ], 
      [
        1633969548, 
        "0"
      ], 
      [
        1633969563, 
        "0"
      ], 
      [
        1633969578, 
        "0"
      ], 
      [
        1633969593, 
        "0"
      ]
    ]
  }, 
  "kvdb_bytes_write": {
    "metric": {
      "instance": "172.17.0.1:3033", 
      "job": "openethereum"
    }, 
    "values": [
      [
        1633969398, 
        "0.2571428571428571"
      ], 
      [
        1633969413, 
        "0"
      ], 
      [
        1633969428, 
        "0"
      ], 
      [
        1633969443, 
        "0"
      ], 
      [
        1633969458, 
        "0"
      ], 
      [
        1633969473, 
        "1146712.9"
      ], 
      [
        1633969518, 
        "403475.91799999995"
      ], 
      [
        1633969533, 
        "0"
      ], 
      [
        1633969548, 
        "0"
      ], 
      [
        1633969563, 
        "698161.2"
      ], 
      [
        1633969578, 
        "0"
      ], 
      [
        1633969593, 
        "0"
      ]
    ]
  }
}