{
  "known_broadcasts": {
    "values": [
      [
        1633877655, 
        0.6032347511386054
      ], 
      [
        1633877670, 
        0.5641198568177365
      ], 
      [
        1633877685, 
        0.6146572884862529
      ], 
      [
        1633877700, 
        0.5427437785112721
      ], 
      [
        1633877715, 
        0.5931526332451131
      ], 
      [
        1633877730, 
        0.4896715784434642
      ], 
      [
        1633877745, 
        0.38268153010178235
      ], 
      [
        1633877760, 
        0.6104302713665802
      ], 
      [
        1633877775, 
        0.6045285639175141
      ], 
      [
        1633877790, 
        0.8997626117258111
      ], 
      [
        1633877805, 
        0.7303367779227348
      ], 
      [
        1633877820, 
        0.6627643011147545
      ], 
      [
        1633877835, 
        0.6487992234573094
      ], 
      [
        1633877850, 
        0.7174708624471805
      ], 
      [
        1633877865, 
        0.6752760675512559
      ], 
      [
        1633877880, 
        0.6283510829512986
      ], 
      [
        1633877895, 
        0.5182268991977922
      ], 
      [
        1633877910, 
        0.4821537704393998
      ], 
      [
        1633877925, 
        0.47768878064726117
      ], 
      [
        1633877940, 
        0.3977150188847668
      ]
    ], 
    "name": "geth.eth/fetcher/block/broadcasts/drop.meter", 
    "columns": [
      "time", 
      "mean"
    ]
  }, 
  "memory_used": {
    "values": [
      [
        1633877655, 
        1720046032
      ], 
      [
        1633877670, 
        1909487848
      ], 
      [
        1633877685, 
        1887395508
      ], 
      [
        1633877700, 
        1821027608
      ], 
      [
        1633877715, 
        2032934728
      ], 
      [
        1633877730, 
        1602632600
      ], 
      [
        1633877745, 
        1781000676
      ], 
      [
        1633877760, 
        1953639680
      ], 
      [
        1633877775, 
        1870733296
      ], 
      [
        1633877790, 
        1796471616
      ], 
      [
        1633877805, 
        2010606492
      ], 
      [
        1633877820, 
        1622407312
      ], 
      [
        1633877835, 
        1870712240
      ], 
      [
        1633877850, 
        2073990440
      ], 
      [
        1633877865, 
        1736954656
      ], 
      [
        1633877880, 
        1923378632
      ], 
      [
        1633877895, 
        1883072364
      ], 
      [
        1633877910, 
        1792699208
      ], 
      [
        1633877925, 
        1838666280
      ], 
      [
        1633877940, 
        1688807808
      ]
    ], 
    "name": "geth.system/memory/used.gauge", 
    "columns": [
      "time", 
      "mean"
    ]
  }, 
  "stat": {
    "known_broadcasts": {
      "max": 0.7388080696128887, 
      "mean": 0.5921882824183944, 
      "variance": 0.013651793992820885, 
      "pvalue": 0.046033352352223146, 
      "min": 0.39696334444561754
    }, 
    "memory_used": {
      "max": 2034987513.6, 
      "mean": 1840833251.2, 
      "variance": 1.556414354326248e+16, 
      "pvalue": 0.20883750516401356, 
      "min": 1621418576.4
    }, 
    "disk_write": {
      "max": 78225.4141029672, 
      "mean": 20028.149188729476, 
      "variance": 670797377.1198267, 
      "pvalue": 0.05331103680571481, 
      "min": 5879.626160832146
    }, 
    "disk_read": {
      "max": 22000890.768012714, 
      "mean": 19723633.240294676, 
      "variance": 14157806249892.38, 
      "pvalue": 0.007817931605398346, 
      "min": 17943009.807831112
    }, 
    "traffic_egress": {
      "max": 6114.8841599403095, 
      "mean": 3851.919592268902, 
      "variance": 1598182.735039951, 
      "pvalue": 0.33393693194918966, 
      "min": 2458.265740441025
    }, 
    "peer_stats": {
      "max": 51.0, 
      "mean": 50.375, 
      "variance": 0.171875, 
      "pvalue": 0.23167355055395256, 
      "min": 50.0
    }, 
    "traffic_ingress": {
      "max": 177175.94814316276, 
      "mean": 158871.9145792357, 
      "variance": 344329460.64753187, 
      "pvalue": 0.000742667299761152, 
      "min": 134361.9418750387
    }, 
    "known_announcements": {
      "max": 2.769434035716964, 
      "mean": 2.229769018935533, 
      "variance": 0.16881296643995045, 
      "pvalue": 0.06768477616582472, 
      "min": 1.610845831045238
    }
  }, 
  "disk_write": {
    "values": [
      [
        1633877655, 
        8070.687169727165
      ], 
      [
        1633877670, 
        8196.99862435604
      ], 
      [
        1633877685, 
        12189.05832483659
      ], 
      [
        1633877700, 
        13802.007423748726
      ], 
      [
        1633877715, 
        11039.52161790276
      ], 
      [
        1633877730, 
        8639.850615322748
      ], 
      [
        1633877745, 
        6854.3941434217695
      ], 
      [
        1633877760, 
        5895.663655017678
      ], 
      [
        1633877775, 
        5574.913771307019
      ], 
      [
        1633877790, 
        6862.6768571885395
      ], 
      [
        1633877805, 
        10504.779064723518
      ], 
      [
        1633877820, 
        13886.058651955764
      ], 
      [
        1633877835, 
        14390.560348443469
      ], 
      [
        1633877850, 
        13799.184728198052
      ], 
      [
        1633877865, 
        15832.824329729303
      ], 
      [
        1633877880, 
        16477.772949698363
      ], 
      [
        1633877895, 
        19270.15269155213
      ], 
      [
        1633877910, 
        19796.845453989863
      ], 
      [
        1633877925, 
        76390.51381699297
      ], 
      [
        1633877940, 
        113088.51953647705
      ]
    ], 
    "name": "geth.eth/db/chaindata/disk/write.meter", 
    "columns": [
      "time", 
      "mean"
    ]
  }, 
  "disk_read": {
    "values": [
      [
        1633877655, 
        18519597.04497852
      ], 
      [
        1633877670, 
        18632304.596630946
      ], 
      [
        1633877685, 
        19116264.316687867
      ], 
      [
        1633877700, 
        19751056.083293412
      ], 
      [
        1633877715, 
        19551321.67483718
      ], 
      [
        1633877730, 
        19134122.784155507
      ], 
      [
        1633877745, 
        18722846.87510015
      ], 
      [
        1633877760, 
        18240658.31673343
      ], 
      [
        1633877775, 
        17944306.91005516
      ], 
      [
        1633877790, 
        17918364.86557422
      ], 
      [
        1633877805, 
        18092808.61725483
      ], 
      [
        1633877820, 
        18395347.700278558
      ], 
      [
        1633877835, 
        18581790.914871164
      ], 
      [
        1633877850, 
        18835558.47430063
      ], 
      [
        1633877865, 
        18879001.56240418
      ], 
      [
        1633877880, 
        18888459.85554252
      ], 
      [
        1633877895, 
        19026520.433276366
      ], 
      [
        1633877910, 
        19151520.18361683
      ], 
      [
        1633877925, 
        21273722.320219554
      ], 
      [
        1633877940, 
        35817091.27608257
      ]
    ], 
    "name": "geth.eth/db/chaindata/disk/read.meter", 
    "columns": [
      "time", 
      "mean"
    ]
  },