{
  "known_broadcasts": {
    "values": [
      [
        1633877355, 
        0.5526571621482816
      ], 
      [
        1633877370, 
        0.450912064415394
      ], 
      [
        1633877385, 
        0.3931403659356102
      ], 
      [
        1633877400, 
        0.30511797419494063
      ], 
      [
        1633877415, 
        0.2832285889170141
      ], 
      [
        1633877430, 
        0.2755816049878389
      ], 
      [
        1633877445, 
        0.44126968647801307
      ], 
      [
        1633877460, 
        0.4208165373788087
      ], 
      [
        1633877475, 
        0.4032221034352258
      ], 
      [
        1633877490, 
        0.49147278380856685
      ], 
      [
        1633877505, 
        0.47517305671840004
      ], 
      [
        1633877520, 
        0.5010439359106169
      ], 
      [
        1633877535, 
        0.4439026461381668
      ], 
      [
        1633877550, 
        0.513632583734056
      ], 
      [
        1633877565, 
        0.8145935461114986
      ], 
      [
        1633877580, 
        0.8115294949121545
      ], 
      [
        1633877595, 
        0.8173818135013045
      ], 
      [
        1633877610, 
        0.8325691514554617
      ], 
      [
        1633877625, 
        0.7828325146387535
      ], 
      [
        1633877640, 
        0.7356149554122857
      ]
    ], 
    "name": "geth.eth/fetcher/block/broadcasts/drop.meter", 
    "columns": [
      "time", 
      "mean"
    ]
  }, 
  "memory_used": {
    "values": [
      [
        1633877355, 
        1767851904
      ], 
      [
        1633877370, 
        1709448440
      ], 
      [
        1633877385, 
        1918737580
      ], 
      [
        1633877400, 
        1577991528
      ], 
      [
        1633877415, 
        1762381792
      ], 
      [
        1633877430, 
        2003195056
      ], 
      [
        1633877445, 
        1658460508
      ], 
      [
        1633877460, 
        1886996736
      ], 
      [
        1633877475, 
        1781371240
      ], 
      [
        1633877490, 
        1739529248
      ], 
      [
        1633877505, 
        1930499564
      ], 
      [
        1633877520, 
        1574888952
      ], 
      [
        1633877535, 
        1738429468
      ], 
      [
        1633877550, 
        1968426992
      ], 
      [
        1633877565, 
        1605285792
      ], 
      [
        1633877580, 
        1828929176
      ], 
      [
        1633877595, 
        2004306888
      ], 
      [
        1633877610, 
        1684614736
      ], 
      [
        1633877625, 
        1880704436
      ], 
      [
        1633877640, 
        2111826920
      ]
    ], 
    "name": "geth.system/memory/used.gauge", 
    "columns": [
      "time", 
      "mean"
    ]
  }, 
  "stat": {
    "known_broadcasts": {
      "max": 0.8181411803990123, 
      "mean": 0.5372846285116195, 
      "variance": 0.03450504851538585, 
      "pvalue": 0.0028648312460242287, 
      "min": 0.28284623972055534
    }, 
    "memory_used": {
      "max": 2009682889.6, 
      "mean": 1806693847.8, 
      "variance": 2.217253951527862e+16, 
      "pvalue": 0.3647172225469141, 
      "min": 1577836399.2
    }, 
    "disk_write": {
      "max": 8004.765838242702, 
      "mean": 5235.128564773074, 
      "variance": 4085242.215094579, 
      "pvalue": 9.612367454594053e-09, 
      "min": 2271.9950590050626
    }, 
    "disk_read": {
      "max": 22397956.795856107, 
      "mean": 20183210.36211702, 
      "variance": 2353321511536.6606, 
      "pvalue": 0.33486880902802324, 
      "min": 18560249.714241177
    }, 
    "traffic_egress": {
      "max": 3269.4229334406436, 
      "mean": 2627.226337536543, 
      "variance": 129993.21537478096, 
      "pvalue": 4.2282144556934645e-08, 
      "min": 2030.163131647042
    }, 
    "peer_stats": {
      "max": 51.0, 
      "mean": 50.425, 
      "variance": 0.20687499999999992, 
      "pvalue": 0.3541681452964393, 
      "min": 50.0
    }, 
    "traffic_ingress": {
      "max": 181056.77142727937, 
      "mean": 156666.53235246745, 
      "variance": 420897795.6451851, 
      "pvalue": 0.0015067409867605109, 
      "min": 125662.18311899054
    }, 
    "known_announcements": {
      "max": 3.5641376141022043, 
      "mean": 2.127582311077256, 
      "variance": 0.8289022955847833, 
      "pvalue": 0.2787735807544, 
      "min": 1.0041261627633027
    }
  }, 
  "disk_write": {
    "values": [
      [
        1633877355, 
        2622.5655800060586
      ], 
      [
        1633877370, 
        2078.109938655946
      ], 
      [
        1633877385, 
        2282.199539023437
      ], 
      [
        1633877400, 
        2784.7377507206456
      ], 
      [
        1633877415, 
        3109.350514471881
      ], 
      [
        1633877430, 
        3455.718206897205
      ], 
      [
        1633877445, 
        3881.3565597257243
      ], 
      [
        1633877460, 
        4279.929452228489
      ], 
      [
        1633877475, 
        5018.726428045942
      ], 
      [
        1633877490, 
        5392.065114349305
      ], 
      [
        1633877505, 
        6114.292885999922
      ], 
      [
        1633877520, 
        5831.758351733392
      ], 
      [
        1633877535, 
        5803.556131173229
      ], 
      [
        1633877550, 
        5905.526804816322
      ], 
      [
        1633877565, 
        6606.810621218281
      ], 
      [
        1633877580, 
        7769.871047278138
      ], 
      [
        1633877595, 
        7910.686649523366
      ], 
      [
        1633877610, 
        8228.774494342088
      ], 
      [
        1633877625, 
        7992.975908974313
      ], 
      [
        1633877640, 
        7633.559316277788
      ]
    ], 
    "name": "geth.eth/db/chaindata/disk/write.meter", 
    "columns": [
      "time", 
      "mean"
    ]
  }, 
  "disk_read": {
    "values": [
      [
        1633877355, 
        24044571.867270857
      ], 
      [
        1633877370, 
        22311292.844729014
      ], 
      [
        1633877385, 
        22088598.419942684
      ], 
      [
        1633877400, 
        21825448.363657426
      ], 
      [
        1633877415, 
        21392727.88318723
      ], 
      [
        1633877430, 
        21246650.28541703
      ], 
      [
        1633877445, 
        20891049.508272547
      ], 
      [
        1633877460, 
        20592723.962567665
      ], 
      [
        1633877475, 
        20250632.859407708
      ], 
      [
        1633877490, 
        20015654.431772225
      ], 
      [
        1633877505, 
        19747218.46194447
      ], 
      [
        1633877520, 
        19339480.753764715
      ], 
      [
        1633877535, 
        19216766.02750391
      ], 
      [
        1633877550, 
        18975161.81653085
      ], 
      [
        1633877565, 
        18826201.15248518
      ], 
      [
        1633877580, 
        18609894.183913194
      ], 
      [
        1633877595, 
        18564718.14817621
      ], 
      [
        1633877610, 
        18475349.469475567
      ], 
      [
        1633877625, 
        18642902.19127043
      ], 
      [
        1633877640, 
        18607164.611051477
      ]
    ], 
    "name": "geth.eth/db/chaindata/disk/read.meter", 
    "columns": [
      "time", 
      "mean"
    ]
  },